day,hour,num_trips
2022-01-01,0,458
2022-01-01,1,604
2022-01-01,2,612
2022-01-01,3,433
2022-01-01,4,262
2022-01-01,5,121
2022-01-01,6,138
2022-01-01,7,136
2022-01-01,8,182
2022-01-01,9,250
2022-01-01,10,323
2022-01-01,11,400
2022-01-01,12,446
2022-01-01,13,435
2022-01-01,14,431
2022-01-01,15,378
2022-01-01,16,354
2022-01-01,17,355
2022-01-01,18,323
2022-01-01,19,330
2022-01-01,20,296
2022-01-01,21,270
2022-01-01,22,242
2022-01-01,23,160
2022-01-02,0,144
2022-01-02,1,105
2022-01-02,2,79
2022-01-02,3,83
2022-01-02,4,65
2022-01-02,5,77
2022-01-02,6,116
2022-01-02,7,148
2022-01-02,8,203
2022-01-02,9,326
2022-01-02,10,507
2022-01-02,11,560
2022-01-02,12,521
2022-01-02,13,575
2022-01-02,14,562
2022-01-02,15,627
2022-01-02,16,617
2022-01-02,17,640
2022-01-02,18,624
2022-01-02,19,603
2022-01-02,20,584
2022-01-02,21,531
2022-01-02,22,414
2022-01-02,23,320
2022-01-03,0,244
2022-01-03,1,216
2022-01-03,2,166
2022-01-03,3,123
2022-01-03,4,94
2022-01-03,5,136
2022-01-03,6,222
2022-01-03,7,336
2022-01-03,8,497
2022-01-03,9,605
2022-01-03,10,664
2022-01-03,11,718
2022-01-03,12,790
2022-01-03,13,742
2022-01-03,14,820
2022-01-03,15,822
2022-01-03,16,711
2022-01-03,17,742
2022-01-03,18,684
2022-01-03,19,591
2022-01-03,20,480
2022-01-03,21,336
2022-01-03,22,271
2022-01-03,23,204
2022-01-04,0,205
2022-01-04,1,178
2022-01-04,2,114
2022-01-04,3,88
2022-01-04,4,66
2022-01-04,5,96
2022-01-04,6,172
2022-01-04,7,362
2022-01-04,8,512
2022-01-04,9,582
2022-01-04,10,640
2022-01-04,11,655
2022-01-04,12,680
2022-01-04,13,774
2022-01-04,14,771
2022-01-04,15,759
2022-01-04,16,726
2022-01-04,17,745
2022-01-04,18,598
2022-01-04,19,563
2022-01-04,20,457
2022-01-04,21,297
2022-01-04,22,196
2022-01-04,23,204
2022-01-05,0,166
2022-01-05,1,141
2022-01-05,2,49
2022-01-05,3,27
2022-01-05,4,53
2022-01-05,5,89
2022-01-05,6,162
2022-01-05,7,331
2022-01-05,8,528
2022-01-05,9,575
2022-01-05,10,637
2022-01-05,11,666
2022-01-05,12,732
2022-01-05,13,719
2022-01-05,14,758
2022-01-05,15,721
2022-01-05,16,739
2022-01-05,17,788
2022-01-05,18,619
2022-01-05,19,533
2022-01-05,20,386
2022-01-05,21,281
2022-01-05,22,234
2022-01-05,23,190
2022-01-06,0,117
2022-01-06,1,78
2022-01-06,2,47
2022-01-06,3,41
2022-01-06,4,32
2022-01-06,5,73
2022-01-06,6,152
2022-01-06,7,324
2022-01-06,8,512
2022-01-06,9,526
2022-01-06,10,635
2022-01-06,11,652
2022-01-06,12,718
2022-01-06,13,716
2022-01-06,14,716
2022-01-06,15,735
2022-01-06,16,714
2022-01-06,17,798
2022-01-06,18,648
2022-01-06,19,584
2022-01-06,20,397
2022-01-06,21,284
2022-01-06,22,270
2022-01-06,23,225
2022-01-07,0,150
2022-01-07,1,80
2022-01-07,2,63
2022-01-07,3,53
2022-01-07,4,60
2022-01-07,5,94
2022-01-07,6,153
2022-01-07,7,321
2022-01-07,8,461
2022-01-07,9,517
2022-01-07,10,559
2022-01-07,11,582
2022-01-07,12,619
2022-01-07,13,666
2022-01-07,14,732
2022-01-07,15,740
2022-01-07,16,754
2022-01-07,17,770
2022-01-07,18,692
2022-01-07,19,559
2022-01-07,20,439
2022-01-07,21,332
2022-01-07,22,293
2022-01-07,23,228
2022-01-08,0,197
2022-01-08,1,197
2022-01-08,2,157
2022-01-08,3,97
2022-01-08,4,90
2022-01-08,5,71
2022-01-08,6,104
2022-01-08,7,144
2022-01-08,8,179
2022-01-08,9,272
2022-01-08,10,411
2022-01-08,11,497
2022-01-08,12,519
2022-01-08,13,547
2022-01-08,14,527
2022-01-08,15,534
2022-01-08,16,529
2022-01-08,17,559
2022-01-08,18,465
2022-01-08,19,453
2022-01-08,20,442
2022-01-08,21,426
2022-01-08,22,424
2022-01-08,23,366
2022-01-09,0,296
2022-01-09,1,253
2022-01-09,2,186
2022-01-09,3,157
2022-01-09,4,89
2022-01-09,5,91
2022-01-09,6,102
2022-01-09,7,151
2022-01-09,8,209
2022-01-09,9,231
2022-01-09,10,334
2022-01-09,11,373
2022-01-09,12,397
2022-01-09,13,409
2022-01-09,14,429
2022-01-09,15,476
2022-01-09,16,467
2022-01-09,17,464
2022-01-09,18,429
2022-01-09,19,393
2022-01-09,20,396
2022-01-09,21,265
2022-01-09,22,252
2022-01-09,23,207
2022-01-10,0,177
2022-01-10,1,107
2022-01-10,2,49
2022-01-10,3,45
2022-01-10,4,58
2022-01-10,5,93
2022-01-10,6,181
2022-01-10,7,326
2022-01-10,8,522
2022-01-10,9,585
2022-01-10,10,601
2022-01-10,11,605
2022-01-10,12,628
2022-01-10,13,682
2022-01-10,14,734
2022-01-10,15,688
2022-01-10,16,698
2022-01-10,17,750
2022-01-10,18,672
2022-01-10,19,496
2022-01-10,20,318
2022-01-10,21,250
2022-01-10,22,179
2022-01-10,23,183
2022-01-11,0,132
2022-01-11,1,61
2022-01-11,2,35
2022-01-11,3,36
2022-01-11,4,45
2022-01-11,5,87
2022-01-11,6,159
2022-01-11,7,327
2022-01-11,8,555
2022-01-11,9,584
2022-01-11,10,617
2022-01-11,11,664
2022-01-11,12,706
2022-01-11,13,700
2022-01-11,14,718
2022-01-11,15,707
2022-01-11,16,684
2022-01-11,17,709
2022-01-11,18,573
2022-01-11,19,455
2022-01-11,20,326
2022-01-11,21,251
2022-01-11,22,203
2022-01-11,23,161
2022-01-12,0,96
2022-01-12,1,60
2022-01-12,2,39
2022-01-12,3,21
2022-01-12,4,42
2022-01-12,5,80
2022-01-12,6,171
2022-01-12,7,360
2022-01-12,8,515
2022-01-12,9,604
2022-01-12,10,636
2022-01-12,11,689
2022-01-12,12,683
2022-01-12,13,763
2022-01-12,14,740
2022-01-12,15,699
2022-01-12,16,716
2022-01-12,17,740
2022-01-12,18,598
2022-01-12,19,523
2022-01-12,20,384
2022-01-12,21,300
2022-01-12,22,222
2022-01-12,23,196
2022-01-13,0,125
2022-01-13,1,60
2022-01-13,2,32
2022-01-13,3,30
2022-01-13,4,30
2022-01-13,5,79
2022-01-13,6,167
2022-01-13,7,350
2022-01-13,8,488
2022-01-13,9,588
2022-01-13,10,609
2022-01-13,11,678
2022-01-13,12,738
2022-01-13,13,789
2022-01-13,14,758
2022-01-13,15,811
2022-01-13,16,736
2022-01-13,17,773
2022-01-13,18,676
2022-01-13,19,564
2022-01-13,20,438
2022-01-13,21,330
2022-01-13,22,278
2022-01-13,23,214
2022-01-14,0,142
2022-01-14,1,81
2022-01-14,2,49
2022-01-14,3,57
2022-01-14,4,62
2022-01-14,5,99
2022-01-14,6,166
2022-01-14,7,308
2022-01-14,8,457
2022-01-14,9,515
2022-01-14,10,631
2022-01-14,11,650
2022-01-14,12,719
2022-01-14,13,740
2022-01-14,14,802
2022-01-14,15,823
2022-01-14,16,772
2022-01-14,17,825
2022-01-14,18,855
2022-01-14,19,657
2022-01-14,20,532
2022-01-14,21,490
2022-01-14,22,387
2022-01-14,23,280
2022-01-15,0,237
2022-01-15,1,261
2022-01-15,2,182
2022-01-15,3,137
2022-01-15,4,101
2022-01-15,5,80
2022-01-15,6,121
2022-01-15,7,136
2022-01-15,8,203
2022-01-15,9,273
2022-01-15,10,385
2022-01-15,11,448
2022-01-15,12,490
2022-01-15,13,538
2022-01-15,14,552
2022-01-15,15,578
2022-01-15,16,585
2022-01-15,17,594
2022-01-15,18,528
2022-01-15,19,521
2022-01-15,20,408
2022-01-15,21,382
2022-01-15,22,378
2022-01-15,23,318
2022-01-16,0,276
2022-01-16,1,232
2022-01-16,2,187
2022-01-16,3,139
2022-01-16,4,115
2022-01-16,5,73
2022-01-16,6,101
2022-01-16,7,148
2022-01-16,8,194
2022-01-16,9,232
2022-01-16,10,289
2022-01-16,11,358
2022-01-16,12,391
2022-01-16,13,469
2022-01-16,14,493
2022-01-16,15,472
2022-01-16,16,518
2022-01-16,17,517
2022-01-16,18,408
2022-01-16,19,416
2022-01-16,20,369
2022-01-16,21,328
2022-01-16,22,284
2022-01-16,23,201
2022-01-17,0,180
2022-01-17,1,126
2022-01-17,2,78
2022-01-17,3,47
2022-01-17,4,63
2022-01-17,5,81
2022-01-17,6,120
2022-01-17,7,247
2022-01-17,8,350
2022-01-17,9,439
2022-01-17,10,562
2022-01-17,11,581
2022-01-17,12,632
2022-01-17,13,653
2022-01-17,14,642
2022-01-17,15,679
2022-01-17,16,686
2022-01-17,17,679
2022-01-17,18,562
2022-01-17,19,562
2022-01-17,20,464
2022-01-17,21,286
2022-01-17,22,233
2022-01-17,23,190
2022-01-18,0,127
2022-01-18,1,96
2022-01-18,2,66
2022-01-18,3,31
2022-01-18,4,36
2022-01-18,5,91
2022-01-18,6,171
2022-01-18,7,379
2022-01-18,8,585
2022-01-18,9,664
2022-01-18,10,688
2022-01-18,11,767
2022-01-18,12,776
2022-01-18,13,775
2022-01-18,14,771
2022-01-18,15,747
2022-01-18,16,784
2022-01-18,17,780
2022-01-18,18,647
2022-01-18,19,531
2022-01-18,20,409
2022-01-18,21,247
2022-01-18,22,222
2022-01-18,23,177
2022-01-19,0,124
2022-01-19,1,54
2022-01-19,2,34
2022-01-19,3,31
2022-01-19,4,48
2022-01-19,5,83
2022-01-19,6,205
2022-01-19,7,362
2022-01-19,8,585
2022-01-19,9,659
2022-01-19,10,681
2022-01-19,11,667
2022-01-19,12,786
2022-01-19,13,713
2022-01-19,14,800
2022-01-19,15,812
2022-01-19,16,809
2022-01-19,17,802
2022-01-19,18,737
2022-01-19,19,608
2022-01-19,20,450
2022-01-19,21,323
2022-01-19,22,280
2022-01-19,23,200
2022-01-20,0,142
2022-01-20,1,83
2022-01-20,2,42
2022-01-20,3,40
2022-01-20,4,47
2022-01-20,5,93
2022-01-20,6,179
2022-01-20,7,412
2022-01-20,8,658
2022-01-20,9,697
2022-01-20,10,656
2022-01-20,11,676
2022-01-20,12,715
2022-01-20,13,732
2022-01-20,14,784
2022-01-20,15,771
2022-01-20,16,761
2022-01-20,17,921
2022-01-20,18,805
2022-01-20,19,663
2022-01-20,20,490
2022-01-20,21,407
2022-01-20,22,331
2022-01-20,23,256
2022-01-21,0,167
2022-01-21,1,99
2022-01-21,2,53
2022-01-21,3,49
2022-01-21,4,57
2022-01-21,5,83
2022-01-21,6,181
2022-01-21,7,390
2022-01-21,8,557
2022-01-21,9,622
2022-01-21,10,627
2022-01-21,11,703
2022-01-21,12,720
2022-01-21,13,711
2022-01-21,14,800
2022-01-21,15,830
2022-01-21,16,807
2022-01-21,17,855
2022-01-21,18,826
2022-01-21,19,768
2022-01-21,20,539
2022-01-21,21,365
2022-01-21,22,366
2022-01-21,23,313
2022-01-22,0,258
2022-01-22,1,218
2022-01-22,2,186
2022-01-22,3,139
2022-01-22,4,127
2022-01-22,5,82
2022-01-22,6,90
2022-01-22,7,143
2022-01-22,8,213
2022-01-22,9,307
2022-01-22,10,414
2022-01-22,11,494
2022-01-22,12,477
2022-01-22,13,528
2022-01-22,14,569
2022-01-22,15,585
2022-01-22,16,586
2022-01-22,17,574
2022-01-22,18,601
2022-01-22,19,543
2022-01-22,20,467
2022-01-22,21,310
2022-01-22,22,302
2022-01-22,23,343
2022-01-23,0,358
2022-01-23,1,303
2022-01-23,2,219
2022-01-23,3,148
2022-01-23,4,110
2022-01-23,5,88
2022-01-23,6,89
2022-01-23,7,154
2022-01-23,8,189
2022-01-23,9,237
2022-01-23,10,322
2022-01-23,11,356
2022-01-23,12,415
2022-01-23,13,504
2022-01-23,14,497
2022-01-23,15,461
2022-01-23,16,442
2022-01-23,17,502
2022-01-23,18,494
2022-01-23,19,488
2022-01-23,20,435
2022-01-23,21,434
2022-01-23,22,316
2022-01-23,23,259
2022-01-24,0,207
2022-01-24,1,136
2022-01-24,2,59
2022-01-24,3,39
2022-01-24,4,64
2022-01-24,5,104
2022-01-24,6,207
2022-01-24,7,384
2022-01-24,8,544
2022-01-24,9,623
2022-01-24,10,668
2022-01-24,11,688
2022-01-24,12,735
2022-01-24,13,709
2022-01-24,14,799
2022-01-24,15,805
2022-01-24,16,796
2022-01-24,17,836
2022-01-24,18,729
2022-01-24,19,566
2022-01-24,20,406
2022-01-24,21,305
2022-01-24,22,241
2022-01-24,23,170
2022-01-25,0,108
2022-01-25,1,72
2022-01-25,2,43
2022-01-25,3,31
2022-01-25,4,42
2022-01-25,5,95
2022-01-25,6,231
2022-01-25,7,473
2022-01-25,8,692
2022-01-25,9,751
2022-01-25,10,625
2022-01-25,11,675
2022-01-25,12,710
2022-01-25,13,741
2022-01-25,14,749
2022-01-25,15,788
2022-01-25,16,826
2022-01-25,17,910
2022-01-25,18,825
2022-01-25,19,632
2022-01-25,20,401
2022-01-25,21,312
2022-01-25,22,246
2022-01-25,23,165
2022-01-26,0,118
2022-01-26,1,46
2022-01-26,2,34
2022-01-26,3,28
2022-01-26,4,42
2022-01-26,5,103
2022-01-26,6,229
2022-01-26,7,515
2022-01-26,8,760
2022-01-26,9,717
2022-01-26,10,694
2022-01-26,11,638
2022-01-26,12,740
2022-01-26,13,733
2022-01-26,14,761
2022-01-26,15,739
2022-01-26,16,871
2022-01-26,17,954
2022-01-26,18,879
2022-01-26,19,694
2022-01-26,20,464
2022-01-26,21,371
2022-01-26,22,297
2022-01-26,23,190
2022-01-27,0,113
2022-01-27,1,61
2022-01-27,2,45
2022-01-27,3,44
2022-01-27,4,53
2022-01-27,5,99
2022-01-27,6,228
2022-01-27,7,443
2022-01-27,8,665
2022-01-27,9,725
2022-01-27,10,671
2022-01-27,11,774
2022-01-27,12,768
2022-01-27,13,761
2022-01-27,14,836
2022-01-27,15,894
2022-01-27,16,949
2022-01-27,17,1076
2022-01-27,18,934
2022-01-27,19,763
2022-01-27,20,569
2022-01-27,21,475
2022-01-27,22,372
2022-01-27,23,274
2022-01-28,0,175
2022-01-28,1,100
2022-01-28,2,52
2022-01-28,3,46
2022-01-28,4,52
2022-01-28,5,106
2022-01-28,6,185
2022-01-28,7,386
2022-01-28,8,573
2022-01-28,9,597
2022-01-28,10,607
2022-01-28,11,624
2022-01-28,12,725
2022-01-28,13,739
2022-01-28,14,758
2022-01-28,15,825
2022-01-28,16,925
2022-01-28,17,1022
2022-01-28,18,1032
2022-01-28,19,1066
2022-01-28,20,710
2022-01-28,21,570
2022-01-28,22,516
2022-01-28,23,425
2022-01-29,0,385
2022-01-29,1,357
2022-01-29,2,241
2022-01-29,3,172
2022-01-29,4,116
2022-01-29,5,101
2022-01-29,6,105
2022-01-29,7,154
2022-01-29,8,239
2022-01-29,9,315
2022-01-29,10,449
2022-01-29,11,500
2022-01-29,12,547
2022-01-29,13,552
2022-01-29,14,549
2022-01-29,15,594
2022-01-29,16,619
2022-01-29,17,646
2022-01-29,18,644
2022-01-29,19,648
2022-01-29,20,463
2022-01-29,21,355
2022-01-29,22,407
2022-01-29,23,452
2022-01-30,0,376
2022-01-30,1,335
2022-01-30,2,307
2022-01-30,3,169
2022-01-30,4,126
2022-01-30,5,97
2022-01-30,6,119
2022-01-30,7,152
2022-01-30,8,168
2022-01-30,9,242
2022-01-30,10,330
2022-01-30,11,347
2022-01-30,12,432
2022-01-30,13,519
2022-01-30,14,550
2022-01-30,15,486
2022-01-30,16,438
2022-01-30,17,509
2022-01-30,18,542
2022-01-30,19,536
2022-01-30,20,464
2022-01-30,21,381
2022-01-30,22,281
2022-01-30,23,241
2022-01-31,0,208
2022-01-31,1,142
2022-01-31,2,56
2022-01-31,3,37
2022-01-31,4,63
2022-01-31,5,106
2022-01-31,6,244
2022-01-31,7,463
2022-01-31,8,654
2022-01-31,9,670
2022-01-31,10,726
2022-01-31,11,720
2022-01-31,12,781
2022-01-31,13,765
2022-01-31,14,814
2022-01-31,15,873
2022-01-31,16,865
2022-01-31,17,859
2022-01-31,18,775
2022-01-31,19,640
2022-01-31,20,434
2022-01-31,21,335
2022-01-31,22,231
2022-01-31,23,179
2022-02-01,0,130
2022-02-01,1,75
2022-02-01,2,49
2022-02-01,3,40
2022-02-01,4,50
2022-02-01,5,88
2022-02-01,6,200
2022-02-01,7,468
2022-02-01,8,704
2022-02-01,9,775
2022-02-01,10,752
2022-02-01,11,835
2022-02-01,12,831
2022-02-01,13,901
2022-02-01,14,943
2022-02-01,15,940
2022-02-01,16,1053
2022-02-01,17,989
2022-02-01,18,948
2022-02-01,19,660
2022-02-01,20,456
2022-02-01,21,325
2022-02-01,22,278
2022-02-01,23,208
2022-02-02,0,127
2022-02-02,1,51
2022-02-02,2,28
2022-02-02,3,22
2022-02-02,4,40
2022-02-02,5,83
2022-02-02,6,144
2022-02-02,7,270
2022-02-02,8,369
2022-02-02,9,323
2022-02-02,10,389
2022-02-02,11,392
2022-02-02,12,419
2022-02-02,13,399
2022-02-02,14,445
2022-02-02,15,488
2022-02-02,16,435
2022-02-02,17,540
2022-02-02,18,592
2022-02-02,19,509
2022-02-02,20,402
2022-02-02,21,355
2022-02-02,22,348
2022-02-02,23,259
2022-02-03,0,153
2022-02-03,1,73
2022-02-03,2,44
2022-02-03,3,41
2022-02-03,4,44
2022-02-03,5,88
2022-02-03,6,208
2022-02-03,7,415
2022-02-03,8,584
2022-02-03,9,601
2022-02-03,10,606
2022-02-03,11,649
2022-02-03,12,668
2022-02-03,13,654
2022-02-03,14,679
2022-02-03,15,821
2022-02-03,16,869
2022-02-03,17,951
2022-02-03,18,870
2022-02-03,19,728
2022-02-03,20,481
2022-02-03,21,437
2022-02-03,22,390
2022-02-03,23,311
2022-02-04,0,206
2022-02-04,1,98
2022-02-04,2,75
2022-02-04,3,36
2022-02-04,4,65
2022-02-04,5,113
2022-02-04,6,235
2022-02-04,7,467
2022-02-04,8,683
2022-02-04,9,716
2022-02-04,10,660
2022-02-04,11,745
2022-02-04,12,751
2022-02-04,13,792
2022-02-04,14,888
2022-02-04,15,996
2022-02-04,16,1005
2022-02-04,17,1140
2022-02-04,18,1197
2022-02-04,19,1124
2022-02-04,20,799
2022-02-04,21,549
2022-02-04,22,565
2022-02-04,23,514
2022-02-05,0,421
2022-02-05,1,366
2022-02-05,2,247
2022-02-05,3,163
2022-02-05,4,126
2022-02-05,5,90
2022-02-05,6,130
2022-02-05,7,170
2022-02-05,8,227
2022-02-05,9,327
2022-02-05,10,463
2022-02-05,11,545
2022-02-05,12,585
2022-02-05,13,698
2022-02-05,14,630
2022-02-05,15,672
2022-02-05,16,659
2022-02-05,17,766
2022-02-05,18,881
2022-02-05,19,932
2022-02-05,20,622
2022-02-05,21,439
2022-02-05,22,507
2022-02-05,23,541
2022-02-06,0,515
2022-02-06,1,402
2022-02-06,2,330
2022-02-06,3,207
2022-02-06,4,134
2022-02-06,5,120
2022-02-06,6,123
2022-02-06,7,166
2022-02-06,8,223
2022-02-06,9,290
2022-02-06,10,350
2022-02-06,11,426
2022-02-06,12,496
2022-02-06,13,534
2022-02-06,14,558
2022-02-06,15,537
2022-02-06,16,512
2022-02-06,17,569
2022-02-06,18,566
2022-02-06,19,576
2022-02-06,20,476
2022-02-06,21,355
2022-02-06,22,307
2022-02-06,23,250
2022-02-07,0,206
2022-02-07,1,146
2022-02-07,2,95
2022-02-07,3,58
2022-02-07,4,84
2022-02-07,5,103
2022-02-07,6,219
2022-02-07,7,513
2022-02-07,8,724
2022-02-07,9,737
2022-02-07,10,782
2022-02-07,11,766
2022-02-07,12,792
2022-02-07,13,765
2022-02-07,14,814
2022-02-07,15,844
2022-02-07,16,937
2022-02-07,17,949
2022-02-07,18,840
2022-02-07,19,687
2022-02-07,20,475
2022-02-07,21,354
2022-02-07,22,303
2022-02-07,23,205
2022-02-08,0,157
2022-02-08,1,84
2022-02-08,2,42
2022-02-08,3,30
2022-02-08,4,50
2022-02-08,5,91
2022-02-08,6,214
2022-02-08,7,457
2022-02-08,8,760
2022-02-08,9,787
2022-02-08,10,758
2022-02-08,11,770
2022-02-08,12,906
2022-02-08,13,826
2022-02-08,14,869
2022-02-08,15,956
2022-02-08,16,995
2022-02-08,17,1005
2022-02-08,18,918
2022-02-08,19,735
2022-02-08,20,515
2022-02-08,21,382
2022-02-08,22,328
2022-02-08,23,251
2022-02-09,0,122
2022-02-09,1,65
2022-02-09,2,38
2022-02-09,3,37
2022-02-09,4,48
2022-02-09,5,97
2022-02-09,6,227
2022-02-09,7,478
2022-02-09,8,765
2022-02-09,9,789
2022-02-09,10,742
2022-02-09,11,792
2022-02-09,12,820
2022-02-09,13,879
2022-02-09,14,864
2022-02-09,15,898
2022-02-09,16,981
2022-02-09,17,1023
2022-02-09,18,929
2022-02-09,19,768
2022-02-09,20,544
2022-02-09,21,394
2022-02-09,22,322
2022-02-09,23,229
2022-02-10,0,162
2022-02-10,1,82
2022-02-10,2,47
2022-02-10,3,40
2022-02-10,4,48
2022-02-10,5,99
2022-02-10,6,229
2022-02-10,7,468
2022-02-10,8,735
2022-02-10,9,723
2022-02-10,10,762
2022-02-10,11,813
2022-02-10,12,865
2022-02-10,13,846
2022-02-10,14,939
2022-02-10,15,940
2022-02-10,16,988
2022-02-10,17,1105
2022-02-10,18,1062
2022-02-10,19,925
2022-02-10,20,603
2022-02-10,21,465
2022-02-10,22,446
2022-02-10,23,308
2022-02-11,0,211
2022-02-11,1,115
2022-02-11,2,65
2022-02-11,3,54
2022-02-11,4,60
2022-02-11,5,101
2022-02-11,6,212
2022-02-11,7,463
2022-02-11,8,668
2022-02-11,9,669
2022-02-11,10,734
2022-02-11,11,787
2022-02-11,12,790
2022-02-11,13,816
2022-02-11,14,912
2022-02-11,15,980
2022-02-11,16,1041
2022-02-11,17,1078
2022-02-11,18,1203
2022-02-11,19,1081
2022-02-11,20,690
2022-02-11,21,549
2022-02-11,22,544
2022-02-11,23,454
2022-02-12,0,405
2022-02-12,1,376
2022-02-12,2,269
2022-02-12,3,164
2022-02-12,4,131
2022-02-12,5,81
2022-02-12,6,116
2022-02-12,7,157
2022-02-12,8,252
2022-02-12,9,320
2022-02-12,10,455
2022-02-12,11,550
2022-02-12,12,624
2022-02-12,13,669
2022-02-12,14,671
2022-02-12,15,682
2022-02-12,16,699
2022-02-12,17,805
2022-02-12,18,843
2022-02-12,19,733
2022-02-12,20,605
2022-02-12,21,484
2022-02-12,22,536
2022-02-12,23,477
2022-02-13,0,450
2022-02-13,1,318
2022-02-13,2,240
2022-02-13,3,181
2022-02-13,4,147
2022-02-13,5,104
2022-02-13,6,124
2022-02-13,7,163
2022-02-13,8,189
2022-02-13,9,288
2022-02-13,10,411
2022-02-13,11,455
2022-02-13,12,531
2022-02-13,13,526
2022-02-13,14,628
2022-02-13,15,686
2022-02-13,16,771
2022-02-13,17,801
2022-02-13,18,641
2022-02-13,19,490
2022-02-13,20,465
2022-02-13,21,481
2022-02-13,22,487
2022-02-13,23,255
2022-02-14,0,200
2022-02-14,1,146
2022-02-14,2,79
2022-02-14,3,50
2022-02-14,4,83
2022-02-14,5,109
2022-02-14,6,269
2022-02-14,7,496
2022-02-14,8,704
2022-02-14,9,753
2022-02-14,10,823
2022-02-14,11,784
2022-02-14,12,808
2022-02-14,13,818
2022-02-14,14,861
2022-02-14,15,936
2022-02-14,16,1000
2022-02-14,17,1101
2022-02-14,18,1110
2022-02-14,19,860
2022-02-14,20,573
2022-02-14,21,528
2022-02-14,22,426
2022-02-14,23,259
2022-02-15,0,210
2022-02-15,1,125
2022-02-15,2,89
2022-02-15,3,65
2022-02-15,4,64
2022-02-15,5,106
2022-02-15,6,260
2022-02-15,7,549
2022-02-15,8,818
2022-02-15,9,870
2022-02-15,10,854
2022-02-15,11,794
2022-02-15,12,866
2022-02-15,13,891
2022-02-15,14,930
2022-02-15,15,927
2022-02-15,16,1001
2022-02-15,17,1086
2022-02-15,18,1017
2022-02-15,19,804
2022-02-15,20,572
2022-02-15,21,381
2022-02-15,22,360
2022-02-15,23,233
2022-02-16,0,157
2022-02-16,1,81
2022-02-16,2,32
2022-02-16,3,38
2022-02-16,4,57
2022-02-16,5,102
2022-02-16,6,231
2022-02-16,7,494
2022-02-16,8,776
2022-02-16,9,819
2022-02-16,10,810
2022-02-16,11,817
2022-02-16,12,886
2022-02-16,13,919
2022-02-16,14,955
2022-02-16,15,938
2022-02-16,16,1047
2022-02-16,17,1153
2022-02-16,18,1081
2022-02-16,19,796
2022-02-16,20,588
2022-02-16,21,524
2022-02-16,22,460
2022-02-16,23,287
2022-02-17,0,200
2022-02-17,1,88
2022-02-17,2,47
2022-02-17,3,35
2022-02-17,4,54
2022-02-17,5,84
2022-02-17,6,227
2022-02-17,7,445
2022-02-17,8,666
2022-02-17,9,710
2022-02-17,10,699
2022-02-17,11,693
2022-02-17,12,792
2022-02-17,13,762
2022-02-17,14,829
2022-02-17,15,891
2022-02-17,16,851
2022-02-17,17,686
2022-02-17,18,665
2022-02-17,19,602
2022-02-17,20,504
2022-02-17,21,497
2022-02-17,22,463
2022-02-17,23,357
2022-02-18,0,297
2022-02-18,1,259
2022-02-18,2,203
2022-02-18,3,111
2022-02-18,4,95
2022-02-18,5,109
2022-02-18,6,258
2022-02-18,7,498
2022-02-18,8,740
2022-02-18,9,789
2022-02-18,10,817
2022-02-18,11,826
2022-02-18,12,910
2022-02-18,13,965
2022-02-18,14,1011
2022-02-18,15,1120
2022-02-18,16,1165
2022-02-18,17,1241
2022-02-18,18,1314
2022-02-18,19,1250
2022-02-18,20,876
2022-02-18,21,657
2022-02-18,22,620
2022-02-18,23,590
2022-02-19,0,503
2022-02-19,1,411
2022-02-19,2,275
2022-02-19,3,171
2022-02-19,4,119
2022-02-19,5,99
2022-02-19,6,130
2022-02-19,7,191
2022-02-19,8,269
2022-02-19,9,428
2022-02-19,10,570
2022-02-19,11,681
2022-02-19,12,762
2022-02-19,13,727
2022-02-19,14,720
2022-02-19,15,725
2022-02-19,16,726
2022-02-19,17,787
2022-02-19,18,953
2022-02-19,19,906
2022-02-19,20,686
2022-02-19,21,558
2022-02-19,22,588
2022-02-19,23,532
2022-02-20,0,485
2022-02-20,1,413
2022-02-20,2,348
2022-02-20,3,222
2022-02-20,4,145
2022-02-20,5,123
2022-02-20,6,118
2022-02-20,7,151
2022-02-20,8,205
2022-02-20,9,385
2022-02-20,10,497
2022-02-20,11,566
2022-02-20,12,613
2022-02-20,13,609
2022-02-20,14,564
2022-02-20,15,693
2022-02-20,16,584
2022-02-20,17,627
2022-02-20,18,722
2022-02-20,19,651
2022-02-20,20,529
2022-02-20,21,445
2022-02-20,22,497
2022-02-20,23,388
2022-02-21,0,250
2022-02-21,1,169
2022-02-21,2,78
2022-02-21,3,71
2022-02-21,4,87
2022-02-21,5,126
2022-02-21,6,185
2022-02-21,7,313
2022-02-21,8,484
2022-02-21,9,571
2022-02-21,10,654
2022-02-21,11,710
2022-02-21,12,806
2022-02-21,13,803
2022-02-21,14,855
2022-02-21,15,895
2022-02-21,16,864
2022-02-21,17,813
2022-02-21,18,743
2022-02-21,19,648
2022-02-21,20,553
2022-02-21,21,427
2022-02-21,22,308
2022-02-21,23,261
2022-02-22,0,174
2022-02-22,1,104
2022-02-22,2,56
2022-02-22,3,38
2022-02-22,4,51
2022-02-22,5,87
2022-02-22,6,260
2022-02-22,7,571
2022-02-22,8,954
2022-02-22,9,889
2022-02-22,10,889
2022-02-22,11,839
2022-02-22,12,978
2022-02-22,13,963
2022-02-22,14,856
2022-02-22,15,966
2022-02-22,16,1065
2022-02-22,17,1127
2022-02-22,18,1011
2022-02-22,19,869
2022-02-22,20,650
2022-02-22,21,499
2022-02-22,22,350
2022-02-22,23,268
2022-02-23,0,246
2022-02-23,1,135
2022-02-23,2,66
2022-02-23,3,48
2022-02-23,4,62
2022-02-23,5,111
2022-02-23,6,247
2022-02-23,7,557
2022-02-23,8,928
2022-02-23,9,909
2022-02-23,10,882
2022-02-23,11,924
2022-02-23,12,983
2022-02-23,13,1042
2022-02-23,14,1017
2022-02-23,15,1171
2022-02-23,16,1304
2022-02-23,17,1293
2022-02-23,18,1149
2022-02-23,19,1001
2022-02-23,20,761
2022-02-23,21,597
2022-02-23,22,475
2022-02-23,23,371
2022-02-24,0,269
2022-02-24,1,162
2022-02-24,2,91
2022-02-24,3,47
2022-02-24,4,54
2022-02-24,5,103
2022-02-24,6,284
2022-02-24,7,551
2022-02-24,8,901
2022-02-24,9,916
2022-02-24,10,925
2022-02-24,11,933
2022-02-24,12,991
2022-02-24,13,1081
2022-02-24,14,1115
2022-02-24,15,1274
2022-02-24,16,1255
2022-02-24,17,1306
2022-02-24,18,1369
2022-02-24,19,1119
2022-02-24,20,851
2022-02-24,21,741
2022-02-24,22,632
2022-02-24,23,524
2022-02-25,0,372
2022-02-25,1,228
2022-02-25,2,108
2022-02-25,3,56
2022-02-25,4,84
2022-02-25,5,123
2022-02-25,6,274
2022-02-25,7,486
2022-02-25,8,745
2022-02-25,9,886
2022-02-25,10,880
2022-02-25,11,999
2022-02-25,12,1032
2022-02-25,13,1097
2022-02-25,14,1177
2022-02-25,15,1261
2022-02-25,16,1259
2022-02-25,17,1323
2022-02-25,18,1420
2022-02-25,19,1329
2022-02-25,20,1003
2022-02-25,21,814
2022-02-25,22,708
2022-02-25,23,592
2022-02-26,0,559
2022-02-26,1,485
2022-02-26,2,349
2022-02-26,3,231
2022-02-26,4,171
2022-02-26,5,124
2022-02-26,6,179
2022-02-26,7,250
2022-02-26,8,375
2022-02-26,9,474
2022-02-26,10,656
2022-02-26,11,757
2022-02-26,12,837
2022-02-26,13,901
2022-02-26,14,931
2022-02-26,15,846
2022-02-26,16,982
2022-02-26,17,915
2022-02-26,18,1023
2022-02-26,19,1058
2022-02-26,20,777
2022-02-26,21,635
2022-02-26,22,620
2022-02-26,23,559
2022-02-27,0,481
2022-02-27,1,396
2022-02-27,2,325
2022-02-27,3,238
2022-02-27,4,225
2022-02-27,5,192
2022-02-27,6,246
2022-02-27,7,262
2022-02-27,8,271
2022-02-27,9,379
2022-02-27,10,522
2022-02-27,11,633
2022-02-27,12,684
2022-02-27,13,695
2022-02-27,14,682
2022-02-27,15,720
2022-02-27,16,656
2022-02-27,17,707
2022-02-27,18,671
2022-02-27,19,601
2022-02-27,20,596
2022-02-27,21,456
2022-02-27,22,361
2022-02-27,23,332
2022-02-28,0,257
2022-02-28,1,179
2022-02-28,2,86
2022-02-28,3,65
2022-02-28,4,89
2022-02-28,5,108
2022-02-28,6,276
2022-02-28,7,538
2022-02-28,8,803
2022-02-28,9,815
2022-02-28,10,827
2022-02-28,11,854
2022-02-28,12,869
2022-02-28,13,879
2022-02-28,14,949
2022-02-28,15,982
2022-02-28,16,974
2022-02-28,17,994
2022-02-28,18,932
2022-02-28,19,744
2022-02-28,20,548
2022-02-28,21,429
2022-02-28,22,326
2022-02-28,23,231
2022-03-01,0,206
2022-03-01,1,149
2022-03-01,2,82
2022-03-01,3,36
2022-03-01,4,55
2022-03-01,5,88
2022-03-01,6,226
2022-03-01,7,507
2022-03-01,8,819
2022-03-01,9,870
2022-03-01,10,862
2022-03-01,11,854
2022-03-01,12,875
2022-03-01,13,883
2022-03-01,14,959
2022-03-01,15,1034
2022-03-01,16,1128
2022-03-01,17,1197
2022-03-01,18,1087
2022-03-01,19,924
2022-03-01,20,682
2022-03-01,21,490
2022-03-01,22,355
2022-03-01,23,268
2022-03-02,0,184
2022-03-02,1,107
2022-03-02,2,55
2022-03-02,3,40
2022-03-02,4,66
2022-03-02,5,102
2022-03-02,6,284
2022-03-02,7,561
2022-03-02,8,862
2022-03-02,9,897
2022-03-02,10,854
2022-03-02,11,833
2022-03-02,12,912
2022-03-02,13,962
2022-03-02,14,969
2022-03-02,15,1043
2022-03-02,16,1126
2022-03-02,17,1199
2022-03-02,18,1144
2022-03-02,19,1052
2022-03-02,20,749
2022-03-02,21,577
2022-03-02,22,460
2022-03-02,23,309
2022-03-03,0,214
2022-03-03,1,130
2022-03-03,2,56
2022-03-03,3,35
2022-03-03,4,61
2022-03-03,5,116
2022-03-03,6,277
2022-03-03,7,547
2022-03-03,8,842
2022-03-03,9,868
2022-03-03,10,925
2022-03-03,11,983
2022-03-03,12,1036
2022-03-03,13,1083
2022-03-03,14,1097
2022-03-03,15,1242
2022-03-03,16,1282
2022-03-03,17,1354
2022-03-03,18,1329
2022-03-03,19,1118
2022-03-03,20,844
2022-03-03,21,697
2022-03-03,22,543
2022-03-03,23,382
2022-03-04,0,258
2022-03-04,1,193
2022-03-04,2,89
2022-03-04,3,66
2022-03-04,4,74
2022-03-04,5,113
2022-03-04,6,270
2022-03-04,7,516
2022-03-04,8,755
2022-03-04,9,810
2022-03-04,10,936
2022-03-04,11,961
2022-03-04,12,1079
2022-03-04,13,1139
2022-03-04,14,1204
2022-03-04,15,1265
2022-03-04,16,1334
2022-03-04,17,1474
2022-03-04,18,1450
2022-03-04,19,1361
2022-03-04,20,946
2022-03-04,21,799
2022-03-04,22,677
2022-03-04,23,532
2022-03-05,0,501
2022-03-05,1,465
2022-03-05,2,303
2022-03-05,3,188
2022-03-05,4,122
2022-03-05,5,111
2022-03-05,6,161
2022-03-05,7,217
2022-03-05,8,361
2022-03-05,9,543
2022-03-05,10,726
2022-03-05,11,767
2022-03-05,12,866
2022-03-05,13,885
2022-03-05,14,911
2022-03-05,15,959
2022-03-05,16,942
2022-03-05,17,997
2022-03-05,18,1016
2022-03-05,19,1173
2022-03-05,20,971
2022-03-05,21,730
2022-03-05,22,725
2022-03-05,23,695
2022-03-06,0,501
2022-03-06,1,461
2022-03-06,2,361
2022-03-06,3,244
2022-03-06,4,147
2022-03-06,5,125
2022-03-06,6,159
2022-03-06,7,245
2022-03-06,8,363
2022-03-06,9,500
2022-03-06,10,635
2022-03-06,11,703
2022-03-06,12,788
2022-03-06,13,749
2022-03-06,14,790
2022-03-06,15,797
2022-03-06,16,740
2022-03-06,17,862
2022-03-06,18,791
2022-03-06,19,791
2022-03-06,20,646
2022-03-06,21,581
2022-03-06,22,488
2022-03-06,23,334
2022-03-07,0,266
2022-03-07,1,249
2022-03-07,2,125
2022-03-07,3,64
2022-03-07,4,84
2022-03-07,5,169
2022-03-07,6,319
2022-03-07,7,643
2022-03-07,8,954
2022-03-07,9,906
2022-03-07,10,931
2022-03-07,11,884
2022-03-07,12,941
2022-03-07,13,1004
2022-03-07,14,1025
2022-03-07,15,1069
2022-03-07,16,1163
2022-03-07,17,1094
2022-03-07,18,1026
2022-03-07,19,844
2022-03-07,20,626
2022-03-07,21,442
2022-03-07,22,361
2022-03-07,23,297
2022-03-08,0,208
2022-03-08,1,114
2022-03-08,2,61
2022-03-08,3,45
2022-03-08,4,57
2022-03-08,5,108
2022-03-08,6,281
2022-03-08,7,571
2022-03-08,8,910
2022-03-08,9,903
2022-03-08,10,933
2022-03-08,11,944
2022-03-08,12,1011
2022-03-08,13,963
2022-03-08,14,1044
2022-03-08,15,1017
2022-03-08,16,1092
2022-03-08,17,1177
2022-03-08,18,1120
2022-03-08,19,899
2022-03-08,20,667
2022-03-08,21,532
2022-03-08,22,474
2022-03-08,23,274
2022-03-09,0,177
2022-03-09,1,114
2022-03-09,2,59
2022-03-09,3,34
2022-03-09,4,62
2022-03-09,5,128
2022-03-09,6,267
2022-03-09,7,563
2022-03-09,8,870
2022-03-09,9,889
2022-03-09,10,923
2022-03-09,11,914
2022-03-09,12,1008
2022-03-09,13,1002
2022-03-09,14,1025
2022-03-09,15,1073
2022-03-09,16,1168
2022-03-09,17,1283
2022-03-09,18,1217
2022-03-09,19,1045
2022-03-09,20,754
2022-03-09,21,535
2022-03-09,22,501
2022-03-09,23,469
2022-03-10,0,308
2022-03-10,1,174
2022-03-10,2,79
2022-03-10,3,41
2022-03-10,4,63
2022-03-10,5,106
2022-03-10,6,261
2022-03-10,7,558
2022-03-10,8,874
2022-03-10,9,943
2022-03-10,10,905
2022-03-10,11,970
2022-03-10,12,1093
2022-03-10,13,1081
2022-03-10,14,1121
2022-03-10,15,1287
2022-03-10,16,1274
2022-03-10,17,1317
2022-03-10,18,1275
2022-03-10,19,1160
2022-03-10,20,976
2022-03-10,21,770
2022-03-10,22,685
2022-03-10,23,507
2022-03-11,0,361
2022-03-11,1,228
2022-03-11,2,115
2022-03-11,3,75
2022-03-11,4,68
2022-03-11,5,113
2022-03-11,6,279
2022-03-11,7,498
2022-03-11,8,754
2022-03-11,9,854
2022-03-11,10,874
2022-03-11,11,927
2022-03-11,12,989
2022-03-11,13,1000
2022-03-11,14,1073
2022-03-11,15,1153
2022-03-11,16,1252
2022-03-11,17,1392
2022-03-11,18,1396
2022-03-11,19,1277
2022-03-11,20,958
2022-03-11,21,736
2022-03-11,22,712
2022-03-11,23,604
2022-03-12,0,551
2022-03-12,1,336
2022-03-12,2,208
2022-03-12,3,127
2022-03-12,4,94
2022-03-12,5,84
2022-03-12,6,157
2022-03-12,7,235
2022-03-12,8,468
2022-03-12,9,718
2022-03-12,10,898
2022-03-12,11,980
2022-03-12,12,967
2022-03-12,13,1154
2022-03-12,14,1228
2022-03-12,15,1168
2022-03-12,16,1192
2022-03-12,17,1305
2022-03-12,18,1218
2022-03-12,19,1175
2022-03-12,20,1100
2022-03-12,21,885
2022-03-12,22,851
2022-03-12,23,710
2022-03-13,0,574
2022-03-13,1,483
2022-03-13,3,364
2022-03-13,4,224
2022-03-13,5,181
2022-03-13,6,171
2022-03-13,7,199
2022-03-13,8,271
2022-03-13,9,403
2022-03-13,10,591
2022-03-13,11,663
2022-03-13,12,737
2022-03-13,13,740
2022-03-13,14,715
2022-03-13,15,791
2022-03-13,16,788
2022-03-13,17,756
2022-03-13,18,693
2022-03-13,19,661
2022-03-13,20,644
2022-03-13,21,513
2022-03-13,22,436
2022-03-13,23,365
2022-03-14,0,282
2022-03-14,1,213
2022-03-14,2,100
2022-03-14,3,61
2022-03-14,4,100
2022-03-14,5,166
2022-03-14,6,316
2022-03-14,7,582
2022-03-14,8,924
2022-03-14,9,919
2022-03-14,10,935
2022-03-14,11,882
2022-03-14,12,1008
2022-03-14,13,1022
2022-03-14,14,1035
2022-03-14,15,1150
2022-03-14,16,1097
2022-03-14,17,1121
2022-03-14,18,1020
2022-03-14,19,869
2022-03-14,20,731
2022-03-14,21,585
2022-03-14,22,435
2022-03-14,23,319
2022-03-15,0,207
2022-03-15,1,173
2022-03-15,2,72
2022-03-15,3,60
2022-03-15,4,76
2022-03-15,5,116
2022-03-15,6,280
2022-03-15,7,580
2022-03-15,8,888
2022-03-15,9,998
2022-03-15,10,909
2022-03-15,11,941
2022-03-15,12,1053
2022-03-15,13,1088
2022-03-15,14,1042
2022-03-15,15,1097
2022-03-15,16,1140
2022-03-15,17,1275
2022-03-15,18,1148
2022-03-15,19,996
2022-03-15,20,768
2022-03-15,21,590
2022-03-15,22,473
2022-03-15,23,315
2022-03-16,0,202
2022-03-16,1,99
2022-03-16,2,56
2022-03-16,3,54
2022-03-16,4,60
2022-03-16,5,125
2022-03-16,6,274
2022-03-16,7,602
2022-03-16,8,904
2022-03-16,9,900
2022-03-16,10,923
2022-03-16,11,914
2022-03-16,12,1044
2022-03-16,13,1027
2022-03-16,14,1109
2022-03-16,15,1166
2022-03-16,16,1168
2022-03-16,17,1322
2022-03-16,18,1231
2022-03-16,19,1012
2022-03-16,20,780
2022-03-16,21,638
2022-03-16,22,531
2022-03-16,23,368
2022-03-17,0,211
2022-03-17,1,128
2022-03-17,2,72
2022-03-17,3,85
2022-03-17,4,77
2022-03-17,5,148
2022-03-17,6,320
2022-03-17,7,605
2022-03-17,8,938
2022-03-17,9,957
2022-03-17,10,896
2022-03-17,11,989
2022-03-17,12,1182
2022-03-17,13,1185
2022-03-17,14,1295
2022-03-17,15,1337
2022-03-17,16,1302
2022-03-17,17,1357
2022-03-17,18,1255
2022-03-17,19,1144
2022-03-17,20,975
2022-03-17,21,823
2022-03-17,22,657
2022-03-17,23,524
2022-03-18,0,393
2022-03-18,1,280
2022-03-18,2,143
2022-03-18,3,108
2022-03-18,4,99
2022-03-18,5,139
2022-03-18,6,272
2022-03-18,7,524
2022-03-18,8,781
2022-03-18,9,861
2022-03-18,10,941
2022-03-18,11,1019
2022-03-18,12,1182
2022-03-18,13,1298
2022-03-18,14,1275
2022-03-18,15,1423
2022-03-18,16,1444
2022-03-18,17,1425
2022-03-18,18,1488
2022-03-18,19,1351
2022-03-18,20,1050
2022-03-18,21,840
2022-03-18,22,642
2022-03-18,23,596
2022-03-19,0,502
2022-03-19,1,399
2022-03-19,2,260
2022-03-19,3,183
2022-03-19,4,116
2022-03-19,5,95
2022-03-19,6,175
2022-03-19,7,240
2022-03-19,8,314
2022-03-19,9,445
2022-03-19,10,600
2022-03-19,11,734
2022-03-19,12,848
2022-03-19,13,865
2022-03-19,14,885
2022-03-19,15,884
2022-03-19,16,910
2022-03-19,17,935
2022-03-19,18,863
2022-03-19,19,938
2022-03-19,20,732
2022-03-19,21,640
2022-03-19,22,573
2022-03-19,23,548
2022-03-20,0,460
2022-03-20,1,371
2022-03-20,2,349
2022-03-20,3,243
2022-03-20,4,179
2022-03-20,5,170
2022-03-20,6,193
2022-03-20,7,261
2022-03-20,8,333
2022-03-20,9,434
2022-03-20,10,594
2022-03-20,11,654
2022-03-20,12,752
2022-03-20,13,745
2022-03-20,14,747
2022-03-20,15,805
2022-03-20,16,745
2022-03-20,17,859
2022-03-20,18,774
2022-03-20,19,679
2022-03-20,20,626
2022-03-20,21,591
2022-03-20,22,496
2022-03-20,23,346
2022-03-21,0,310
2022-03-21,1,180
2022-03-21,2,106
2022-03-21,3,73
2022-03-21,4,105
2022-03-21,5,168
2022-03-21,6,346
2022-03-21,7,599
2022-03-21,8,879
2022-03-21,9,938
2022-03-21,10,929
2022-03-21,11,895
2022-03-21,12,1052
2022-03-21,13,1087
2022-03-21,14,1132
2022-03-21,15,1290
2022-03-21,16,1223
2022-03-21,17,1319
2022-03-21,18,1202
2022-03-21,19,964
2022-03-21,20,786
2022-03-21,21,647
2022-03-21,22,474
2022-03-21,23,325
2022-03-22,0,238
2022-03-22,1,200
2022-03-22,2,114
2022-03-22,3,64
2022-03-22,4,74
2022-03-22,5,146
2022-03-22,6,297
2022-03-22,7,624
2022-03-22,8,1033
2022-03-22,9,1158
2022-03-22,10,1138
2022-03-22,11,1100
2022-03-22,12,1253
2022-03-22,13,1310
2022-03-22,14,1276
2022-03-22,15,1415
2022-03-22,16,1447
2022-03-22,17,1549
2022-03-22,18,1488
2022-03-22,19,1218
2022-03-22,20,947
2022-03-22,21,716
2022-03-22,22,507
2022-03-22,23,410
2022-03-23,0,268
2022-03-23,1,148
2022-03-23,2,76
2022-03-23,3,46
2022-03-23,4,54
2022-03-23,5,116
2022-03-23,6,324
2022-03-23,7,686
2022-03-23,8,1025
2022-03-23,9,1138
2022-03-23,10,1106
2022-03-23,11,1148
2022-03-23,12,1299
2022-03-23,13,1271
2022-03-23,14,1383
2022-03-23,15,1503
2022-03-23,16,1444
2022-03-23,17,1505
2022-03-23,18,1456
2022-03-23,19,1312
2022-03-23,20,928
2022-03-23,21,714
2022-03-23,22,623
2022-03-23,23,440
2022-03-24,0,257
2022-03-24,1,187
2022-03-24,2,79
2022-03-24,3,60
2022-03-24,4,78
2022-03-24,5,145
2022-03-24,6,361
2022-03-24,7,667
2022-03-24,8,983
2022-03-24,9,1130
2022-03-24,10,1159
2022-03-24,11,1219
2022-03-24,12,1332
2022-03-24,13,1431
2022-03-24,14,1392
2022-03-24,15,1506
2022-03-24,16,1512
2022-03-24,17,1571
2022-03-24,18,1600
2022-03-24,19,1388
2022-03-24,20,1238
2022-03-24,21,961
2022-03-24,22,759
2022-03-24,23,611
2022-03-25,0,384
2022-03-25,1,272
2022-03-25,2,131
2022-03-25,3,77
2022-03-25,4,82
2022-03-25,5,167
2022-03-25,6,360
2022-03-25,7,667
2022-03-25,8,942
2022-03-25,9,1046
2022-03-25,10,1171
2022-03-25,11,1283
2022-03-25,12,1359
2022-03-25,13,1358
2022-03-25,14,1361
2022-03-25,15,1339
2022-03-25,16,1318
2022-03-25,17,1409
2022-03-25,18,1495
2022-03-25,19,1229
2022-03-25,20,946
2022-03-25,21,759
2022-03-25,22,656
2022-03-25,23,579
2022-03-26,0,471
2022-03-26,1,367
2022-03-26,2,289
2022-03-26,3,163
2022-03-26,4,129
2022-03-26,5,138
2022-03-26,6,233
2022-03-26,7,292
2022-03-26,8,387
2022-03-26,9,547
2022-03-26,10,739
2022-03-26,11,910
2022-03-26,12,950
2022-03-26,13,937
2022-03-26,14,921
2022-03-26,15,907
2022-03-26,16,936
2022-03-26,17,970
2022-03-26,18,906
2022-03-26,19,905
2022-03-26,20,769
2022-03-26,21,637
2022-03-26,22,651
2022-03-26,23,583
2022-03-27,0,521
2022-03-27,1,411
2022-03-27,2,348
2022-03-27,3,223
2022-03-27,4,165
2022-03-27,5,170
2022-03-27,6,221
2022-03-27,7,241
2022-03-27,8,324
2022-03-27,9,466
2022-03-27,10,691
2022-03-27,11,743
2022-03-27,12,871
2022-03-27,13,812
2022-03-27,14,809
2022-03-27,15,789
2022-03-27,16,796
2022-03-27,17,826
2022-03-27,18,774
2022-03-27,19,700
2022-03-27,20,698
2022-03-27,21,561
2022-03-27,22,431
2022-03-27,23,399
2022-03-28,0,287
2022-03-28,1,182
2022-03-28,2,108
2022-03-28,3,72
2022-03-28,4,77
2022-03-28,5,156
2022-03-28,6,336
2022-03-28,7,639
2022-03-28,8,882
2022-03-28,9,953
2022-03-28,10,1010
2022-03-28,11,988
2022-03-28,12,1088
2022-03-28,13,1157
2022-03-28,14,1166
2022-03-28,15,1258
2022-03-28,16,1230
2022-03-28,17,1319
2022-03-28,18,1146
2022-03-28,19,996
2022-03-28,20,827
2022-03-28,21,577
2022-03-28,22,485
2022-03-28,23,356
2022-03-29,0,206
2022-03-29,1,136
2022-03-29,2,96
2022-03-29,3,72
2022-03-29,4,67
2022-03-29,5,108
2022-03-29,6,286
2022-03-29,7,623
2022-03-29,8,961
2022-03-29,9,1047
2022-03-29,10,1072
2022-03-29,11,1049
2022-03-29,12,1111
2022-03-29,13,1142
2022-03-29,14,1145
2022-03-29,15,1306
2022-03-29,16,1303
2022-03-29,17,1404
2022-03-29,18,1318
2022-03-29,19,1124
2022-03-29,20,903
2022-03-29,21,723
2022-03-29,22,549
2022-03-29,23,323
2022-03-30,0,214
2022-03-30,1,121
2022-03-30,2,59
2022-03-30,3,54
2022-03-30,4,64
2022-03-30,5,128
2022-03-30,6,297
2022-03-30,7,578
2022-03-30,8,868
2022-03-30,9,997
2022-03-30,10,974
2022-03-30,11,1142
2022-03-30,12,1338
2022-03-30,13,1319
2022-03-30,14,1348
2022-03-30,15,1346
2022-03-30,16,1329
2022-03-30,17,1417
2022-03-30,18,1403
2022-03-30,19,1192
2022-03-30,20,1037
2022-03-30,21,790
2022-03-30,22,565
2022-03-30,23,373
2022-03-31,0,248
2022-03-31,1,119
2022-03-31,2,77
2022-03-31,3,58
2022-03-31,4,80
2022-03-31,5,177
2022-03-31,6,350
2022-03-31,7,622
2022-03-31,8,955
2022-03-31,9,1054
2022-03-31,10,1120
2022-03-31,11,1141
2022-03-31,12,1240
2022-03-31,13,1205
2022-03-31,14,1282
2022-03-31,15,1363
2022-03-31,16,1326
2022-03-31,17,1312
2022-03-31,18,1330
2022-03-31,19,1174
2022-03-31,20,1001
2022-03-31,21,782
2022-03-31,22,693
2022-03-31,23,567
2022-04-01,0,389
2022-04-01,1,232
2022-04-01,2,132
2022-04-01,3,80
2022-04-01,4,91
2022-04-01,5,179
2022-04-01,6,331
2022-04-01,7,588
2022-04-01,8,760
2022-04-01,9,898
2022-04-01,10,1014
2022-04-01,11,1132
2022-04-01,12,1230
2022-04-01,13,1225
2022-04-01,14,1262
2022-04-01,15,1318
2022-04-01,16,1244
2022-04-01,17,1420
2022-04-01,18,1448
2022-04-01,19,1319
2022-04-01,20,1043
2022-04-01,21,851
2022-04-01,22,682
2022-04-01,23,588
2022-04-02,0,540
2022-04-02,1,422
2022-04-02,2,286
2022-04-02,3,178
2022-04-02,4,112
2022-04-02,5,125
2022-04-02,6,146
2022-04-02,7,209
2022-04-02,8,290
2022-04-02,9,511
2022-04-02,10,671
2022-04-02,11,728
2022-04-02,12,842
2022-04-02,13,912
2022-04-02,14,1084
2022-04-02,15,1044
2022-04-02,16,1150
2022-04-02,17,1139
2022-04-02,18,1008
2022-04-02,19,897
2022-04-02,20,764
2022-04-02,21,657
2022-04-02,22,571
2022-04-02,23,572
2022-04-03,0,498
2022-04-03,1,418
2022-04-03,2,328
2022-04-03,3,226
2022-04-03,4,150
2022-04-03,5,157
2022-04-03,6,210
2022-04-03,7,223
2022-04-03,8,278
2022-04-03,9,456
2022-04-03,10,587
2022-04-03,11,680
2022-04-03,12,785
2022-04-03,13,719
2022-04-03,14,764
2022-04-03,15,789
2022-04-03,16,744
2022-04-03,17,758
2022-04-03,18,674
2022-04-03,19,648
2022-04-03,20,579
2022-04-03,21,580
2022-04-03,22,451
2022-04-03,23,338
2022-04-04,0,292
2022-04-04,1,212
2022-04-04,2,128
2022-04-04,3,85
2022-04-04,4,126
2022-04-04,5,200
2022-04-04,6,347
2022-04-04,7,577
2022-04-04,8,900
2022-04-04,9,910
2022-04-04,10,918
2022-04-04,11,911
2022-04-04,12,1067
2022-04-04,13,1061
2022-04-04,14,1043
2022-04-04,15,1192
2022-04-04,16,1192
2022-04-04,17,1221
2022-04-04,18,1035
2022-04-04,19,866
2022-04-04,20,770
2022-04-04,21,550
2022-04-04,22,441
2022-04-04,23,329
2022-04-05,0,217
2022-04-05,1,174
2022-04-05,2,90
2022-04-05,3,72
2022-04-05,4,76
2022-04-05,5,167
2022-04-05,6,352
2022-04-05,7,596
2022-04-05,8,968
2022-04-05,9,1081
2022-04-05,10,1092
2022-04-05,11,1173
2022-04-05,12,1209
2022-04-05,13,1248
2022-04-05,14,1236
2022-04-05,15,1232
2022-04-05,16,1250
2022-04-05,17,1397
2022-04-05,18,1269
2022-04-05,19,1068
2022-04-05,20,851
2022-04-05,21,683
2022-04-05,22,513
2022-04-05,23,320
2022-04-06,0,228
2022-04-06,1,143
2022-04-06,2,75
2022-04-06,3,69
2022-04-06,4,74
2022-04-06,5,148
2022-04-06,6,342
2022-04-06,7,688
2022-04-06,8,1036
2022-04-06,9,1090
2022-04-06,10,1031
2022-04-06,11,1112
2022-04-06,12,1194
2022-04-06,13,1196
2022-04-06,14,1255
2022-04-06,15,1338
2022-04-06,16,1406
2022-04-06,17,1486
2022-04-06,18,1383
2022-04-06,19,1189
2022-04-06,20,960
2022-04-06,21,772
2022-04-06,22,585
2022-04-06,23,417
2022-04-07,0,271
2022-04-07,1,184
2022-04-07,2,105
2022-04-07,3,61
2022-04-07,4,77
2022-04-07,5,187
2022-04-07,6,373
2022-04-07,7,686
2022-04-07,8,964
2022-04-07,9,1162
2022-04-07,10,1170
2022-04-07,11,1232
2022-04-07,12,1393
2022-04-07,13,1367
2022-04-07,14,1437
2022-04-07,15,1432
2022-04-07,16,1500
2022-04-07,17,1449
2022-04-07,18,1415
2022-04-07,19,1317
2022-04-07,20,1070
2022-04-07,21,946
2022-04-07,22,741
2022-04-07,23,552
2022-04-08,0,392
2022-04-08,1,317
2022-04-08,2,136
2022-04-08,3,80
2022-04-08,4,123
2022-04-08,5,211
2022-04-08,6,333
2022-04-08,7,621
2022-04-08,8,833
2022-04-08,9,1059
2022-04-08,10,1154
2022-04-08,11,1305
2022-04-08,12,1282
2022-04-08,13,1207
2022-04-08,14,1345
2022-04-08,15,1386
2022-04-08,16,1400
2022-04-08,17,1523
2022-04-08,18,1518
2022-04-08,19,1301
2022-04-08,20,1087
2022-04-08,21,866
2022-04-08,22,715
2022-04-08,23,643
2022-04-09,0,547
2022-04-09,1,436
2022-04-09,2,302
2022-04-09,3,197
2022-04-09,4,141
2022-04-09,5,157
2022-04-09,6,255
2022-04-09,7,272
2022-04-09,8,359
2022-04-09,9,537
2022-04-09,10,751
2022-04-09,11,938
2022-04-09,12,914
2022-04-09,13,888
2022-04-09,14,837
2022-04-09,15,898
2022-04-09,16,958
2022-04-09,17,1023
2022-04-09,18,1019
2022-04-09,19,1024
2022-04-09,20,902
2022-04-09,21,723
2022-04-09,22,606
2022-04-09,23,590
2022-04-10,0,525
2022-04-10,1,480
2022-04-10,2,350
2022-04-10,3,199
2022-04-10,4,161
2022-04-10,5,215
2022-04-10,6,284
2022-04-10,7,279
2022-04-10,8,370
2022-04-10,9,509
2022-04-10,10,712
2022-04-10,11,843
2022-04-10,12,904
2022-04-10,13,886
2022-04-10,14,855
2022-04-10,15,861
2022-04-10,16,888
2022-04-10,17,936
2022-04-10,18,828
2022-04-10,19,712
2022-04-10,20,683
2022-04-10,21,557
2022-04-10,22,503
2022-04-10,23,414
2022-04-11,0,297
2022-04-11,1,162
2022-04-11,2,101
2022-04-11,3,99
2022-04-11,4,108
2022-04-11,5,182
2022-04-11,6,322
2022-04-11,7,511
2022-04-11,8,886
2022-04-11,9,932
2022-04-11,10,979
2022-04-11,11,983
2022-04-11,12,1035
2022-04-11,13,1075
2022-04-11,14,1037
2022-04-11,15,1108
2022-04-11,16,1055
2022-04-11,17,1089
2022-04-11,18,892
2022-04-11,19,779
2022-04-11,20,699
2022-04-11,21,503
2022-04-11,22,389
2022-04-11,23,302
2022-04-12,0,186
2022-04-12,1,126
2022-04-12,2,63
2022-04-12,3,46
2022-04-12,4,82
2022-04-12,5,134
2022-04-12,6,262
2022-04-12,7,577
2022-04-12,8,869
2022-04-12,9,962
2022-04-12,10,1003
2022-04-12,11,978
2022-04-12,12,1098
2022-04-12,13,1130
2022-04-12,14,1121
2022-04-12,15,1166
2022-04-12,16,1170
2022-04-12,17,1218
2022-04-12,18,1228
2022-04-12,19,963
2022-04-12,20,828
2022-04-12,21,664
2022-04-12,22,457
2022-04-12,23,354
2022-04-13,0,272
2022-04-13,1,151
2022-04-13,2,87
2022-04-13,3,82
2022-04-13,4,89
2022-04-13,5,144
2022-04-13,6,292
2022-04-13,7,568
2022-04-13,8,880
2022-04-13,9,1045
2022-04-13,10,1062
2022-04-13,11,1035
2022-04-13,12,1054
2022-04-13,13,1065
2022-04-13,14,1113
2022-04-13,15,1227
2022-04-13,16,1236
2022-04-13,17,1325
2022-04-13,18,1130
2022-04-13,19,1064
2022-04-13,20,933
2022-04-13,21,767
2022-04-13,22,614
2022-04-13,23,345
2022-04-14,0,259
2022-04-14,1,160
2022-04-14,2,97
2022-04-14,3,64
2022-04-14,4,97
2022-04-14,5,160
2022-04-14,6,357
2022-04-14,7,585
2022-04-14,8,886
2022-04-14,9,1079
2022-04-14,10,1063
2022-04-14,11,1138
2022-04-14,12,1260
2022-04-14,13,1216
2022-04-14,14,1249
2022-04-14,15,1318
2022-04-14,16,1418
2022-04-14,17,1436
2022-04-14,18,1344
2022-04-14,19,1126
2022-04-14,20,956
2022-04-14,21,782
2022-04-14,22,684
2022-04-14,23,543
2022-04-15,0,410
2022-04-15,1,267
2022-04-15,2,131
2022-04-15,3,82
2022-04-15,4,111
2022-04-15,5,148
2022-04-15,6,324
2022-04-15,7,510
2022-04-15,8,729
2022-04-15,9,822
2022-04-15,10,957
2022-04-15,11,1020
2022-04-15,12,1144
2022-04-15,13,1158
2022-04-15,14,1349
2022-04-15,15,1376
2022-04-15,16,1444
2022-04-15,17,1370
2022-04-15,18,1221
2022-04-15,19,1145
2022-04-15,20,879
2022-04-15,21,691
2022-04-15,22,647
2022-04-15,23,520
2022-04-16,0,503
2022-04-16,1,399
2022-04-16,2,278
2022-04-16,3,191
2022-04-16,4,131
2022-04-16,5,137
2022-04-16,6,247
2022-04-16,7,333
2022-04-16,8,372
2022-04-16,9,512
2022-04-16,10,694
2022-04-16,11,814
2022-04-16,12,910
2022-04-16,13,973
2022-04-16,14,1016
2022-04-16,15,1043
2022-04-16,16,994
2022-04-16,17,991
2022-04-16,18,948
2022-04-16,19,924
2022-04-16,20,833
2022-04-16,21,755
2022-04-16,22,651
2022-04-16,23,528
2022-04-17,0,396
2022-04-17,1,295
2022-04-17,2,290
2022-04-17,3,169
2022-04-17,4,152
2022-04-17,5,150
2022-04-17,6,256
2022-04-17,7,344
2022-04-17,8,423
2022-04-17,9,580
2022-04-17,10,741
2022-04-17,11,838
2022-04-17,12,860
2022-04-17,13,835
2022-04-17,14,830
2022-04-17,15,861
2022-04-17,16,837
2022-04-17,17,796
2022-04-17,18,665
2022-04-17,19,615
2022-04-17,20,618
2022-04-17,21,521
2022-04-17,22,405
2022-04-17,23,364
2022-04-18,0,287
2022-04-18,1,176
2022-04-18,2,102
2022-04-18,3,71
2022-04-18,4,77
2022-04-18,5,193
2022-04-18,6,333
2022-04-18,7,610
2022-04-18,8,925
2022-04-18,9,952
2022-04-18,10,978
2022-04-18,11,991
2022-04-18,12,961
2022-04-18,13,1121
2022-04-18,14,1040
2022-04-18,15,1074
2022-04-18,16,1156
2022-04-18,17,1299
2022-04-18,18,1029
2022-04-18,19,874
2022-04-18,20,689
2022-04-18,21,541
2022-04-18,22,433
2022-04-18,23,348
2022-04-19,0,293
2022-04-19,1,153
2022-04-19,2,86
2022-04-19,3,60
2022-04-19,4,74
2022-04-19,5,115
2022-04-19,6,274
2022-04-19,7,624
2022-04-19,8,1025
2022-04-19,9,1071
2022-04-19,10,1035
2022-04-19,11,1012
2022-04-19,12,1060
2022-04-19,13,1084
2022-04-19,14,1109
2022-04-19,15,1113
2022-04-19,16,1254
2022-04-19,17,1307
2022-04-19,18,1161
2022-04-19,19,936
2022-04-19,20,777
2022-04-19,21,634
2022-04-19,22,570
2022-04-19,23,390
2022-04-20,0,229
2022-04-20,1,146
2022-04-20,2,66
2022-04-20,3,53
2022-04-20,4,79
2022-04-20,5,115
2022-04-20,6,258
2022-04-20,7,644
2022-04-20,8,993
2022-04-20,9,1055
2022-04-20,10,1062
2022-04-20,11,1038
2022-04-20,12,1114
2022-04-20,13,1149
2022-04-20,14,1250
2022-04-20,15,1252
2022-04-20,16,1306
2022-04-20,17,1408
2022-04-20,18,1244
2022-04-20,19,1054
2022-04-20,20,897
2022-04-20,21,742
2022-04-20,22,616
2022-04-20,23,402
2022-04-21,0,256
2022-04-21,1,163
2022-04-21,2,94
2022-04-21,3,54
2022-04-21,4,70
2022-04-21,5,138
2022-04-21,6,255
2022-04-21,7,650
2022-04-21,8,950
2022-04-21,9,948
2022-04-21,10,984
2022-04-21,11,1048
2022-04-21,12,1098
2022-04-21,13,1104
2022-04-21,14,1246
2022-04-21,15,1249
2022-04-21,16,1311
2022-04-21,17,1269
2022-04-21,18,1230
2022-04-21,19,1111
2022-04-21,20,954
2022-04-21,21,763
2022-04-21,22,648
2022-04-21,23,551
2022-04-22,0,385
2022-04-22,1,228
2022-04-22,2,161
2022-04-22,3,100
2022-04-22,4,104
2022-04-22,5,153
2022-04-22,6,325
2022-04-22,7,549
2022-04-22,8,843
2022-04-22,9,867
2022-04-22,10,948
2022-04-22,11,1067
2022-04-22,12,1133
2022-04-22,13,1161
2022-04-22,14,1283
2022-04-22,15,1425
2022-04-22,16,1456
2022-04-22,17,1467
2022-04-22,18,1384
2022-04-22,19,1173
2022-04-22,20,886
2022-04-22,21,777
2022-04-22,22,693
2022-04-22,23,637
2022-04-23,0,511
2022-04-23,1,377
2022-04-23,2,244
2022-04-23,3,164
2022-04-23,4,128
2022-04-23,5,120
2022-04-23,6,194
2022-04-23,7,231
2022-04-23,8,338
2022-04-23,9,475
2022-04-23,10,707
2022-04-23,11,856
2022-04-23,12,900
2022-04-23,13,921
2022-04-23,14,983
2022-04-23,15,1000
2022-04-23,16,1052
2022-04-23,17,1106
2022-04-23,18,1080
2022-04-23,19,1014
2022-04-23,20,896
2022-04-23,21,727
2022-04-23,22,611
2022-04-23,23,540
2022-04-24,0,506
2022-04-24,1,438
2022-04-24,2,340
2022-04-24,3,207
2022-04-24,4,159
2022-04-24,5,178
2022-04-24,6,232
2022-04-24,7,314
2022-04-24,8,393
2022-04-24,9,552
2022-04-24,10,806
2022-04-24,11,838
2022-04-24,12,942
2022-04-24,13,969
2022-04-24,14,934
2022-04-24,15,902
2022-04-24,16,842
2022-04-24,17,791
2022-04-24,18,761
2022-04-24,19,685
2022-04-24,20,671
2022-04-24,21,629
2022-04-24,22,553
2022-04-24,23,385
2022-04-25,0,287
2022-04-25,1,188
2022-04-25,2,152
2022-04-25,3,84
2022-04-25,4,106
2022-04-25,5,183
2022-04-25,6,370
2022-04-25,7,684
2022-04-25,8,989
2022-04-25,9,1069
2022-04-25,10,1122
2022-04-25,11,1097
2022-04-25,12,1169
2022-04-25,13,1159
2022-04-25,14,1216
2022-04-25,15,1303
2022-04-25,16,1316
2022-04-25,17,1374
2022-04-25,18,1249
2022-04-25,19,1038
2022-04-25,20,798
2022-04-25,21,611
2022-04-25,22,488
2022-04-25,23,359
2022-04-26,0,263
2022-04-26,1,201
2022-04-26,2,98
2022-04-26,3,72
2022-04-26,4,83
2022-04-26,5,136
2022-04-26,6,328
2022-04-26,7,678
2022-04-26,8,1064
2022-04-26,9,1152
2022-04-26,10,1075
2022-04-26,11,1096
2022-04-26,12,1194
2022-04-26,13,1207
2022-04-26,14,1254
2022-04-26,15,1326
2022-04-26,16,1309
2022-04-26,17,1444
2022-04-26,18,1337
2022-04-26,19,1120
2022-04-26,20,904
2022-04-26,21,776
2022-04-26,22,549
2022-04-26,23,366
2022-04-27,0,289
2022-04-27,1,154
2022-04-27,2,85
2022-04-27,3,56
2022-04-27,4,83
2022-04-27,5,160
2022-04-27,6,387
2022-04-27,7,672
2022-04-27,8,985
2022-04-27,9,1118
2022-04-27,10,1079
2022-04-27,11,1216
2022-04-27,12,1278
2022-04-27,13,1389
2022-04-27,14,1463
2022-04-27,15,1481
2022-04-27,16,1566
2022-04-27,17,1543
2022-04-27,18,1431
2022-04-27,19,1263
2022-04-27,20,1003
2022-04-27,21,782
2022-04-27,22,658
2022-04-27,23,449
2022-04-28,0,278
2022-04-28,1,193
2022-04-28,2,88
2022-04-28,3,55
2022-04-28,4,83
2022-04-28,5,216
2022-04-28,6,393
2022-04-28,7,633
2022-04-28,8,939
2022-04-28,9,1178
2022-04-28,10,1112
2022-04-28,11,1156
2022-04-28,12,1264
2022-04-28,13,1380
2022-04-28,14,1403
2022-04-28,15,1362
2022-04-28,16,1508
2022-04-28,17,1604
2022-04-28,18,1513
2022-04-28,19,1342
2022-04-28,20,1062
2022-04-28,21,822
2022-04-28,22,635
2022-04-28,23,592
2022-04-29,0,427
2022-04-29,1,254
2022-04-29,2,137
2022-04-29,3,83
2022-04-29,4,98
2022-04-29,5,188
2022-04-29,6,362
2022-04-29,7,647
2022-04-29,8,883
2022-04-29,9,932
2022-04-29,10,1121
2022-04-29,11,1224
2022-04-29,12,1315
2022-04-29,13,1343
2022-04-29,14,1431
2022-04-29,15,1502
2022-04-29,16,1486
2022-04-29,17,1590
2022-04-29,18,1584
2022-04-29,19,1535
2022-04-29,20,1220
2022-04-29,21,927
2022-04-29,22,755
2022-04-29,23,644
2022-04-30,0,634
2022-04-30,1,468
2022-04-30,2,341
2022-04-30,3,213
2022-04-30,4,121
2022-04-30,5,136
2022-04-30,6,206
2022-04-30,7,298
2022-04-30,8,407
2022-04-30,9,558
2022-04-30,10,816
2022-04-30,11,936
2022-04-30,12,1024
2022-04-30,13,993
2022-04-30,14,995
2022-04-30,15,985
2022-04-30,16,1038
2022-04-30,17,1054
2022-04-30,18,929
2022-04-30,19,866
2022-04-30,20,758
2022-04-30,21,753
2022-04-30,22,795
2022-04-30,23,712
2022-05-01,0,580
2022-05-01,1,473
2022-05-01,2,400
2022-05-01,3,239
2022-05-01,4,151
2022-05-01,5,210
2022-05-01,6,266
2022-05-01,7,331
2022-05-01,8,399
2022-05-01,9,544
2022-05-01,10,717
2022-05-01,11,889
2022-05-01,12,874
2022-05-01,13,856
2022-05-01,14,825
2022-05-01,15,898
2022-05-01,16,896
2022-05-01,17,886
2022-05-01,18,781
2022-05-01,19,744
2022-05-01,20,677
2022-05-01,21,590
2022-05-01,22,459
2022-05-01,23,396
2022-05-02,0,333
2022-05-02,1,196
2022-05-02,2,133
2022-05-02,3,92
2022-05-02,4,108
2022-05-02,5,175
2022-05-02,6,322
2022-05-02,7,578
2022-05-02,8,872
2022-05-02,9,910
2022-05-02,10,899
2022-05-02,11,996
2022-05-02,12,978
2022-05-02,13,1063
2022-05-02,14,1098
2022-05-02,15,1069
2022-05-02,16,1162
2022-05-02,17,1118
2022-05-02,18,1012
2022-05-02,19,932
2022-05-02,20,802
2022-05-02,21,617
2022-05-02,22,504
2022-05-02,23,420
2022-05-03,0,297
2022-05-03,1,171
2022-05-03,2,80
2022-05-03,3,62
2022-05-03,4,82
2022-05-03,5,157
2022-05-03,6,390
2022-05-03,7,789
2022-05-03,8,1122
2022-05-03,9,1288
2022-05-03,10,1146
2022-05-03,11,1098
2022-05-03,12,1125
2022-05-03,13,1197
2022-05-03,14,1183
2022-05-03,15,1326
2022-05-03,16,1401
2022-05-03,17,1489
2022-05-03,18,1389
2022-05-03,19,1159
2022-05-03,20,889
2022-05-03,21,753
2022-05-03,22,572
2022-05-03,23,406
2022-05-04,0,234
2022-05-04,1,124
2022-05-04,2,50
2022-05-04,3,51
2022-05-04,4,77
2022-05-04,5,166
2022-05-04,6,343
2022-05-04,7,738
2022-05-04,8,1089
2022-05-04,9,1180
2022-05-04,10,1135
2022-05-04,11,1134
2022-05-04,12,1329
2022-05-04,13,1329
2022-05-04,14,1327
2022-05-04,15,1411
2022-05-04,16,1422
2022-05-04,17,1429
2022-05-04,18,1421
2022-05-04,19,1238
2022-05-04,20,942
2022-05-04,21,759
2022-05-04,22,628
2022-05-04,23,524
2022-05-05,0,337
2022-05-05,1,161
2022-05-05,2,93
2022-05-05,3,68
2022-05-05,4,77
2022-05-05,5,159
2022-05-05,6,354
2022-05-05,7,695
2022-05-05,8,982
2022-05-05,9,1022
2022-05-05,10,1075
2022-05-05,11,1093
2022-05-05,12,1243
2022-05-05,13,1374
2022-05-05,14,1495
2022-05-05,15,1495
2022-05-05,16,1437
2022-05-05,17,1572
2022-05-05,18,1534
2022-05-05,19,1456
2022-05-05,20,1225
2022-05-05,21,915
2022-05-05,22,765
2022-05-05,23,610
2022-05-06,0,472
2022-05-06,1,343
2022-05-06,2,193
2022-05-06,3,123
2022-05-06,4,113
2022-05-06,5,180
2022-05-06,6,353
2022-05-06,7,656
2022-05-06,8,941
2022-05-06,9,1024
2022-05-06,10,1141
2022-05-06,11,1265
2022-05-06,12,1402
2022-05-06,13,1430
2022-05-06,14,1408
2022-05-06,15,1535
2022-05-06,16,1476
2022-05-06,17,1492
2022-05-06,18,1530
2022-05-06,19,1283
2022-05-06,20,1035
2022-05-06,21,893
2022-05-06,22,739
2022-05-06,23,623
2022-05-07,0,522
2022-05-07,1,445
2022-05-07,2,304
2022-05-07,3,186
2022-05-07,4,142
2022-05-07,5,133
2022-05-07,6,228
2022-05-07,7,305
2022-05-07,8,427
2022-05-07,9,593
2022-05-07,10,790
2022-05-07,11,873
2022-05-07,12,942
2022-05-07,13,939
2022-05-07,14,993
2022-05-07,15,1024
2022-05-07,16,1093
2022-05-07,17,1131
2022-05-07,18,1179
2022-05-07,19,1179
2022-05-07,20,906
2022-05-07,21,781
2022-05-07,22,778
2022-05-07,23,703
2022-05-08,0,637
2022-05-08,1,467
2022-05-08,2,300
2022-05-08,3,219
2022-05-08,4,169
2022-05-08,5,204
2022-05-08,6,229
2022-05-08,7,269
2022-05-08,8,367
2022-05-08,9,587
2022-05-08,10,757
2022-05-08,11,843
2022-05-08,12,914
2022-05-08,13,860
2022-05-08,14,943
2022-05-08,15,963
2022-05-08,16,961
2022-05-08,17,970
2022-05-08,18,905
2022-05-08,19,800
2022-05-08,20,765
2022-05-08,21,633
2022-05-08,22,517
2022-05-08,23,392
2022-05-09,0,352
2022-05-09,1,182
2022-05-09,2,78
2022-05-09,3,61
2022-05-09,4,106
2022-05-09,5,213
2022-05-09,6,363
2022-05-09,7,669
2022-05-09,8,944
2022-05-09,9,1014
2022-05-09,10,1017
2022-05-09,11,1029
2022-05-09,12,1148
2022-05-09,13,1272
2022-05-09,14,1259
2022-05-09,15,1351
2022-05-09,16,1326
2022-05-09,17,1308
2022-05-09,18,1233
2022-05-09,19,1053
2022-05-09,20,878
2022-05-09,21,601
2022-05-09,22,488
2022-05-09,23,401
2022-05-10,0,308
2022-05-10,1,175
2022-05-10,2,93
2022-05-10,3,54
2022-05-10,4,65
2022-05-10,5,163
2022-05-10,6,355
2022-05-10,7,716
2022-05-10,8,1022
2022-05-10,9,1118
2022-05-10,10,1074
2022-05-10,11,1115
2022-05-10,12,1286
2022-05-10,13,1309
2022-05-10,14,1382
2022-05-10,15,1446
2022-05-10,16,1487
2022-05-10,17,1612
2022-05-10,18,1552
2022-05-10,19,1302
2022-05-10,20,1051
2022-05-10,21,838
2022-05-10,22,614
2022-05-10,23,474
2022-05-11,0,323
2022-05-11,1,179
2022-05-11,2,80
2022-05-11,3,54
2022-05-11,4,95
2022-05-11,5,190
2022-05-11,6,382
2022-05-11,7,717
2022-05-11,8,1018
2022-05-11,9,1181
2022-05-11,10,1187
2022-05-11,11,1229
2022-05-11,12,1442
2022-05-11,13,1445
2022-05-11,14,1530
2022-05-11,15,1506
2022-05-11,16,1452
2022-05-11,17,1515
2022-05-11,18,1507
2022-05-11,19,1322
2022-05-11,20,1150
2022-05-11,21,1061
2022-05-11,22,712
2022-05-11,23,468
2022-05-12,0,354
2022-05-12,1,199
2022-05-12,2,118
2022-05-12,3,75
2022-05-12,4,98
2022-05-12,5,203
2022-05-12,6,413
2022-05-12,7,690
2022-05-12,8,922
2022-05-12,9,1061
2022-05-12,10,1160
2022-05-12,11,1209
2022-05-12,12,1453
2022-05-12,13,1479
2022-05-12,14,1549
2022-05-12,15,1441
2022-05-12,16,1359
2022-05-12,17,1331
2022-05-12,18,1553
2022-05-12,19,1463
2022-05-12,20,1222
2022-05-12,21,1028
2022-05-12,22,782
2022-05-12,23,594
2022-05-13,0,478
2022-05-13,1,301
2022-05-13,2,182
2022-05-13,3,124
2022-05-13,4,126
2022-05-13,5,193
2022-05-13,6,406
2022-05-13,7,682
2022-05-13,8,918
2022-05-13,9,1013
2022-05-13,10,1114
2022-05-13,11,1271
2022-05-13,12,1383
2022-05-13,13,1243
2022-05-13,14,1371
2022-05-13,15,1299
2022-05-13,16,1334
2022-05-13,17,1481
2022-05-13,18,1563
2022-05-13,19,1475
2022-05-13,20,1161
2022-05-13,21,974
2022-05-13,22,848
2022-05-13,23,816
2022-05-14,0,727
2022-05-14,1,521
2022-05-14,2,350
2022-05-14,3,220
2022-05-14,4,177
2022-05-14,5,193
2022-05-14,6,290
2022-05-14,7,385
2022-05-14,8,487
2022-05-14,9,731
2022-05-14,10,831
2022-05-14,11,891
2022-05-14,12,936
2022-05-14,13,977
2022-05-14,14,1048
2022-05-14,15,1001
2022-05-14,16,1085
2022-05-14,17,1072
2022-05-14,18,1094
2022-05-14,19,1090
2022-05-14,20,905
2022-05-14,21,819
2022-05-14,22,733
2022-05-14,23,656
2022-05-15,0,590
2022-05-15,1,447
2022-05-15,2,337
2022-05-15,3,236
2022-05-15,4,181
2022-05-15,5,244
2022-05-15,6,326
2022-05-15,7,312
2022-05-15,8,360
2022-05-15,9,548
2022-05-15,10,779
2022-05-15,11,859
2022-05-15,12,951
2022-05-15,13,964
2022-05-15,14,958
2022-05-15,15,1005
2022-05-15,16,876
2022-05-15,17,938
2022-05-15,18,902
2022-05-15,19,807
2022-05-15,20,762
2022-05-15,21,654
2022-05-15,22,544
2022-05-15,23,431
2022-05-16,0,337
2022-05-16,1,273
2022-05-16,2,123
2022-05-16,3,75
2022-05-16,4,111
2022-05-16,5,241
2022-05-16,6,403
2022-05-16,7,726
2022-05-16,8,1093
2022-05-16,9,1072
2022-05-16,10,1087
2022-05-16,11,1105
2022-05-16,12,1248
2022-05-16,13,1212
2022-05-16,14,1321
2022-05-16,15,1277
2022-05-16,16,1374
2022-05-16,17,1383
2022-05-16,18,1257
2022-05-16,19,996
2022-05-16,20,858
2022-05-16,21,724
2022-05-16,22,589
2022-05-16,23,473
2022-05-17,0,346
2022-05-17,1,227
2022-05-17,2,125
2022-05-17,3,67
2022-05-17,4,70
2022-05-17,5,185
2022-05-17,6,366
2022-05-17,7,671
2022-05-17,8,974
2022-05-17,9,1122
2022-05-17,10,1084
2022-05-17,11,1080
2022-05-17,12,1214
2022-05-17,13,1197
2022-05-17,14,1345
2022-05-17,15,1458
2022-05-17,16,1503
2022-05-17,17,1575
2022-05-17,18,1490
2022-05-17,19,1199
2022-05-17,20,1003
2022-05-17,21,911
2022-05-17,22,680
2022-05-17,23,466
2022-05-18,0,316
2022-05-18,1,232
2022-05-18,2,116
2022-05-18,3,68
2022-05-18,4,93
2022-05-18,5,171
2022-05-18,6,429
2022-05-18,7,828
2022-05-18,8,1109
2022-05-18,9,1208
2022-05-18,10,1311
2022-05-18,11,1401
2022-05-18,12,1469
2022-05-18,13,1425
2022-05-18,14,1381
2022-05-18,15,1556
2022-05-18,16,1492
2022-05-18,17,1561
2022-05-18,18,1492
2022-05-18,19,1232
2022-05-18,20,954
2022-05-18,21,820
2022-05-18,22,631
2022-05-18,23,460
2022-05-19,0,265
2022-05-19,1,181
2022-05-19,2,102
2022-05-19,3,81
2022-05-19,4,107
2022-05-19,5,226
2022-05-19,6,442
2022-05-19,7,693
2022-05-19,8,955
2022-05-19,9,1088
2022-05-19,10,1191
2022-05-19,11,1240
2022-05-19,12,1408
2022-05-19,13,1520
2022-05-19,14,1548
2022-05-19,15,1619
2022-05-19,16,1558
2022-05-19,17,1631
2022-05-19,18,1577
2022-05-19,19,1366
2022-05-19,20,1261
2022-05-19,21,1092
2022-05-19,22,911
2022-05-19,23,786
2022-05-20,0,595
2022-05-20,1,332
2022-05-20,2,181
2022-05-20,3,113
2022-05-20,4,121
2022-05-20,5,216
2022-05-20,6,450
2022-05-20,7,742
2022-05-20,8,966
2022-05-20,9,1063
2022-05-20,10,1264
2022-05-20,11,1426
2022-05-20,12,1595
2022-05-20,13,1447
2022-05-20,14,1490
2022-05-20,15,1553
2022-05-20,16,1588
2022-05-20,17,1678
2022-05-20,18,1854
2022-05-20,19,1659
2022-05-20,20,1236
2022-05-20,21,1014
2022-05-20,22,889
2022-05-20,23,802
2022-05-21,0,557
2022-05-21,1,480
2022-05-21,2,330
2022-05-21,3,264
2022-05-21,4,188
2022-05-21,5,138
2022-05-21,6,225
2022-05-21,7,392
2022-05-21,8,629
2022-05-21,9,834
2022-05-21,10,1037
2022-05-21,11,1188
2022-05-21,12,1247
2022-05-21,13,1237
2022-05-21,14,1310
2022-05-21,15,1184
2022-05-21,16,1143
2022-05-21,17,1367
2022-05-21,18,1437
2022-05-21,19,1318
2022-05-21,20,1073
2022-05-21,21,846
2022-05-21,22,860
2022-05-21,23,781
2022-05-22,0,651
2022-05-22,1,470
2022-05-22,2,346
2022-05-22,3,248
2022-05-22,4,213
2022-05-22,5,247
2022-05-22,6,313
2022-05-22,7,392
2022-05-22,8,623
2022-05-22,9,931
2022-05-22,10,1014
2022-05-22,11,1120
2022-05-22,12,1252
2022-05-22,13,1152
2022-05-22,14,1206
2022-05-22,15,1186
2022-05-22,16,1242
2022-05-22,17,1292
2022-05-22,18,1261
2022-05-22,19,1152
2022-05-22,20,960
2022-05-22,21,789
2022-05-22,22,603
2022-05-22,23,509
2022-05-23,0,408
2022-05-23,1,325
2022-05-23,2,189
2022-05-23,3,98
2022-05-23,4,152
2022-05-23,5,274
2022-05-23,6,511
2022-05-23,7,760
2022-05-23,8,1026
2022-05-23,9,1283
2022-05-23,10,1423
2022-05-23,11,1416
2022-05-23,12,1619
2022-05-23,13,1612
2022-05-23,14,1545
2022-05-23,15,1606
2022-05-23,16,1558
2022-05-23,17,1599
2022-05-23,18,1546
2022-05-23,19,1470
2022-05-23,20,1107
2022-05-23,21,850
2022-05-23,22,547
2022-05-23,23,476
2022-05-24,0,355
2022-05-24,1,191
2022-05-24,2,81
2022-05-24,3,90
2022-05-24,4,119
2022-05-24,5,252
2022-05-24,6,447
2022-05-24,7,705
2022-05-24,8,980
2022-05-24,9,1202
2022-05-24,10,1337
2022-05-24,11,1396
2022-05-24,12,1499
2022-05-24,13,1421
2022-05-24,14,1346
2022-05-24,15,1358
2022-05-24,16,1332
2022-05-24,17,1309
2022-05-24,18,1379
2022-05-24,19,1221
2022-05-24,20,1026
2022-05-24,21,909
2022-05-24,22,693
2022-05-24,23,439
2022-05-25,0,319
2022-05-25,1,196
2022-05-25,2,124
2022-05-25,3,77
2022-05-25,4,100
2022-05-25,5,236
2022-05-25,6,483
2022-05-25,7,725
2022-05-25,8,917
2022-05-25,9,1069
2022-05-25,10,1051
2022-05-25,11,1188
2022-05-25,12,1273
2022-05-25,13,1279
2022-05-25,14,1365
2022-05-25,15,1492
2022-05-25,16,1306
2022-05-25,17,1167
2022-05-25,18,1320
2022-05-25,19,1215
2022-05-25,20,986
2022-05-25,21,890
2022-05-25,22,762
2022-05-25,23,548
2022-05-26,0,397
2022-05-26,1,193
2022-05-26,2,110
2022-05-26,3,97
2022-05-26,4,132
2022-05-26,5,206
2022-05-26,6,408
2022-05-26,7,650
2022-05-26,8,884
2022-05-26,9,1045
2022-05-26,10,1077
2022-05-26,11,1178
2022-05-26,12,1342
2022-05-26,13,1341
2022-05-26,14,1358
2022-05-26,15,1323
2022-05-26,16,1294
2022-05-26,17,1361
2022-05-26,18,1365
2022-05-26,19,1195
2022-05-26,20,1010
2022-05-26,21,901
2022-05-26,22,653
2022-05-26,23,535
2022-05-27,0,459
2022-05-27,1,311
2022-05-27,2,160
2022-05-27,3,117
2022-05-27,4,120
2022-05-27,5,198
2022-05-27,6,398
2022-05-27,7,613
2022-05-27,8,859
2022-05-27,9,954
2022-05-27,10,1064
2022-05-27,11,1097
2022-05-27,12,1258
2022-05-27,13,1186
2022-05-27,14,1273
2022-05-27,15,1360
2022-05-27,16,1260
2022-05-27,17,1338
2022-05-27,18,1244
2022-05-27,19,1142
2022-05-27,20,972
2022-05-27,21,785
2022-05-27,22,757
2022-05-27,23,646
2022-05-28,0,556
2022-05-28,1,470
2022-05-28,2,315
2022-05-28,3,225
2022-05-28,4,133
2022-05-28,5,127
2022-05-28,6,201
2022-05-28,7,248
2022-05-28,8,360
2022-05-28,9,585
2022-05-28,10,726
2022-05-28,11,824
2022-05-28,12,911
2022-05-28,13,969
2022-05-28,14,971
2022-05-28,15,971
2022-05-28,16,1126
2022-05-28,17,1139
2022-05-28,18,1132
2022-05-28,19,1086
2022-05-28,20,857
2022-05-28,21,748
2022-05-28,22,629
2022-05-28,23,566
2022-05-29,0,532
2022-05-29,1,461
2022-05-29,2,315
2022-05-29,3,237
2022-05-29,4,181
2022-05-29,5,165
2022-05-29,6,184
2022-05-29,7,213
2022-05-29,8,291
2022-05-29,9,442
2022-05-29,10,620
2022-05-29,11,791
2022-05-29,12,910
2022-05-29,13,918
2022-05-29,14,924
2022-05-29,15,958
2022-05-29,16,1020
2022-05-29,17,1060
2022-05-29,18,1036
2022-05-29,19,988
2022-05-29,20,824
2022-05-29,21,682
2022-05-29,22,612
2022-05-29,23,563
2022-05-30,0,577
2022-05-30,1,447
2022-05-30,2,286
2022-05-30,3,197
2022-05-30,4,145
2022-05-30,5,198
2022-05-30,6,257
2022-05-30,7,295
2022-05-30,8,337
2022-05-30,9,507
2022-05-30,10,689
2022-05-30,11,750
2022-05-30,12,839
2022-05-30,13,827
2022-05-30,14,973
2022-05-30,15,1045
2022-05-30,16,1014
2022-05-30,17,1061
2022-05-30,18,896
2022-05-30,19,877
2022-05-30,20,850
2022-05-30,21,660
2022-05-30,22,500
2022-05-30,23,310
2022-05-31,0,278
2022-05-31,1,213
2022-05-31,2,136
2022-05-31,3,98
2022-05-31,4,119
2022-05-31,5,196
2022-05-31,6,355
2022-05-31,7,685
2022-05-31,8,921
2022-05-31,9,1051
2022-05-31,10,1019
2022-05-31,11,1044
2022-05-31,12,1170
2022-05-31,13,1149
2022-05-31,14,1267
2022-05-31,15,1288
2022-05-31,16,1378
2022-05-31,17,1350
2022-05-31,18,1175
2022-05-31,19,1012
2022-05-31,20,782
2022-05-31,21,638
2022-05-31,22,465
2022-05-31,23,313
2022-06-01,0,245
2022-06-01,1,142
2022-06-01,2,83
2022-06-01,3,54
2022-06-01,4,83
2022-06-01,5,167
2022-06-01,6,329
2022-06-01,7,711
2022-06-01,8,1046
2022-06-01,9,1107
2022-06-01,10,1092
2022-06-01,11,1200
2022-06-01,12,1284
2022-06-01,13,1236
2022-06-01,14,1287
2022-06-01,15,1303
2022-06-01,16,1411
2022-06-01,17,1538
2022-06-01,18,1522
2022-06-01,19,1252
2022-06-01,20,1124
2022-06-01,21,914
2022-06-01,22,721
2022-06-01,23,596
2022-06-02,0,372
2022-06-02,1,223
2022-06-02,2,128
2022-06-02,3,69
2022-06-02,4,82
2022-06-02,5,166
2022-06-02,6,393
2022-06-02,7,717
2022-06-02,8,993
2022-06-02,9,1192
2022-06-02,10,1206
2022-06-02,11,1399
2022-06-02,12,1514
2022-06-02,13,1515
2022-06-02,14,1483
2022-06-02,15,1550
2022-06-02,16,1631
2022-06-02,17,1722
2022-06-02,18,1749
2022-06-02,19,1479
2022-06-02,20,1233
2022-06-02,21,1128
2022-06-02,22,1055
2022-06-02,23,814
2022-06-03,0,546
2022-06-03,1,377
2022-06-03,2,213
2022-06-03,3,113
2022-06-03,4,131
2022-06-03,5,198
2022-06-03,6,410
2022-06-03,7,802
2022-06-03,8,1160
2022-06-03,9,1291
2022-06-03,10,1436
2022-06-03,11,1561
2022-06-03,12,1610
2022-06-03,13,1598
2022-06-03,14,1645
2022-06-03,15,1676
2022-06-03,16,1667
2022-06-03,17,1760
2022-06-03,18,1909
2022-06-03,19,1809
2022-06-03,20,1547
2022-06-03,21,1286
2022-06-03,22,1046
2022-06-03,23,859
2022-06-04,0,767
2022-06-04,1,491
2022-06-04,2,343
2022-06-04,3,216
2022-06-04,4,187
2022-06-04,5,186
2022-06-04,6,348
2022-06-04,7,540
2022-06-04,8,749
2022-06-04,9,945
2022-06-04,10,1098
2022-06-04,11,1227
2022-06-04,12,1278
2022-06-04,13,1322
2022-06-04,14,1299
2022-06-04,15,1267
2022-06-04,16,1320
2022-06-04,17,1367
2022-06-04,18,1440
2022-06-04,19,1403
2022-06-04,20,1224
2022-06-04,21,1130
2022-06-04,22,1002
2022-06-04,23,783
2022-06-05,0,617
2022-06-05,1,487
2022-06-05,2,345
2022-06-05,3,239
2022-06-05,4,188
2022-06-05,5,235
2022-06-05,6,309
2022-06-05,7,451
2022-06-05,8,631
2022-06-05,9,807
2022-06-05,10,994
2022-06-05,11,1135
2022-06-05,12,1170
2022-06-05,13,1137
2022-06-05,14,1187
2022-06-05,15,1180
2022-06-05,16,1157
2022-06-05,17,1145
2022-06-05,18,1239
2022-06-05,19,1233
2022-06-05,20,1141
2022-06-05,21,978
2022-06-05,22,824
2022-06-05,23,623
2022-06-06,0,434
2022-06-06,1,218
2022-06-06,2,108
2022-06-06,3,88
2022-06-06,4,152
2022-06-06,5,320
2022-06-06,6,543
2022-06-06,7,768
2022-06-06,8,991
2022-06-06,9,1263
2022-06-06,10,1438
2022-06-06,11,1402
2022-06-06,12,1558
2022-06-06,13,1515
2022-06-06,14,1540
2022-06-06,15,1456
2022-06-06,16,1410
2022-06-06,17,1479
2022-06-06,18,1432
2022-06-06,19,1160
2022-06-06,20,998
2022-06-06,21,813
2022-06-06,22,662
2022-06-06,23,472
2022-06-07,0,370
2022-06-07,1,268
2022-06-07,2,152
2022-06-07,3,93
2022-06-07,4,157
2022-06-07,5,303
2022-06-07,6,521
2022-06-07,7,789
2022-06-07,8,956
2022-06-07,9,1167
2022-06-07,10,1381
2022-06-07,11,1490
2022-06-07,12,1690
2022-06-07,13,1574
2022-06-07,14,1534
2022-06-07,15,1464
2022-06-07,16,1521
2022-06-07,17,1600
2022-06-07,18,1524
2022-06-07,19,1295
2022-06-07,20,1073
2022-06-07,21,935
2022-06-07,22,754
2022-06-07,23,516
2022-06-08,0,374
2022-06-08,1,180
2022-06-08,2,90
2022-06-08,3,65
2022-06-08,4,106
2022-06-08,5,219
2022-06-08,6,397
2022-06-08,7,751
2022-06-08,8,1175
2022-06-08,9,1260
2022-06-08,10,1269
2022-06-08,11,1302
2022-06-08,12,1400
2022-06-08,13,1596
2022-06-08,14,1657
2022-06-08,15,1615
2022-06-08,16,1448
2022-06-08,17,1581
2022-06-08,18,1465
2022-06-08,19,1225
2022-06-08,20,1002
2022-06-08,21,929
2022-06-08,22,674
2022-06-08,23,525
2022-06-09,0,375
2022-06-09,1,210
2022-06-09,2,112
2022-06-09,3,88
2022-06-09,4,105
2022-06-09,5,227
2022-06-09,6,425
2022-06-09,7,701
2022-06-09,8,1046
2022-06-09,9,1154
2022-06-09,10,1250
2022-06-09,11,1303
2022-06-09,12,1439
2022-06-09,13,1497
2022-06-09,14,1524
2022-06-09,15,1494
2022-06-09,16,1371
2022-06-09,17,1431
2022-06-09,18,1433
2022-06-09,19,1409
2022-06-09,20,1108
2022-06-09,21,1021
2022-06-09,22,729
2022-06-09,23,587
2022-06-10,0,492
2022-06-10,1,356
2022-06-10,2,185
2022-06-10,3,126
2022-06-10,4,154
2022-06-10,5,279
2022-06-10,6,416
2022-06-10,7,666
2022-06-10,8,898
2022-06-10,9,1060
2022-06-10,10,1163
2022-06-10,11,1294
2022-06-10,12,1321
2022-06-10,13,1436
2022-06-10,14,1502
2022-06-10,15,1441
2022-06-10,16,1431
2022-06-10,17,1585
2022-06-10,18,1538
2022-06-10,19,1349
2022-06-10,20,1017
2022-06-10,21,877
2022-06-10,22,773
2022-06-10,23,741
2022-06-11,0,665
2022-06-11,1,485
2022-06-11,2,336
2022-06-11,3,236
2022-06-11,4,152
2022-06-11,5,160
2022-06-11,6,258
2022-06-11,7,305
2022-06-11,8,395
2022-06-11,9,613
2022-06-11,10,869
2022-06-11,11,1023
2022-06-11,12,1101
2022-06-11,13,1158
2022-06-11,14,1228
2022-06-11,15,1221
2022-06-11,16,1224
2022-06-11,17,1333
2022-06-11,18,1265
2022-06-11,19,1218
2022-06-11,20,1016
2022-06-11,21,941
2022-06-11,22,825
2022-06-11,23,786
2022-06-12,0,719
2022-06-12,1,524
2022-06-12,2,400
2022-06-12,3,289
2022-06-12,4,213
2022-06-12,5,250
2022-06-12,6,270
2022-06-12,7,370
2022-06-12,8,439
2022-06-12,9,711
2022-06-12,10,1019
2022-06-12,11,1139
2022-06-12,12,1213
2022-06-12,13,1185
2022-06-12,14,1165
2022-06-12,15,1179
2022-06-12,16,1241
2022-06-12,17,1228
2022-06-12,18,1197
2022-06-12,19,1157
2022-06-12,20,895
2022-06-12,21,865
2022-06-12,22,675
2022-06-12,23,523
2022-06-13,0,411
2022-06-13,1,236
2022-06-13,2,133
2022-06-13,3,99
2022-06-13,4,93
2022-06-13,5,224
2022-06-13,6,422
2022-06-13,7,807
2022-06-13,8,1221
2022-06-13,9,1284
2022-06-13,10,1238
2022-06-13,11,1230
2022-06-13,12,1363
2022-06-13,13,1438
2022-06-13,14,1513
2022-06-13,15,1492
2022-06-13,16,1572
2022-06-13,17,1662
2022-06-13,18,1631
2022-06-13,19,1265
2022-06-13,20,964
2022-06-13,21,897
2022-06-13,22,849
2022-06-13,23,713
2022-06-14,0,547
2022-06-14,1,443
2022-06-14,2,209
2022-06-14,3,112
2022-06-14,4,114
2022-06-14,5,201
2022-06-14,6,379
2022-06-14,7,739
2022-06-14,8,1164
2022-06-14,9,1441
2022-06-14,10,1502
2022-06-14,11,1490
2022-06-14,12,1606
2022-06-14,13,1678
2022-06-14,14,1735
2022-06-14,15,1587
2022-06-14,16,1542
2022-06-14,17,1530
2022-06-14,18,1641
2022-06-14,19,1434
2022-06-14,20,1111
2022-06-14,21,991
2022-06-14,22,801
2022-06-14,23,591
2022-06-15,0,383
2022-06-15,1,210
2022-06-15,2,101
2022-06-15,3,81
2022-06-15,4,112
2022-06-15,5,243
2022-06-15,6,429
2022-06-15,7,722
2022-06-15,8,1068
2022-06-15,9,1365
2022-06-15,10,1404
2022-06-15,11,1439
2022-06-15,12,1499
2022-06-15,13,1620
2022-06-15,14,1560
2022-06-15,15,1468
2022-06-15,16,1465
2022-06-15,17,1505
2022-06-15,18,1467
2022-06-15,19,1385
2022-06-15,20,1088
2022-06-15,21,1068
2022-06-15,22,835
2022-06-15,23,645
2022-06-16,0,464
2022-06-16,1,260
2022-06-16,2,128
2022-06-16,3,82
2022-06-16,4,105
2022-06-16,5,230
2022-06-16,6,430
2022-06-16,7,748
2022-06-16,8,1109
2022-06-16,9,1159
2022-06-16,10,1170
2022-06-16,11,1301
2022-06-16,12,1483
2022-06-16,13,1450
2022-06-16,14,1440
2022-06-16,15,1413
2022-06-16,16,1460
2022-06-16,17,1453
2022-06-16,18,1492
2022-06-16,19,1484
2022-06-16,20,1215
2022-06-16,21,1021
2022-06-16,22,826
2022-06-16,23,645
2022-06-17,0,522
2022-06-17,1,372
2022-06-17,2,248
2022-06-17,3,157
2022-06-17,4,139
2022-06-17,5,243
2022-06-17,6,417
2022-06-17,7,616
2022-06-17,8,854
2022-06-17,9,1035
2022-06-17,10,1163
2022-06-17,11,1280
2022-06-17,12,1333
2022-06-17,13,1262
2022-06-17,14,1283
2022-06-17,15,1385
2022-06-17,16,1398
2022-06-17,17,1485
2022-06-17,18,1593
2022-06-17,19,1541
2022-06-17,20,1294
2022-06-17,21,1037
2022-06-17,22,860
2022-06-17,23,741
2022-06-18,0,682
2022-06-18,1,490
2022-06-18,2,330
2022-06-18,3,238
2022-06-18,4,172
2022-06-18,5,155
2022-06-18,6,192
2022-06-18,7,291
2022-06-18,8,401
2022-06-18,9,664
2022-06-18,10,836
2022-06-18,11,951
2022-06-18,12,1011
2022-06-18,13,998
2022-06-18,14,1100
2022-06-18,15,1078
2022-06-18,16,1131
2022-06-18,17,1174
2022-06-18,18,1158
2022-06-18,19,1238
2022-06-18,20,1038
2022-06-18,21,1019
2022-06-18,22,904
2022-06-18,23,765
2022-06-19,0,618
2022-06-19,1,466
2022-06-19,2,353
2022-06-19,3,240
2022-06-19,4,202
2022-06-19,5,244
2022-06-19,6,257
2022-06-19,7,271
2022-06-19,8,403
2022-06-19,9,567
2022-06-19,10,816
2022-06-19,11,850
2022-06-19,12,885
2022-06-19,13,946
2022-06-19,14,1046
2022-06-19,15,1060
2022-06-19,16,1041
2022-06-19,17,1079
2022-06-19,18,1059
2022-06-19,19,1050
2022-06-19,20,869
2022-06-19,21,798
2022-06-19,22,598
2022-06-19,23,548
2022-06-20,0,390
2022-06-20,1,199
2022-06-20,2,161
2022-06-20,3,129
2022-06-20,4,151
2022-06-20,5,232
2022-06-20,6,339
2022-06-20,7,537
2022-06-20,8,724
2022-06-20,9,926
2022-06-20,10,1007
2022-06-20,11,1166
2022-06-20,12,1330
2022-06-20,13,1317
2022-06-20,14,1373
2022-06-20,15,1347
2022-06-20,16,1317
2022-06-20,17,1352
2022-06-20,18,1294
2022-06-20,19,1117
2022-06-20,20,876
2022-06-20,21,742
2022-06-20,22,530
2022-06-20,23,407
2022-06-21,0,332
2022-06-21,1,170
2022-06-21,2,81
2022-06-21,3,61
2022-06-21,4,73
2022-06-21,5,174
2022-06-21,6,339
2022-06-21,7,707
2022-06-21,8,1165
2022-06-21,9,1246
2022-06-21,10,1284
2022-06-21,11,1269
2022-06-21,12,1286
2022-06-21,13,1365
2022-06-21,14,1447
2022-06-21,15,1445
2022-06-21,16,1624
2022-06-21,17,1762
2022-06-21,18,1681
2022-06-21,19,1373
2022-06-21,20,1023
2022-06-21,21,910
2022-06-21,22,708
2022-06-21,23,516
2022-06-22,0,341
2022-06-22,1,151
2022-06-22,2,94
2022-06-22,3,61
2022-06-22,4,88
2022-06-22,5,183
2022-06-22,6,376
2022-06-22,7,786
2022-06-22,8,1191
2022-06-22,9,1386
2022-06-22,10,1347
2022-06-22,11,1386
2022-06-22,12,1567
2022-06-22,13,1554
2022-06-22,14,1536
2022-06-22,15,1570
2022-06-22,16,1681
2022-06-22,17,1735
2022-06-22,18,1611
2022-06-22,19,1468
2022-06-22,20,1089
2022-06-22,21,934
2022-06-22,22,779
2022-06-22,23,624
2022-06-23,0,453
2022-06-23,1,312
2022-06-23,2,140
2022-06-23,3,91
2022-06-23,4,113
2022-06-23,5,224
2022-06-23,6,440
2022-06-23,7,765
2022-06-23,8,1061
2022-06-23,9,1207
2022-06-23,10,1264
2022-06-23,11,1395
2022-06-23,12,1518
2022-06-23,13,1593
2022-06-23,14,1608
2022-06-23,15,1561
2022-06-23,16,1655
2022-06-23,17,1735
2022-06-23,18,1726
2022-06-23,19,1506
2022-06-23,20,1292
2022-06-23,21,1083
2022-06-23,22,1013
2022-06-23,23,775
2022-06-24,0,537
2022-06-24,1,310
2022-06-24,2,140
2022-06-24,3,114
2022-06-24,4,133
2022-06-24,5,241
2022-06-24,6,390
2022-06-24,7,678
2022-06-24,8,961
2022-06-24,9,1088
2022-06-24,10,1203
2022-06-24,11,1288
2022-06-24,12,1513
2022-06-24,13,1422
2022-06-24,14,1513
2022-06-24,15,1495
2022-06-24,16,1505
2022-06-24,17,1407
2022-06-24,18,1431
2022-06-24,19,1419
2022-06-24,20,1058
2022-06-24,21,1020
2022-06-24,22,980
2022-06-24,23,833
2022-06-25,0,704
2022-06-25,1,528
2022-06-25,2,299
2022-06-25,3,196
2022-06-25,4,161
2022-06-25,5,181
2022-06-25,6,210
2022-06-25,7,317
2022-06-25,8,520
2022-06-25,9,654
2022-06-25,10,970
2022-06-25,11,1029
2022-06-25,12,1072
2022-06-25,13,1123
2022-06-25,14,1110
2022-06-25,15,1090
2022-06-25,16,1239
2022-06-25,17,1237
2022-06-25,18,1143
2022-06-25,19,984
2022-06-25,20,814
2022-06-25,21,813
2022-06-25,22,758
2022-06-25,23,736
2022-06-26,0,694
2022-06-26,1,542
2022-06-26,2,375
2022-06-26,3,245
2022-06-26,4,233
2022-06-26,5,265
2022-06-26,6,331
2022-06-26,7,349
2022-06-26,8,423
2022-06-26,9,601
2022-06-26,10,831
2022-06-26,11,946
2022-06-26,12,1014
2022-06-26,13,992
2022-06-26,14,1023
2022-06-26,15,996
2022-06-26,16,1091
2022-06-26,17,1038
2022-06-26,18,1073
2022-06-26,19,1055
2022-06-26,20,931
2022-06-26,21,861
2022-06-26,22,676
2022-06-26,23,494
2022-06-27,0,455
2022-06-27,1,241
2022-06-27,2,148
2022-06-27,3,97
2022-06-27,4,132
2022-06-27,5,238
2022-06-27,6,431
2022-06-27,7,659
2022-06-27,8,952
2022-06-27,9,1071
2022-06-27,10,1068
2022-06-27,11,1112
2022-06-27,12,1242
2022-06-27,13,1265
2022-06-27,14,1283
2022-06-27,15,1249
2022-06-27,16,1278
2022-06-27,17,1376
2022-06-27,18,1192
2022-06-27,19,1053
2022-06-27,20,930
2022-06-27,21,784
2022-06-27,22,510
2022-06-27,23,396
2022-06-28,0,359
2022-06-28,1,200
2022-06-28,2,92
2022-06-28,3,58
2022-06-28,4,100
2022-06-28,5,159
2022-06-28,6,311
2022-06-28,7,698
2022-06-28,8,1059
2022-06-28,9,1191
2022-06-28,10,1115
2022-06-28,11,1115
2022-06-28,12,1283
2022-06-28,13,1307
2022-06-28,14,1358
2022-06-28,15,1313
2022-06-28,16,1399
2022-06-28,17,1481
2022-06-28,18,1486
2022-06-28,19,1299
2022-06-28,20,977
2022-06-28,21,950
2022-06-28,22,774
2022-06-28,23,540
2022-06-29,0,315
2022-06-29,1,183
2022-06-29,2,83
2022-06-29,3,73
2022-06-29,4,101
2022-06-29,5,197
2022-06-29,6,361
2022-06-29,7,661
2022-06-29,8,1014
2022-06-29,9,1233
2022-06-29,10,1109
2022-06-29,11,1235
2022-06-29,12,1298
2022-06-29,13,1297
2022-06-29,14,1366
2022-06-29,15,1317
2022-06-29,16,1342
2022-06-29,17,1294
2022-06-29,18,1373
2022-06-29,19,1159
2022-06-29,20,1040
2022-06-29,21,938
2022-06-29,22,825
2022-06-29,23,615
2022-06-30,0,344
2022-06-30,1,206
2022-06-30,2,118
2022-06-30,3,70
2022-06-30,4,110
2022-06-30,5,209
2022-06-30,6,352
2022-06-30,7,683
2022-06-30,8,1019
2022-06-30,9,1035
2022-06-30,10,1074
2022-06-30,11,1125
2022-06-30,12,1320
2022-06-30,13,1311
2022-06-30,14,1383
2022-06-30,15,1365
2022-06-30,16,1450
2022-06-30,17,1480
2022-06-30,18,1425
2022-06-30,19,1372
2022-06-30,20,1080
2022-06-30,21,928
2022-06-30,22,810
2022-06-30,23,688
2022-07-01,0,439
2022-07-01,1,255
2022-07-01,2,145
2022-07-01,3,108
2022-07-01,4,110
2022-07-01,5,202
2022-07-01,6,344
2022-07-01,7,524
2022-07-01,8,788
2022-07-01,9,944
2022-07-01,10,1060
2022-07-01,11,1232
2022-07-01,12,1257
2022-07-01,13,1268
2022-07-01,14,1240
2022-07-01,15,1239
2022-07-01,16,1234
2022-07-01,17,1256
2022-07-01,18,1192
2022-07-01,19,1036
2022-07-01,20,927
2022-07-01,21,871
2022-07-01,22,777
2022-07-01,23,740
2022-07-02,0,556
2022-07-02,1,427
2022-07-02,2,273
2022-07-02,3,172
2022-07-02,4,135
2022-07-02,5,131
2022-07-02,6,219
2022-07-02,7,247
2022-07-02,8,399
2022-07-02,9,503
2022-07-02,10,667
2022-07-02,11,796
2022-07-02,12,883
2022-07-02,13,941
2022-07-02,14,1015
2022-07-02,15,1016
2022-07-02,16,1054
2022-07-02,17,1017
2022-07-02,18,966
2022-07-02,19,869
2022-07-02,20,766
2022-07-02,21,712
2022-07-02,22,693
2022-07-02,23,635
2022-07-03,0,586
2022-07-03,1,362
2022-07-03,2,257
2022-07-03,3,186
2022-07-03,4,142
2022-07-03,5,149
2022-07-03,6,156
2022-07-03,7,233
2022-07-03,8,317
2022-07-03,9,461
2022-07-03,10,541
2022-07-03,11,657
2022-07-03,12,783
2022-07-03,13,764
2022-07-03,14,695
2022-07-03,15,842
2022-07-03,16,778
2022-07-03,17,840
2022-07-03,18,825
2022-07-03,19,798
2022-07-03,20,714
2022-07-03,21,590
2022-07-03,22,559
2022-07-03,23,465
2022-07-04,0,392
2022-07-04,1,275
2022-07-04,2,192
2022-07-04,3,142
2022-07-04,4,138
2022-07-04,5,149
2022-07-04,6,192
2022-07-04,7,202
2022-07-04,8,261
2022-07-04,9,346
2022-07-04,10,498
2022-07-04,11,607
2022-07-04,12,691
2022-07-04,13,723
2022-07-04,14,791
2022-07-04,15,794
2022-07-04,16,716
2022-07-04,17,872
2022-07-04,18,845
2022-07-04,19,765
2022-07-04,20,751
2022-07-04,21,684
2022-07-04,22,575
2022-07-04,23,376
2022-07-05,0,268
2022-07-05,1,128
2022-07-05,2,73
2022-07-05,3,111
2022-07-05,4,146
2022-07-05,5,207
2022-07-05,6,320
2022-07-05,7,544
2022-07-05,8,884
2022-07-05,9,929
2022-07-05,10,952
2022-07-05,11,978
2022-07-05,12,1078
2022-07-05,13,1071
2022-07-05,14,1100
2022-07-05,15,1138
2022-07-05,16,1095
2022-07-05,17,1123
2022-07-05,18,1023
2022-07-05,19,923
2022-07-05,20,753
2022-07-05,21,554
2022-07-05,22,468
2022-07-05,23,416
2022-07-06,0,334
2022-07-06,1,164
2022-07-06,2,95
2022-07-06,3,82
2022-07-06,4,76
2022-07-06,5,156
2022-07-06,6,312
2022-07-06,7,591
2022-07-06,8,917
2022-07-06,9,1039
2022-07-06,10,965
2022-07-06,11,1009
2022-07-06,12,1036
2022-07-06,13,1092
2022-07-06,14,1104
2022-07-06,15,1120
2022-07-06,16,1207
2022-07-06,17,1147
2022-07-06,18,1093
2022-07-06,19,983
2022-07-06,20,784
2022-07-06,21,659
2022-07-06,22,491
2022-07-06,23,356
2022-07-07,0,256
2022-07-07,1,147
2022-07-07,2,87
2022-07-07,3,75
2022-07-07,4,118
2022-07-07,5,183
2022-07-07,6,366
2022-07-07,7,633
2022-07-07,8,880
2022-07-07,9,994
2022-07-07,10,1056
2022-07-07,11,1073
2022-07-07,12,1173
2022-07-07,13,1131
2022-07-07,14,1227
2022-07-07,15,1254
2022-07-07,16,1301
2022-07-07,17,1466
2022-07-07,18,1295
2022-07-07,19,1103
2022-07-07,20,836
2022-07-07,21,706
2022-07-07,22,577
2022-07-07,23,471
2022-07-08,0,321
2022-07-08,1,202
2022-07-08,2,94
2022-07-08,3,93
2022-07-08,4,84
2022-07-08,5,148
2022-07-08,6,270
2022-07-08,7,467
2022-07-08,8,739
2022-07-08,9,897
2022-07-08,10,980
2022-07-08,11,1030
2022-07-08,12,1056
2022-07-08,13,1112
2022-07-08,14,1261
2022-07-08,15,1306
2022-07-08,16,1297
2022-07-08,17,1388
2022-07-08,18,1288
2022-07-08,19,1083
2022-07-08,20,918
2022-07-08,21,811
2022-07-08,22,751
2022-07-08,23,687
2022-07-09,0,576
2022-07-09,1,481
2022-07-09,2,291
2022-07-09,3,190
2022-07-09,4,132
2022-07-09,5,140
2022-07-09,6,173
2022-07-09,7,259
2022-07-09,8,349
2022-07-09,9,519
2022-07-09,10,693
2022-07-09,11,756
2022-07-09,12,845
2022-07-09,13,956
2022-07-09,14,990
2022-07-09,15,951
2022-07-09,16,1020
2022-07-09,17,1098
2022-07-09,18,1034
2022-07-09,19,1031
2022-07-09,20,854
2022-07-09,21,793
2022-07-09,22,700
2022-07-09,23,642
2022-07-10,0,590
2022-07-10,1,520
2022-07-10,2,351
2022-07-10,3,229
2022-07-10,4,213
2022-07-10,5,219
2022-07-10,6,277
2022-07-10,7,286
2022-07-10,8,399
2022-07-10,9,583
2022-07-10,10,804
2022-07-10,11,814
2022-07-10,12,966
2022-07-10,13,995
2022-07-10,14,1009
2022-07-10,15,1027
2022-07-10,16,1075
2022-07-10,17,1069
2022-07-10,18,1002
2022-07-10,19,963
2022-07-10,20,999
2022-07-10,21,724
2022-07-10,22,545
2022-07-10,23,438
2022-07-11,0,334
2022-07-11,1,176
2022-07-11,2,91
2022-07-11,3,79
2022-07-11,4,134
2022-07-11,5,215
2022-07-11,6,386
2022-07-11,7,742
2022-07-11,8,1074
2022-07-11,9,1246
2022-07-11,10,1165
2022-07-11,11,1184
2022-07-11,12,1194
2022-07-11,13,1303
2022-07-11,14,1374
2022-07-11,15,1299
2022-07-11,16,1433
2022-07-11,17,1531
2022-07-11,18,1404
2022-07-11,19,1123
2022-07-11,20,940
2022-07-11,21,927
2022-07-11,22,687
2022-07-11,23,504
2022-07-12,0,329
2022-07-12,1,173
2022-07-12,2,83
2022-07-12,3,76
2022-07-12,4,89
2022-07-12,5,156
2022-07-12,6,370
2022-07-12,7,735
2022-07-12,8,1127
2022-07-12,9,1289
2022-07-12,10,1232
2022-07-12,11,1257
2022-07-12,12,1371
2022-07-12,13,1392
2022-07-12,14,1457
2022-07-12,15,1398
2022-07-12,16,1516
2022-07-12,17,1526
2022-07-12,18,1483
2022-07-12,19,1308
2022-07-12,20,958
2022-07-12,21,852
2022-07-12,22,686
2022-07-12,23,520
2022-07-13,0,365
2022-07-13,1,180
2022-07-13,2,88
2022-07-13,3,85
2022-07-13,4,110
2022-07-13,5,224
2022-07-13,6,380
2022-07-13,7,814
2022-07-13,8,1107
2022-07-13,9,1231
2022-07-13,10,1202
2022-07-13,11,1224
2022-07-13,12,1364
2022-07-13,13,1386
2022-07-13,14,1417
2022-07-13,15,1469
2022-07-13,16,1426
2022-07-13,17,1557
2022-07-13,18,1455
2022-07-13,19,1193
2022-07-13,20,1035
2022-07-13,21,970
2022-07-13,22,859
2022-07-13,23,498
2022-07-14,0,352
2022-07-14,1,201
2022-07-14,2,84
2022-07-14,3,101
2022-07-14,4,119
2022-07-14,5,223
2022-07-14,6,373
2022-07-14,7,691
2022-07-14,8,1033
2022-07-14,9,1190
2022-07-14,10,1064
2022-07-14,11,1228
2022-07-14,12,1361
2022-07-14,13,1405
2022-07-14,14,1457
2022-07-14,15,1498
2022-07-14,16,1572
2022-07-14,17,1645
2022-07-14,18,1586
2022-07-14,19,1482
2022-07-14,20,1185
2022-07-14,21,1066
2022-07-14,22,893
2022-07-14,23,703
2022-07-15,0,443
2022-07-15,1,282
2022-07-15,2,182
2022-07-15,3,133
2022-07-15,4,133
2022-07-15,5,207
2022-07-15,6,407
2022-07-15,7,664
2022-07-15,8,976
2022-07-15,9,1084
2022-07-15,10,1157
2022-07-15,11,1417
2022-07-15,12,1564
2022-07-15,13,1358
2022-07-15,14,1316
2022-07-15,15,1363
2022-07-15,16,1541
2022-07-15,17,1626
2022-07-15,18,1624
2022-07-15,19,1529
2022-07-15,20,1021
2022-07-15,21,882
2022-07-15,22,785
2022-07-15,23,610
2022-07-16,0,542
2022-07-16,1,435
2022-07-16,2,327
2022-07-16,3,175
2022-07-16,4,125
2022-07-16,5,118
2022-07-16,6,168
2022-07-16,7,253
2022-07-16,8,388
2022-07-16,9,560
2022-07-16,10,757
2022-07-16,11,925
2022-07-16,12,1050
2022-07-16,13,1035
2022-07-16,14,1037
2022-07-16,15,1076
2022-07-16,16,1122
2022-07-16,17,1260
2022-07-16,18,1250
2022-07-16,19,1164
2022-07-16,20,968
2022-07-16,21,868
2022-07-16,22,839
2022-07-16,23,723
2022-07-17,0,700
2022-07-17,1,508
2022-07-17,2,410
2022-07-17,3,250
2022-07-17,4,229
2022-07-17,5,255
2022-07-17,6,289
2022-07-17,7,284
2022-07-17,8,372
2022-07-17,9,567
2022-07-17,10,756
2022-07-17,11,885
2022-07-17,12,955
2022-07-17,13,979
2022-07-17,14,996
2022-07-17,15,954
2022-07-17,16,929
2022-07-17,17,959
2022-07-17,18,894
2022-07-17,19,868
2022-07-17,20,813
2022-07-17,21,737
2022-07-17,22,566
2022-07-17,23,546
2022-07-18,0,406
2022-07-18,1,200
2022-07-18,2,94
2022-07-18,3,94
2022-07-18,4,126
2022-07-18,5,207
2022-07-18,6,358
2022-07-18,7,660
2022-07-18,8,903
2022-07-18,9,1044
2022-07-18,10,1067
2022-07-18,11,1123
2022-07-18,12,1257
2022-07-18,13,1290
2022-07-18,14,1258
2022-07-18,15,1295
2022-07-18,16,1322
2022-07-18,17,1430
2022-07-18,18,1283
2022-07-18,19,1097
2022-07-18,20,892
2022-07-18,21,824
2022-07-18,22,503
2022-07-18,23,404
2022-07-19,0,313
2022-07-19,1,215
2022-07-19,2,107
2022-07-19,3,79
2022-07-19,4,89
2022-07-19,5,176
2022-07-19,6,312
2022-07-19,7,733
2022-07-19,8,1184
2022-07-19,9,1203
2022-07-19,10,1246
2022-07-19,11,1181
2022-07-19,12,1298
2022-07-19,13,1351
2022-07-19,14,1301
2022-07-19,15,1364
2022-07-19,16,1512
2022-07-19,17,1542
2022-07-19,18,1483
2022-07-19,19,1269
2022-07-19,20,956
2022-07-19,21,770
2022-07-19,22,595
2022-07-19,23,416
2022-07-20,0,254
2022-07-20,1,179
2022-07-20,2,87
2022-07-20,3,67
2022-07-20,4,88
2022-07-20,5,179
2022-07-20,6,379
2022-07-20,7,738
2022-07-20,8,1144
2022-07-20,9,1248
2022-07-20,10,1215
2022-07-20,11,1292
2022-07-20,12,1370
2022-07-20,13,1453
2022-07-20,14,1454
2022-07-20,15,1520
2022-07-20,16,1572
2022-07-20,17,1643
2022-07-20,18,1621
2022-07-20,19,1315
2022-07-20,20,1149
2022-07-20,21,899
2022-07-20,22,695
2022-07-20,23,518
2022-07-21,0,347
2022-07-21,1,192
2022-07-21,2,93
2022-07-21,3,69
2022-07-21,4,120
2022-07-21,5,217
2022-07-21,6,383
2022-07-21,7,719
2022-07-21,8,1012
2022-07-21,9,1207
2022-07-21,10,1142
2022-07-21,11,1264
2022-07-21,12,1364
2022-07-21,13,1464
2022-07-21,14,1442
2022-07-21,15,1245
2022-07-21,16,1420
2022-07-21,17,1483
2022-07-21,18,1391
2022-07-21,19,1332
2022-07-21,20,1108
2022-07-21,21,1088
2022-07-21,22,965
2022-07-21,23,682
2022-07-22,0,379
2022-07-22,1,235
2022-07-22,2,139
2022-07-22,3,104
2022-07-22,4,114
2022-07-22,5,236
2022-07-22,6,394
2022-07-22,7,618
2022-07-22,8,847
2022-07-22,9,978
2022-07-22,10,1060
2022-07-22,11,1039
2022-07-22,12,1162
2022-07-22,13,1230
2022-07-22,14,1286
2022-07-22,15,1408
2022-07-22,16,1503
2022-07-22,17,1620
2022-07-22,18,1564
2022-07-22,19,1396
2022-07-22,20,1062
2022-07-22,21,851
2022-07-22,22,705
2022-07-22,23,695
2022-07-23,0,581
2022-07-23,1,476
2022-07-23,2,262
2022-07-23,3,197
2022-07-23,4,149
2022-07-23,5,128
2022-07-23,6,194
2022-07-23,7,228
2022-07-23,8,365
2022-07-23,9,495
2022-07-23,10,695
2022-07-23,11,874
2022-07-23,12,916
2022-07-23,13,920
2022-07-23,14,1017
2022-07-23,15,1111
2022-07-23,16,1246
2022-07-23,17,1151
2022-07-23,18,1200
2022-07-23,19,1017
2022-07-23,20,870
2022-07-23,21,922
2022-07-23,22,906
2022-07-23,23,803
2022-07-24,0,699
2022-07-24,1,477
2022-07-24,2,412
2022-07-24,3,243
2022-07-24,4,207
2022-07-24,5,225
2022-07-24,6,251
2022-07-24,7,276
2022-07-24,8,372
2022-07-24,9,489
2022-07-24,10,620
2022-07-24,11,852
2022-07-24,12,996
2022-07-24,13,984
2022-07-24,14,927
2022-07-24,15,969
2022-07-24,16,943
2022-07-24,17,1088
2022-07-24,18,1069
2022-07-24,19,1035
2022-07-24,20,866
2022-07-24,21,736
2022-07-24,22,668
2022-07-24,23,592
2022-07-25,0,527
2022-07-25,1,330
2022-07-25,2,144
2022-07-25,3,98
2022-07-25,4,125
2022-07-25,5,196
2022-07-25,6,378
2022-07-25,7,636
2022-07-25,8,993
2022-07-25,9,1134
2022-07-25,10,1164
2022-07-25,11,1142
2022-07-25,12,1304
2022-07-25,13,1376
2022-07-25,14,1324
2022-07-25,15,1395
2022-07-25,16,1422
2022-07-25,17,1541
2022-07-25,18,1402
2022-07-25,19,1097
2022-07-25,20,888
2022-07-25,21,837
2022-07-25,22,688
2022-07-25,23,511
2022-07-26,0,373
2022-07-26,1,252
2022-07-26,2,199
2022-07-26,3,89
2022-07-26,4,85
2022-07-26,5,197
2022-07-26,6,326
2022-07-26,7,717
2022-07-26,8,1212
2022-07-26,9,1268
2022-07-26,10,1177
2022-07-26,11,1267
2022-07-26,12,1266
2022-07-26,13,1295
2022-07-26,14,1339
2022-07-26,15,1391
2022-07-26,16,1416
2022-07-26,17,1512
2022-07-26,18,1508
2022-07-26,19,1353
2022-07-26,20,952
2022-07-26,21,759
2022-07-26,22,698
2022-07-26,23,515
2022-07-27,0,335
2022-07-27,1,150
2022-07-27,2,91
2022-07-27,3,84
2022-07-27,4,81
2022-07-27,5,194
2022-07-27,6,370
2022-07-27,7,744
2022-07-27,8,1104
2022-07-27,9,1198
2022-07-27,10,1243
2022-07-27,11,1227
2022-07-27,12,1303
2022-07-27,13,1417
2022-07-27,14,1482
2022-07-27,15,1494
2022-07-27,16,1382
2022-07-27,17,1445
2022-07-27,18,1585
2022-07-27,19,1410
2022-07-27,20,1096
2022-07-27,21,966
2022-07-27,22,775
2022-07-27,23,526
2022-07-28,0,382
2022-07-28,1,228
2022-07-28,2,115
2022-07-28,3,95
2022-07-28,4,115
2022-07-28,5,235
2022-07-28,6,434
2022-07-28,7,764
2022-07-28,8,1071
2022-07-28,9,1214
2022-07-28,10,1201
2022-07-28,11,1241
2022-07-28,12,1345
2022-07-28,13,1348
2022-07-28,14,1347
2022-07-28,15,1267
2022-07-28,16,1327
2022-07-28,17,1323
2022-07-28,18,1307
2022-07-28,19,1272
2022-07-28,20,1084
2022-07-28,21,932
2022-07-28,22,788
2022-07-28,23,715
2022-07-29,0,522
2022-07-29,1,337
2022-07-29,2,210
2022-07-29,3,122
2022-07-29,4,151
2022-07-29,5,244
2022-07-29,6,400
2022-07-29,7,565
2022-07-29,8,748
2022-07-29,9,924
2022-07-29,10,1020
2022-07-29,11,1166
2022-07-29,12,1268
2022-07-29,13,1272
2022-07-29,14,1302
2022-07-29,15,1373
2022-07-29,16,1286
2022-07-29,17,1369
2022-07-29,18,1325
2022-07-29,19,1153
2022-07-29,20,1013
2022-07-29,21,896
2022-07-29,22,738
2022-07-29,23,724
2022-07-30,0,555
2022-07-30,1,469
2022-07-30,2,304
2022-07-30,3,216
2022-07-30,4,124
2022-07-30,5,151
2022-07-30,6,191
2022-07-30,7,284
2022-07-30,8,349
2022-07-30,9,559
2022-07-30,10,760
2022-07-30,11,882
2022-07-30,12,939
2022-07-30,13,968
2022-07-30,14,1012
2022-07-30,15,1045
2022-07-30,16,990
2022-07-30,17,937
2022-07-30,18,987
2022-07-30,19,963
2022-07-30,20,851
2022-07-30,21,766
2022-07-30,22,701
2022-07-30,23,645
2022-07-31,0,578
2022-07-31,1,455
2022-07-31,2,347
2022-07-31,3,281
2022-07-31,4,193
2022-07-31,5,210
2022-07-31,6,221
2022-07-31,7,272
2022-07-31,8,341
2022-07-31,9,516
2022-07-31,10,677
2022-07-31,11,824
2022-07-31,12,910
2022-07-31,13,916
2022-07-31,14,918
2022-07-31,15,855
2022-07-31,16,890
2022-07-31,17,812
2022-07-31,18,821
2022-07-31,19,790
2022-07-31,20,685
2022-07-31,21,670
2022-07-31,22,548
2022-07-31,23,491
2022-08-01,0,368
2022-08-01,1,257
2022-08-01,2,143
2022-08-01,3,99
2022-08-01,4,184
2022-08-01,5,251
2022-08-01,6,433
2022-08-01,7,651
2022-08-01,8,882
2022-08-01,9,1000
2022-08-01,10,1054
2022-08-01,11,1105
2022-08-01,12,1204
2022-08-01,13,1203
2022-08-01,14,1187
2022-08-01,15,1203
2022-08-01,16,1279
2022-08-01,17,1258
2022-08-01,18,1165
2022-08-01,19,990
2022-08-01,20,789
2022-08-01,21,661
2022-08-01,22,452
2022-08-01,23,327
2022-08-02,0,224
2022-08-02,1,108
2022-08-02,2,47
2022-08-02,3,46
2022-08-02,4,77
2022-08-02,5,157
2022-08-02,6,286
2022-08-02,7,583
2022-08-02,8,997
2022-08-02,9,1073
2022-08-02,10,992
2022-08-02,11,994
2022-08-02,12,1148
2022-08-02,13,1145
2022-08-02,14,1157
2022-08-02,15,1250
2022-08-02,16,1321
2022-08-02,17,1444
2022-08-02,18,1383
2022-08-02,19,1117
2022-08-02,20,893
2022-08-02,21,664
2022-08-02,22,498
2022-08-02,23,362
2022-08-03,0,177
2022-08-03,1,93
2022-08-03,2,55
2022-08-03,3,66
2022-08-03,4,72
2022-08-03,5,160
2022-08-03,6,319
2022-08-03,7,638
2022-08-03,8,1046
2022-08-03,9,1115
2022-08-03,10,1086
2022-08-03,11,1104
2022-08-03,12,1158
2022-08-03,13,1309
2022-08-03,14,1224
2022-08-03,15,1094
2022-08-03,16,1182
2022-08-03,17,1319
2022-08-03,18,1296
2022-08-03,19,1064
2022-08-03,20,902
2022-08-03,21,882
2022-08-03,22,759
2022-08-03,23,627
2022-08-04,0,485
2022-08-04,1,258
2022-08-04,2,125
2022-08-04,3,78
2022-08-04,4,101
2022-08-04,5,177
2022-08-04,6,337
2022-08-04,7,641
2022-08-04,8,1027
2022-08-04,9,1110
2022-08-04,10,1184
2022-08-04,11,1222
2022-08-04,12,1344
2022-08-04,13,1373
2022-08-04,14,1423
2022-08-04,15,1497
2022-08-04,16,1522
2022-08-04,17,1678
2022-08-04,18,1740
2022-08-04,19,1321
2022-08-04,20,1159
2022-08-04,21,1051
2022-08-04,22,888
2022-08-04,23,679
2022-08-05,0,560
2022-08-05,1,344
2022-08-05,2,172
2022-08-05,3,115
2022-08-05,4,123
2022-08-05,5,210
2022-08-05,6,305
2022-08-05,7,518
2022-08-05,8,802
2022-08-05,9,941
2022-08-05,10,1063
2022-08-05,11,1274
2022-08-05,12,1302
2022-08-05,13,1305
2022-08-05,14,1404
2022-08-05,15,1497
2022-08-05,16,1559
2022-08-05,17,1718
2022-08-05,18,1772
2022-08-05,19,1685
2022-08-05,20,1297
2022-08-05,21,1054
2022-08-05,22,922
2022-08-05,23,862
2022-08-06,0,762
2022-08-06,1,567
2022-08-06,2,381
2022-08-06,3,243
2022-08-06,4,159
2022-08-06,5,141
2022-08-06,6,198
2022-08-06,7,275
2022-08-06,8,387
2022-08-06,9,597
2022-08-06,10,848
2022-08-06,11,958
2022-08-06,12,1062
2022-08-06,13,1175
2022-08-06,14,1147
2022-08-06,15,1213
2022-08-06,16,1329
2022-08-06,17,1316
2022-08-06,18,1312
2022-08-06,19,1275
2022-08-06,20,1082
2022-08-06,21,970
2022-08-06,22,935
2022-08-06,23,761
2022-08-07,0,617
2022-08-07,1,478
2022-08-07,2,348
2022-08-07,3,221
2022-08-07,4,206
2022-08-07,5,208
2022-08-07,6,279
2022-08-07,7,315
2022-08-07,8,418
2022-08-07,9,527
2022-08-07,10,764
2022-08-07,11,860
2022-08-07,12,977
2022-08-07,13,1011
2022-08-07,14,917
2022-08-07,15,991
2022-08-07,16,1072
2022-08-07,17,1130
2022-08-07,18,1071
2022-08-07,19,955
2022-08-07,20,860
2022-08-07,21,778
2022-08-07,22,657
2022-08-07,23,549
2022-08-08,0,377
2022-08-08,1,283
2022-08-08,2,166
2022-08-08,3,127
2022-08-08,4,157
2022-08-08,5,220
2022-08-08,6,381
2022-08-08,7,682
2022-08-08,8,1123
2022-08-08,9,1033
2022-08-08,10,1002
2022-08-08,11,1003
2022-08-08,12,1104
2022-08-08,13,1234
2022-08-08,14,1294
2022-08-08,15,1502
2022-08-08,16,1487
2022-08-08,17,1574
2022-08-08,18,1234
2022-08-08,19,996
2022-08-08,20,823
2022-08-08,21,817
2022-08-08,22,705
2022-08-08,23,554
2022-08-09,0,390
2022-08-09,1,209
2022-08-09,2,90
2022-08-09,3,60
2022-08-09,4,84
2022-08-09,5,166
2022-08-09,6,319
2022-08-09,7,596
2022-08-09,8,1040
2022-08-09,9,1135
2022-08-09,10,1097
2022-08-09,11,1082
2022-08-09,12,1253
2022-08-09,13,1218
2022-08-09,14,1239
2022-08-09,15,1258
2022-08-09,16,1364
2022-08-09,17,1445
2022-08-09,18,1384
2022-08-09,19,1173
2022-08-09,20,862
2022-08-09,21,808
2022-08-09,22,680
2022-08-09,23,486
2022-08-10,0,334
2022-08-10,1,171
2022-08-10,2,72
2022-08-10,3,62
2022-08-10,4,89
2022-08-10,5,175
2022-08-10,6,343
2022-08-10,7,635
2022-08-10,8,1000
2022-08-10,9,1068
2022-08-10,10,1028
2022-08-10,11,1083
2022-08-10,12,1212
2022-08-10,13,1244
2022-08-10,14,1300
2022-08-10,15,1346
2022-08-10,16,1486
2022-08-10,17,1510
2022-08-10,18,1416
2022-08-10,19,1233
2022-08-10,20,1000
2022-08-10,21,851
2022-08-10,22,663
2022-08-10,23,496
2022-08-11,0,425
2022-08-11,1,312
2022-08-11,2,132
2022-08-11,3,110
2022-08-11,4,113
2022-08-11,5,168
2022-08-11,6,316
2022-08-11,7,641
2022-08-11,8,1043
2022-08-11,9,1054
2022-08-11,10,1043
2022-08-11,11,1103
2022-08-11,12,1175
2022-08-11,13,1218
2022-08-11,14,1236
2022-08-11,15,1217
2022-08-11,16,1370
2022-08-11,17,1541
2022-08-11,18,1523
2022-08-11,19,1362
2022-08-11,20,1198
2022-08-11,21,992
2022-08-11,22,804
2022-08-11,23,494
2022-08-12,0,419
2022-08-12,1,230
2022-08-12,2,130
2022-08-12,3,90
2022-08-12,4,109
2022-08-12,5,174
2022-08-12,6,340
2022-08-12,7,502
2022-08-12,8,740
2022-08-12,9,886
2022-08-12,10,1051
2022-08-12,11,1130
2022-08-12,12,1258
2022-08-12,13,1220
2022-08-12,14,1246
2022-08-12,15,1280
2022-08-12,16,1440
2022-08-12,17,1523
2022-08-12,18,1443
2022-08-12,19,1343
2022-08-12,20,1006
2022-08-12,21,850
2022-08-12,22,710
2022-08-12,23,573
2022-08-13,0,476
2022-08-13,1,350
2022-08-13,2,262
2022-08-13,3,194
2022-08-13,4,140
2022-08-13,5,152
2022-08-13,6,207
2022-08-13,7,268
2022-08-13,8,385
2022-08-13,9,573
2022-08-13,10,812
2022-08-13,11,933
2022-08-13,12,976
2022-08-13,13,986
2022-08-13,14,1047
2022-08-13,15,1039
2022-08-13,16,1066
2022-08-13,17,1190
2022-08-13,18,1151
2022-08-13,19,1090
2022-08-13,20,987
2022-08-13,21,944
2022-08-13,22,817
2022-08-13,23,699
2022-08-14,0,651
2022-08-14,1,526
2022-08-14,2,374
2022-08-14,3,264
2022-08-14,4,205
2022-08-14,5,202
2022-08-14,6,224
2022-08-14,7,250
2022-08-14,8,348
2022-08-14,9,502
2022-08-14,10,668
2022-08-14,11,807
2022-08-14,12,924
2022-08-14,13,959
2022-08-14,14,950
2022-08-14,15,913
2022-08-14,16,911
2022-08-14,17,902
2022-08-14,18,824
2022-08-14,19,857
2022-08-14,20,797
2022-08-14,21,582
2022-08-14,22,497
2022-08-14,23,386
2022-08-15,0,310
2022-08-15,1,159
2022-08-15,2,72
2022-08-15,3,53
2022-08-15,4,97
2022-08-15,5,187
2022-08-15,6,365
2022-08-15,7,595
2022-08-15,8,876
2022-08-15,9,996
2022-08-15,10,1071
2022-08-15,11,1066
2022-08-15,12,1267
2022-08-15,13,1317
2022-08-15,14,1371
2022-08-15,15,1356
2022-08-15,16,1437
2022-08-15,17,1513
2022-08-15,18,1483
2022-08-15,19,1210
2022-08-15,20,1094
2022-08-15,21,855
2022-08-15,22,554
2022-08-15,23,414
2022-08-16,0,367
2022-08-16,1,230
2022-08-16,2,115
2022-08-16,3,66
2022-08-16,4,68
2022-08-16,5,156
2022-08-16,6,301
2022-08-16,7,688
2022-08-16,8,1107
2022-08-16,9,1155
2022-08-16,10,1070
2022-08-16,11,1060
2022-08-16,12,1175
2022-08-16,13,1184
2022-08-16,14,1235
2022-08-16,15,1259
2022-08-16,16,1379
2022-08-16,17,1424
2022-08-16,18,1418
2022-08-16,19,1180
2022-08-16,20,973
2022-08-16,21,745
2022-08-16,22,579
2022-08-16,23,389
2022-08-17,0,233
2022-08-17,1,150
2022-08-17,2,72
2022-08-17,3,45
2022-08-17,4,96
2022-08-17,5,166
2022-08-17,6,356
2022-08-17,7,743
2022-08-17,8,1078
2022-08-17,9,1054
2022-08-17,10,1020
2022-08-17,11,1062
2022-08-17,12,1228
2022-08-17,13,1303
2022-08-17,14,1289
2022-08-17,15,1326
2022-08-17,16,1425
2022-08-17,17,1477
2022-08-17,18,1470
2022-08-17,19,1381
2022-08-17,20,1073
2022-08-17,21,866
2022-08-17,22,697
2022-08-17,23,412
2022-08-18,0,310
2022-08-18,1,188
2022-08-18,2,69
2022-08-18,3,61
2022-08-18,4,94
2022-08-18,5,216
2022-08-18,6,393
2022-08-18,7,714
2022-08-18,8,1040
2022-08-18,9,1122
2022-08-18,10,1096
2022-08-18,11,1156
2022-08-18,12,1364
2022-08-18,13,1346
2022-08-18,14,1453
2022-08-18,15,1492
2022-08-18,16,1463
2022-08-18,17,1608
2022-08-18,18,1646
2022-08-18,19,1415
2022-08-18,20,1177
2022-08-18,21,919
2022-08-18,22,747
2022-08-18,23,566
2022-08-19,0,446
2022-08-19,1,299
2022-08-19,2,174
2022-08-19,3,111
2022-08-19,4,146
2022-08-19,5,205
2022-08-19,6,329
2022-08-19,7,584
2022-08-19,8,852
2022-08-19,9,916
2022-08-19,10,1057
2022-08-19,11,1192
2022-08-19,12,1405
2022-08-19,13,1279
2022-08-19,14,1323
2022-08-19,15,1489
2022-08-19,16,1621
2022-08-19,17,1700
2022-08-19,18,1811
2022-08-19,19,1728
2022-08-19,20,1213
2022-08-19,21,933
2022-08-19,22,829
2022-08-19,23,785
2022-08-20,0,685
2022-08-20,1,518
2022-08-20,2,321
2022-08-20,3,210
2022-08-20,4,132
2022-08-20,5,132
2022-08-20,6,183
2022-08-20,7,293
2022-08-20,8,390
2022-08-20,9,610
2022-08-20,10,782
2022-08-20,11,990
2022-08-20,12,1181
2022-08-20,13,1210
2022-08-20,14,1064
2022-08-20,15,1154
2022-08-20,16,1107
2022-08-20,17,1225
2022-08-20,18,1316
2022-08-20,19,1241
2022-08-20,20,1046
2022-08-20,21,853
2022-08-20,22,744
2022-08-20,23,793
2022-08-21,0,788
2022-08-21,1,552
2022-08-21,2,370
2022-08-21,3,284
2022-08-21,4,204
2022-08-21,5,216
2022-08-21,6,262
2022-08-21,7,317
2022-08-21,8,418
2022-08-21,9,601
2022-08-21,10,797
2022-08-21,11,948
2022-08-21,12,991
2022-08-21,13,992
2022-08-21,14,1025
2022-08-21,15,967
2022-08-21,16,1000
2022-08-21,17,1022
2022-08-21,18,1001
2022-08-21,19,904
2022-08-21,20,811
2022-08-21,21,750
2022-08-21,22,549
2022-08-21,23,381
2022-08-22,0,300
2022-08-22,1,155
2022-08-22,2,103
2022-08-22,3,96
2022-08-22,4,152
2022-08-22,5,206
2022-08-22,6,376
2022-08-22,7,712
2022-08-22,8,973
2022-08-22,9,1014
2022-08-22,10,1063
2022-08-22,11,1076
2022-08-22,12,1119
2022-08-22,13,1187
2022-08-22,14,1359
2022-08-22,15,1329
2022-08-22,16,1339
2022-08-22,17,1399
2022-08-22,18,1284
2022-08-22,19,1000
2022-08-22,20,890
2022-08-22,21,779
2022-08-22,22,640
2022-08-22,23,471
2022-08-23,0,387
2022-08-23,1,209
2022-08-23,2,131
2022-08-23,3,81
2022-08-23,4,91
2022-08-23,5,142
2022-08-23,6,351
2022-08-23,7,714
2022-08-23,8,1123
2022-08-23,9,1161
2022-08-23,10,1029
2022-08-23,11,1156
2022-08-23,12,1278
2022-08-23,13,1206
2022-08-23,14,1250
2022-08-23,15,1318
2022-08-23,16,1444
2022-08-23,17,1534
2022-08-23,18,1418
2022-08-23,19,1343
2022-08-23,20,1089
2022-08-23,21,774
2022-08-23,22,631
2022-08-23,23,531
2022-08-24,0,338
2022-08-24,1,159
2022-08-24,2,59
2022-08-24,3,51
2022-08-24,4,79
2022-08-24,5,169
2022-08-24,6,338
2022-08-24,7,783
2022-08-24,8,1122
2022-08-24,9,1158
2022-08-24,10,1049
2022-08-24,11,1160
2022-08-24,12,1251
2022-08-24,13,1369
2022-08-24,14,1418
2022-08-24,15,1450
2022-08-24,16,1486
2022-08-24,17,1520
2022-08-24,18,1520
2022-08-24,19,1256
2022-08-24,20,1003
2022-08-24,21,840
2022-08-24,22,668
2022-08-24,23,495
2022-08-25,0,339
2022-08-25,1,138
2022-08-25,2,77
2022-08-25,3,65
2022-08-25,4,107
2022-08-25,5,193
2022-08-25,6,423
2022-08-25,7,736
2022-08-25,8,1085
2022-08-25,9,1236
2022-08-25,10,1088
2022-08-25,11,1181
2022-08-25,12,1382
2022-08-25,13,1394
2022-08-25,14,1362
2022-08-25,15,1469
2022-08-25,16,1490
2022-08-25,17,1491
2022-08-25,18,1488
2022-08-25,19,1343
2022-08-25,20,1189
2022-08-25,21,984
2022-08-25,22,647
2022-08-25,23,450
2022-08-26,0,347
2022-08-26,1,209
2022-08-26,2,86
2022-08-26,3,75
2022-08-26,4,121
2022-08-26,5,192
2022-08-26,6,409
2022-08-26,7,643
2022-08-26,8,865
2022-08-26,9,916
2022-08-26,10,970
2022-08-26,11,1095
2022-08-26,12,1218
2022-08-26,13,1267
2022-08-26,14,1347
2022-08-26,15,1353
2022-08-26,16,1405
2022-08-26,17,1507
2022-08-26,18,1466
2022-08-26,19,1257
2022-08-26,20,1053
2022-08-26,21,790
2022-08-26,22,691
2022-08-26,23,585
2022-08-27,0,518
2022-08-27,1,442
2022-08-27,2,244
2022-08-27,3,171
2022-08-27,4,132
2022-08-27,5,128
2022-08-27,6,189
2022-08-27,7,236
2022-08-27,8,353
2022-08-27,9,496
2022-08-27,10,728
2022-08-27,11,730
2022-08-27,12,880
2022-08-27,13,939
2022-08-27,14,985
2022-08-27,15,902
2022-08-27,16,1052
2022-08-27,17,1133
2022-08-27,18,1129
2022-08-27,19,1075
2022-08-27,20,900
2022-08-27,21,826
2022-08-27,22,716
2022-08-27,23,631
2022-08-28,0,615
2022-08-28,1,421
2022-08-28,2,319
2022-08-28,3,233
2022-08-28,4,189
2022-08-28,5,186
2022-08-28,6,242
2022-08-28,7,275
2022-08-28,8,348
2022-08-28,9,516
2022-08-28,10,679
2022-08-28,11,798
2022-08-28,12,916
2022-08-28,13,885
2022-08-28,14,1013
2022-08-28,15,877
2022-08-28,16,843
2022-08-28,17,975
2022-08-28,18,950
2022-08-28,19,645
2022-08-28,20,707
2022-08-28,21,816
2022-08-28,22,712
2022-08-28,23,486
2022-08-29,0,355
2022-08-29,1,249
2022-08-29,2,108
2022-08-29,3,64
2022-08-29,4,87
2022-08-29,5,184
2022-08-29,6,320
2022-08-29,7,671
2022-08-29,8,998
2022-08-29,9,1043
2022-08-29,10,984
2022-08-29,11,951
2022-08-29,12,1180
2022-08-29,13,1268
2022-08-29,14,1101
2022-08-29,15,1099
2022-08-29,16,1200
2022-08-29,17,1233
2022-08-29,18,1203
2022-08-29,19,1059
2022-08-29,20,858
2022-08-29,21,751
2022-08-29,22,532
2022-08-29,23,380
2022-08-30,0,356
2022-08-30,1,245
2022-08-30,2,152
2022-08-30,3,77
2022-08-30,4,92
2022-08-30,5,144
2022-08-30,6,322
2022-08-30,7,781
2022-08-30,8,1133
2022-08-30,9,1157
2022-08-30,10,1036
2022-08-30,11,1057
2022-08-30,12,1141
2022-08-30,13,1171
2022-08-30,14,1195
2022-08-30,15,1220
2022-08-30,16,1274
2022-08-30,17,1247
2022-08-30,18,1149
2022-08-30,19,950
2022-08-30,20,811
2022-08-30,21,625
2022-08-30,22,471
2022-08-30,23,352
2022-08-31,0,211
2022-08-31,1,104
2022-08-31,2,77
2022-08-31,3,55
2022-08-31,4,81
2022-08-31,5,162
2022-08-31,6,346
2022-08-31,7,738
2022-08-31,8,1059
2022-08-31,9,975
2022-08-31,10,957
2022-08-31,11,990
2022-08-31,12,1112
2022-08-31,13,1117
2022-08-31,14,1161
2022-08-31,15,1212
2022-08-31,16,1287
2022-08-31,17,1350
2022-08-31,18,1320
2022-08-31,19,1062
2022-08-31,20,881
2022-08-31,21,755
2022-08-31,22,557
2022-08-31,23,327
2022-09-01,0,230
2022-09-01,1,147
2022-09-01,2,78
2022-09-01,3,42
2022-09-01,4,73
2022-09-01,5,145
2022-09-01,6,314
2022-09-01,7,726
2022-09-01,8,997
2022-09-01,9,1034
2022-09-01,10,911
2022-09-01,11,1058
2022-09-01,12,1188
2022-09-01,13,1266
2022-09-01,14,1337
2022-09-01,15,1377
2022-09-01,16,1421
2022-09-01,17,1447
2022-09-01,18,1360
2022-09-01,19,1175
2022-09-01,20,1009
2022-09-01,21,816
2022-09-01,22,605
2022-09-01,23,481
2022-09-02,0,322
2022-09-02,1,220
2022-09-02,2,139
2022-09-02,3,101
2022-09-02,4,110
2022-09-02,5,163
2022-09-02,6,291
2022-09-02,7,554
2022-09-02,8,716
2022-09-02,9,881
2022-09-02,10,976
2022-09-02,11,1090
2022-09-02,12,1113
2022-09-02,13,1213
2022-09-02,14,1435
2022-09-02,15,1404
2022-09-02,16,1460
2022-09-02,17,1409
2022-09-02,18,1376
2022-09-02,19,1227
2022-09-02,20,955
2022-09-02,21,779
2022-09-02,22,649
2022-09-02,23,593
2022-09-03,0,520
2022-09-03,1,452
2022-09-03,2,273
2022-09-03,3,213
2022-09-03,4,118
2022-09-03,5,113
2022-09-03,6,164
2022-09-03,7,262
2022-09-03,8,373
2022-09-03,9,518
2022-09-03,10,662
2022-09-03,11,803
2022-09-03,12,874
2022-09-03,13,914
2022-09-03,14,1045
2022-09-03,15,1037
2022-09-03,16,1070
2022-09-03,17,1161
2022-09-03,18,1148
2022-09-03,19,1022
2022-09-03,20,794
2022-09-03,21,688
2022-09-03,22,718
2022-09-03,23,681
2022-09-04,0,616
2022-09-04,1,462
2022-09-04,2,307
2022-09-04,3,204
2022-09-04,4,165
2022-09-04,5,111
2022-09-04,6,137
2022-09-04,7,204
2022-09-04,8,270
2022-09-04,9,462
2022-09-04,10,616
2022-09-04,11,718
2022-09-04,12,807
2022-09-04,13,859
2022-09-04,14,854
2022-09-04,15,958
2022-09-04,16,959
2022-09-04,17,982
2022-09-04,18,866
2022-09-04,19,842
2022-09-04,20,698
2022-09-04,21,650
2022-09-04,22,595
2022-09-04,23,504
2022-09-05,0,412
2022-09-05,1,219
2022-09-05,2,182
2022-09-05,3,149
2022-09-05,4,183
2022-09-05,5,184
2022-09-05,6,218
2022-09-05,7,250
2022-09-05,8,280
2022-09-05,9,391
2022-09-05,10,582
2022-09-05,11,707
2022-09-05,12,829
2022-09-05,13,825
2022-09-05,14,923
2022-09-05,15,874
2022-09-05,16,902
2022-09-05,17,812
2022-09-05,18,802
2022-09-05,19,835
2022-09-05,20,808
2022-09-05,21,601
2022-09-05,22,421
2022-09-05,23,358
2022-09-06,0,295
2022-09-06,1,153
2022-09-06,2,75
2022-09-06,3,78
2022-09-06,4,110
2022-09-06,5,189
2022-09-06,6,402
2022-09-06,7,732
2022-09-06,8,1105
2022-09-06,9,1101
2022-09-06,10,1076
2022-09-06,11,1042
2022-09-06,12,1232
2022-09-06,13,1235
2022-09-06,14,1309
2022-09-06,15,1320
2022-09-06,16,1321
2022-09-06,17,1466
2022-09-06,18,1194
2022-09-06,19,1057
2022-09-06,20,941
2022-09-06,21,628
2022-09-06,22,456
2022-09-06,23,315
2022-09-07,0,235
2022-09-07,1,137
2022-09-07,2,78
2022-09-07,3,60
2022-09-07,4,82
2022-09-07,5,155
2022-09-07,6,323
2022-09-07,7,758
2022-09-07,8,1176
2022-09-07,9,1141
2022-09-07,10,1040
2022-09-07,11,1168
2022-09-07,12,1227
2022-09-07,13,1287
2022-09-07,14,1315
2022-09-07,15,1360
2022-09-07,16,1413
2022-09-07,17,1467
2022-09-07,18,1396
2022-09-07,19,1202
2022-09-07,20,998
2022-09-07,21,753
2022-09-07,22,570
2022-09-07,23,387
2022-09-08,0,259
2022-09-08,1,129
2022-09-08,2,73
2022-09-08,3,56
2022-09-08,4,78
2022-09-08,5,145
2022-09-08,6,367
2022-09-08,7,742
2022-09-08,8,1173
2022-09-08,9,1161
2022-09-08,10,1090
2022-09-08,11,1150
2022-09-08,12,1323
2022-09-08,13,1326
2022-09-08,14,1341
2022-09-08,15,1442
2022-09-08,16,1404
2022-09-08,17,1627
2022-09-08,18,1560
2022-09-08,19,1420
2022-09-08,20,1197
2022-09-08,21,923
2022-09-08,22,732
2022-09-08,23,436
2022-09-09,0,374
2022-09-09,1,201
2022-09-09,2,91
2022-09-09,3,71
2022-09-09,4,116
2022-09-09,5,191
2022-09-09,6,380
2022-09-09,7,710
2022-09-09,8,902
2022-09-09,9,1090
2022-09-09,10,1069
2022-09-09,11,1137
2022-09-09,12,1301
2022-09-09,13,1447
2022-09-09,14,1466
2022-09-09,15,1429
2022-09-09,16,1402
2022-09-09,17,1579
2022-09-09,18,1643
2022-09-09,19,1576
2022-09-09,20,1258
2022-09-09,21,992
2022-09-09,22,819
2022-09-09,23,661
2022-09-10,0,532
2022-09-10,1,433
2022-09-10,2,238
2022-09-10,3,148
2022-09-10,4,119
2022-09-10,5,123
2022-09-10,6,210
2022-09-10,7,319
2022-09-10,8,445
2022-09-10,9,697
2022-09-10,10,859
2022-09-10,11,966
2022-09-10,12,1016
2022-09-10,13,1047
2022-09-10,14,1108
2022-09-10,15,1213
2022-09-10,16,1221
2022-09-10,17,1274
2022-09-10,18,1456
2022-09-10,19,1417
2022-09-10,20,1049
2022-09-10,21,868
2022-09-10,22,777
2022-09-10,23,669
2022-09-11,0,554
2022-09-11,1,392
2022-09-11,2,288
2022-09-11,3,193
2022-09-11,4,160
2022-09-11,5,191
2022-09-11,6,256
2022-09-11,7,386
2022-09-11,8,524
2022-09-11,9,708
2022-09-11,10,943
2022-09-11,11,1026
2022-09-11,12,1025
2022-09-11,13,1130
2022-09-11,14,1090
2022-09-11,15,1297
2022-09-11,16,1271
2022-09-11,17,1168
2022-09-11,18,1174
2022-09-11,19,1074
2022-09-11,20,947
2022-09-11,21,899
2022-09-11,22,732
2022-09-11,23,510
2022-09-12,0,407
2022-09-12,1,190
2022-09-12,2,113
2022-09-12,3,86
2022-09-12,4,131
2022-09-12,5,259
2022-09-12,6,460
2022-09-12,7,756
2022-09-12,8,1221
2022-09-12,9,1292
2022-09-12,10,1345
2022-09-12,11,1388
2022-09-12,12,1466
2022-09-12,13,1432
2022-09-12,14,1551
2022-09-12,15,1605
2022-09-12,16,1584
2022-09-12,17,1638
2022-09-12,18,1706
2022-09-12,19,1502
2022-09-12,20,1220
2022-09-12,21,902
2022-09-12,22,662
2022-09-12,23,448
2022-09-13,0,302
2022-09-13,1,169
2022-09-13,2,90
2022-09-13,3,65
2022-09-13,4,67
2022-09-13,5,150
2022-09-13,6,400
2022-09-13,7,830
2022-09-13,8,1343
2022-09-13,9,1554
2022-09-13,10,1354
2022-09-13,11,1275
2022-09-13,12,1476
2022-09-13,13,1622
2022-09-13,14,1694
2022-09-13,15,1703
2022-09-13,16,1684
2022-09-13,17,1773
2022-09-13,18,1753
2022-09-13,19,1607
2022-09-13,20,1183
2022-09-13,21,979
2022-09-13,22,676
2022-09-13,23,450
2022-09-14,0,287
2022-09-14,1,156
2022-09-14,2,65
2022-09-14,3,56
2022-09-14,4,109
2022-09-14,5,243
2022-09-14,6,465
2022-09-14,7,843
2022-09-14,8,1220
2022-09-14,9,1394
2022-09-14,10,1396
2022-09-14,11,1490
2022-09-14,12,1677
2022-09-14,13,1668
2022-09-14,14,1827
2022-09-14,15,1740
2022-09-14,16,1688
2022-09-14,17,1847
2022-09-14,18,1833
2022-09-14,19,1697
2022-09-14,20,1409
2022-09-14,21,1067
2022-09-14,22,785
2022-09-14,23,571
2022-09-15,0,393
2022-09-15,1,184
2022-09-15,2,90
2022-09-15,3,85
2022-09-15,4,139
2022-09-15,5,234
2022-09-15,6,524
2022-09-15,7,819
2022-09-15,8,1125
2022-09-15,9,1377
2022-09-15,10,1376
2022-09-15,11,1431
2022-09-15,12,1559
2022-09-15,13,1655
2022-09-15,14,1704
2022-09-15,15,1716
2022-09-15,16,1728
2022-09-15,17,1804
2022-09-15,18,1819
2022-09-15,19,1703
2022-09-15,20,1449
2022-09-15,21,1107
2022-09-15,22,899
2022-09-15,23,721
2022-09-16,0,501
2022-09-16,1,278
2022-09-16,2,165
2022-09-16,3,105
2022-09-16,4,146
2022-09-16,5,257
2022-09-16,6,455
2022-09-16,7,782
2022-09-16,8,1034
2022-09-16,9,1238
2022-09-16,10,1234
2022-09-16,11,1474
2022-09-16,12,1549
2022-09-16,13,1505
2022-09-16,14,1590
2022-09-16,15,1553
2022-09-16,16,1584
2022-09-16,17,1660
2022-09-16,18,1699
2022-09-16,19,1602
2022-09-16,20,1359
2022-09-16,21,877
2022-09-16,22,709
2022-09-16,23,547
2022-09-17,0,468
2022-09-17,1,385
2022-09-17,2,256
2022-09-17,3,175
2022-09-17,4,151
2022-09-17,5,174
2022-09-17,6,268
2022-09-17,7,346
2022-09-17,8,502
2022-09-17,9,668
2022-09-17,10,929
2022-09-17,11,1050
2022-09-17,12,1123
2022-09-17,13,1161
2022-09-17,14,1201
2022-09-17,15,1108
2022-09-17,16,1222
2022-09-17,17,1285
2022-09-17,18,1250
2022-09-17,19,1203
2022-09-17,20,958
2022-09-17,21,785
2022-09-17,22,648
2022-09-17,23,512
2022-09-18,0,468
2022-09-18,1,376
2022-09-18,2,268
2022-09-18,3,225
2022-09-18,4,206
2022-09-18,5,248
2022-09-18,6,346
2022-09-18,7,443
2022-09-18,8,466
2022-09-18,9,622
2022-09-18,10,822
2022-09-18,11,1001
2022-09-18,12,1075
2022-09-18,13,1067
2022-09-18,14,1123
2022-09-18,15,1105
2022-09-18,16,1089
2022-09-18,17,1149
2022-09-18,18,1126
2022-09-18,19,1011
2022-09-18,20,915
2022-09-18,21,786
2022-09-18,22,631
2022-09-18,23,430
2022-09-19,0,296
2022-09-19,1,246
2022-09-19,2,149
2022-09-19,3,98
2022-09-19,4,125
2022-09-19,5,224
2022-09-19,6,453
2022-09-19,7,746
2022-09-19,8,1116
2022-09-19,9,1132
2022-09-19,10,1221
2022-09-19,11,1171
2022-09-19,12,1276
2022-09-19,13,1325
2022-09-19,14,1393
2022-09-19,15,1391
2022-09-19,16,1431
2022-09-19,17,1507
2022-09-19,18,1248
2022-09-19,19,1234
2022-09-19,20,1062
2022-09-19,21,817
2022-09-19,22,526
2022-09-19,23,357
2022-09-20,0,253
2022-09-20,1,153
2022-09-20,2,59
2022-09-20,3,46
2022-09-20,4,81
2022-09-20,5,161
2022-09-20,6,376
2022-09-20,7,791
2022-09-20,8,1270
2022-09-20,9,1304
2022-09-20,10,1175
2022-09-20,11,1154
2022-09-20,12,1296
2022-09-20,13,1279
2022-09-20,14,1358
2022-09-20,15,1479
2022-09-20,16,1685
2022-09-20,17,1761
2022-09-20,18,1583
2022-09-20,19,1142
2022-09-20,20,1053
2022-09-20,21,1020
2022-09-20,22,891
2022-09-20,23,637
2022-09-21,0,408
2022-09-21,1,182
2022-09-21,2,66
2022-09-21,3,48
2022-09-21,4,92
2022-09-21,5,190
2022-09-21,6,405
2022-09-21,7,852
2022-09-21,8,1250
2022-09-21,9,1319
2022-09-21,10,1193
2022-09-21,11,1209
2022-09-21,12,1358
2022-09-21,13,1419
2022-09-21,14,1568
2022-09-21,15,1564
2022-09-21,16,1579
2022-09-21,17,1669
2022-09-21,18,1558
2022-09-21,19,1445
2022-09-21,20,1115
2022-09-21,21,984
2022-09-21,22,681
2022-09-21,23,460
2022-09-22,0,311
2022-09-22,1,158
2022-09-22,2,81
2022-09-22,3,90
2022-09-22,4,100
2022-09-22,5,234
2022-09-22,6,428
2022-09-22,7,800
2022-09-22,8,1144
2022-09-22,9,1103
2022-09-22,10,1198
2022-09-22,11,1305
2022-09-22,12,1426
2022-09-22,13,1480
2022-09-22,14,1506
2022-09-22,15,1444
2022-09-22,16,1559
2022-09-22,17,1626
2022-09-22,18,1644
2022-09-22,19,1570
2022-09-22,20,1316
2022-09-22,21,1110
2022-09-22,22,960
2022-09-22,23,654
2022-09-23,0,468
2022-09-23,1,257
2022-09-23,2,112
2022-09-23,3,87
2022-09-23,4,122
2022-09-23,5,207
2022-09-23,6,398
2022-09-23,7,685
2022-09-23,8,956
2022-09-23,9,1041
2022-09-23,10,1090
2022-09-23,11,1186
2022-09-23,12,1427
2022-09-23,13,1347
2022-09-23,14,1399
2022-09-23,15,1432
2022-09-23,16,1507
2022-09-23,17,1599
2022-09-23,18,1568
2022-09-23,19,1506
2022-09-23,20,1123
2022-09-23,21,956
2022-09-23,22,808
2022-09-23,23,610
2022-09-24,0,514
2022-09-24,1,445
2022-09-24,2,233
2022-09-24,3,189
2022-09-24,4,132
2022-09-24,5,148
2022-09-24,6,169
2022-09-24,7,272
2022-09-24,8,414
2022-09-24,9,590
2022-09-24,10,731
2022-09-24,11,753
2022-09-24,12,857
2022-09-24,13,957
2022-09-24,14,972
2022-09-24,15,953
2022-09-24,16,1011
2022-09-24,17,1074
2022-09-24,18,1093
2022-09-24,19,1048
2022-09-24,20,849
2022-09-24,21,671
2022-09-24,22,752
2022-09-24,23,662
2022-09-25,0,543
2022-09-25,1,346
2022-09-25,2,283
2022-09-25,3,188
2022-09-25,4,145
2022-09-25,5,213
2022-09-25,6,290
2022-09-25,7,341
2022-09-25,8,410
2022-09-25,9,592
2022-09-25,10,843
2022-09-25,11,930
2022-09-25,12,936
2022-09-25,13,945
2022-09-25,14,982
2022-09-25,15,1026
2022-09-25,16,1005
2022-09-25,17,992
2022-09-25,18,933
2022-09-25,19,945
2022-09-25,20,953
2022-09-25,21,608
2022-09-25,22,493
2022-09-25,23,395
2022-09-26,0,367
2022-09-26,1,177
2022-09-26,2,65
2022-09-26,3,49
2022-09-26,4,93
2022-09-26,5,172
2022-09-26,6,399
2022-09-26,7,692
2022-09-26,8,929
2022-09-26,9,1069
2022-09-26,10,937
2022-09-26,11,965
2022-09-26,12,1043
2022-09-26,13,1161
2022-09-26,14,1244
2022-09-26,15,1283
2022-09-26,16,1320
2022-09-26,17,1268
2022-09-26,18,1156
2022-09-26,19,1019
2022-09-26,20,835
2022-09-26,21,651
2022-09-26,22,443
2022-09-26,23,374
2022-09-27,0,288
2022-09-27,1,159
2022-09-27,2,66
2022-09-27,3,40
2022-09-27,4,64
2022-09-27,5,139
2022-09-27,6,342
2022-09-27,7,773
2022-09-27,8,1218
2022-09-27,9,1270
2022-09-27,10,1136
2022-09-27,11,1073
2022-09-27,12,1273
2022-09-27,13,1388
2022-09-27,14,1409
2022-09-27,15,1359
2022-09-27,16,1499
2022-09-27,17,1716
2022-09-27,18,1504
2022-09-27,19,1306
2022-09-27,20,1027
2022-09-27,21,834
2022-09-27,22,642
2022-09-27,23,389
2022-09-28,0,220
2022-09-28,1,126
2022-09-28,2,69
2022-09-28,3,47
2022-09-28,4,84
2022-09-28,5,188
2022-09-28,6,384
2022-09-28,7,830
2022-09-28,8,1236
2022-09-28,9,1335
2022-09-28,10,1161
2022-09-28,11,1175
2022-09-28,12,1345
2022-09-28,13,1447
2022-09-28,14,1477
2022-09-28,15,1554
2022-09-28,16,1560
2022-09-28,17,1747
2022-09-28,18,1658
2022-09-28,19,1458
2022-09-28,20,1207
2022-09-28,21,964
2022-09-28,22,717
2022-09-28,23,445
2022-09-29,0,253
2022-09-29,1,165
2022-09-29,2,72
2022-09-29,3,55
2022-09-29,4,82
2022-09-29,5,187
2022-09-29,6,417
2022-09-29,7,846
2022-09-29,8,1255
2022-09-29,9,1318
2022-09-29,10,1253
2022-09-29,11,1314
2022-09-29,12,1586
2022-09-29,13,1690
2022-09-29,14,1722
2022-09-29,15,1717
2022-09-29,16,1781
2022-09-29,17,1884
2022-09-29,18,1879
2022-09-29,19,1629
2022-09-29,20,1357
2022-09-29,21,1142
2022-09-29,22,863
2022-09-29,23,607
2022-09-30,0,403
2022-09-30,1,244
2022-09-30,2,109
2022-09-30,3,82
2022-09-30,4,101
2022-09-30,5,215
2022-09-30,6,421
2022-09-30,7,764
2022-09-30,8,1114
2022-09-30,9,1262
2022-09-30,10,1348
2022-09-30,11,1407
2022-09-30,12,1565
2022-09-30,13,1589
2022-09-30,14,1601
2022-09-30,15,1651
2022-09-30,16,1727
2022-09-30,17,1895
2022-09-30,18,1989
2022-09-30,19,1834
2022-09-30,20,1414
2022-09-30,21,1089
2022-09-30,22,853
2022-09-30,23,712
2022-10-01,0,548
2022-10-01,1,405
2022-10-01,2,235
2022-10-01,3,128
2022-10-01,4,104
2022-10-01,5,134
2022-10-01,6,290
2022-10-01,7,489
2022-10-01,8,617
2022-10-01,9,759
2022-10-01,10,902
2022-10-01,11,968
2022-10-01,12,1037
2022-10-01,13,1054
2022-10-01,14,1108
2022-10-01,15,1111
2022-10-01,16,1184
2022-10-01,17,1287
2022-10-01,18,1271
2022-10-01,19,1378
2022-10-01,20,1144
2022-10-01,21,829
2022-10-01,22,735
2022-10-01,23,669
2022-10-02,0,479
2022-10-02,1,344
2022-10-02,2,253
2022-10-02,3,174
2022-10-02,4,145
2022-10-02,5,184
2022-10-02,6,354
2022-10-02,7,464
2022-10-02,8,617
2022-10-02,9,752
2022-10-02,10,889
2022-10-02,11,993
2022-10-02,12,1010
2022-10-02,13,1043
2022-10-02,14,1075
2022-10-02,15,1035
2022-10-02,16,1036
2022-10-02,17,1125
2022-10-02,18,1035
2022-10-02,19,1090
2022-10-02,20,919
2022-10-02,21,681
2022-10-02,22,421
2022-10-02,23,325
2022-10-03,0,242
2022-10-03,1,152
2022-10-03,2,95
2022-10-03,3,69
2022-10-03,4,108
2022-10-03,5,230
2022-10-03,6,452
2022-10-03,7,800
2022-10-03,8,1103
2022-10-03,9,1108
2022-10-03,10,1151
2022-10-03,11,1232
2022-10-03,12,1285
2022-10-03,13,1402
2022-10-03,14,1491
2022-10-03,15,1448
2022-10-03,16,1343
2022-10-03,17,1386
2022-10-03,18,1282
2022-10-03,19,1076
2022-10-03,20,864
2022-10-03,21,651
2022-10-03,22,396
2022-10-03,23,284
2022-10-04,0,199
2022-10-04,1,122
2022-10-04,2,62
2022-10-04,3,38
2022-10-04,4,89
2022-10-04,5,167
2022-10-04,6,380
2022-10-04,7,779
2022-10-04,8,1153
2022-10-04,9,1212
2022-10-04,10,1156
2022-10-04,11,1155
2022-10-04,12,1266
2022-10-04,13,1195
2022-10-04,14,1214
2022-10-04,15,1254
2022-10-04,16,1320
2022-10-04,17,1413
2022-10-04,18,1294
2022-10-04,19,1094
2022-10-04,20,766
2022-10-04,21,527
2022-10-04,22,442
2022-10-04,23,311
2022-10-05,0,192
2022-10-05,1,117
2022-10-05,2,60
2022-10-05,3,50
2022-10-05,4,71
2022-10-05,5,169
2022-10-05,6,342
2022-10-05,7,640
2022-10-05,8,1074
2022-10-05,9,1128
2022-10-05,10,1005
2022-10-05,11,1123
2022-10-05,12,1209
2022-10-05,13,1177
2022-10-05,14,1250
2022-10-05,15,1284
2022-10-05,16,1338
2022-10-05,17,1403
2022-10-05,18,1250
2022-10-05,19,1222
2022-10-05,20,859
2022-10-05,21,654
2022-10-05,22,481
2022-10-05,23,331
2022-10-06,0,231
2022-10-06,1,126
2022-10-06,2,49
2022-10-06,3,46
2022-10-06,4,86
2022-10-06,5,159
2022-10-06,6,384
2022-10-06,7,775
2022-10-06,8,1137
2022-10-06,9,1185
2022-10-06,10,1096
2022-10-06,11,1111
2022-10-06,12,1355
2022-10-06,13,1418
2022-10-06,14,1518
2022-10-06,15,1591
2022-10-06,16,1666
2022-10-06,17,1620
2022-10-06,18,1676
2022-10-06,19,1548
2022-10-06,20,1199
2022-10-06,21,956
2022-10-06,22,694
2022-10-06,23,524
2022-10-07,0,390
2022-10-07,1,242
2022-10-07,2,112
2022-10-07,3,74
2022-10-07,4,104
2022-10-07,5,198
2022-10-07,6,392
2022-10-07,7,768
2022-10-07,8,1148
2022-10-07,9,1309
2022-10-07,10,1366
2022-10-07,11,1586
2022-10-07,12,1698
2022-10-07,13,1516
2022-10-07,14,1505
2022-10-07,15,1575
2022-10-07,16,1674
2022-10-07,17,1747
2022-10-07,18,1776
2022-10-07,19,1685
2022-10-07,20,1183
2022-10-07,21,882
2022-10-07,22,790
2022-10-07,23,569
2022-10-08,0,433
2022-10-08,1,358
2022-10-08,2,204
2022-10-08,3,105
2022-10-08,4,95
2022-10-08,5,106
2022-10-08,6,189
2022-10-08,7,321
2022-10-08,8,518
2022-10-08,9,760
2022-10-08,10,993
2022-10-08,11,1120
2022-10-08,12,1157
2022-10-08,13,1167
2022-10-08,14,1162
2022-10-08,15,1109
2022-10-08,16,1179
2022-10-08,17,1176
2022-10-08,18,1132
2022-10-08,19,1083
2022-10-08,20,860
2022-10-08,21,660
2022-10-08,22,602
2022-10-08,23,600
2022-10-09,0,409
2022-10-09,1,265
2022-10-09,2,181
2022-10-09,3,134
2022-10-09,4,144
2022-10-09,5,202
2022-10-09,6,251
2022-10-09,7,331
2022-10-09,8,384
2022-10-09,9,469
2022-10-09,10,543
2022-10-09,11,639
2022-10-09,12,719
2022-10-09,13,872
2022-10-09,14,1001
2022-10-09,15,1123
2022-10-09,16,1139
2022-10-09,17,1170
2022-10-09,18,1039
2022-10-09,19,1025
2022-10-09,20,866
2022-10-09,21,685
2022-10-09,22,457
2022-10-09,23,372
2022-10-10,0,317
2022-10-10,1,202
2022-10-10,2,87
2022-10-10,3,80
2022-10-10,4,197
2022-10-10,5,334
2022-10-10,6,492
2022-10-10,7,687
2022-10-10,8,982
2022-10-10,9,1013
2022-10-10,10,1154
2022-10-10,11,1202
2022-10-10,12,1357
2022-10-10,13,1396
2022-10-10,14,1443
2022-10-10,15,1468
2022-10-10,16,1484
2022-10-10,17,1609
2022-10-10,18,1513
2022-10-10,19,1316
2022-10-10,20,1041
2022-10-10,21,792
2022-10-10,22,543
2022-10-10,23,464
2022-10-11,0,350
2022-10-11,1,180
2022-10-11,2,62
2022-10-11,3,56
2022-10-11,4,108
2022-10-11,5,209
2022-10-11,6,402
2022-10-11,7,807
2022-10-11,8,1245
2022-10-11,9,1387
2022-10-11,10,1330
2022-10-11,11,1449
2022-10-11,12,1565
2022-10-11,13,1713
2022-10-11,14,1768
2022-10-11,15,1741
2022-10-11,16,1638
2022-10-11,17,1642
2022-10-11,18,1589
2022-10-11,19,1510
2022-10-11,20,1153
2022-10-11,21,817
2022-10-11,22,574
2022-10-11,23,393
2022-10-12,0,260
2022-10-12,1,181
2022-10-12,2,87
2022-10-12,3,60
2022-10-12,4,99
2022-10-12,5,202
2022-10-12,6,444
2022-10-12,7,942
2022-10-12,8,1325
2022-10-12,9,1433
2022-10-12,10,1369
2022-10-12,11,1428
2022-10-12,12,1582
2022-10-12,13,1644
2022-10-12,14,1605
2022-10-12,15,1643
2022-10-12,16,1534
2022-10-12,17,1687
2022-10-12,18,1734
2022-10-12,19,1502
2022-10-12,20,1179
2022-10-12,21,944
2022-10-12,22,672
2022-10-12,23,430
2022-10-13,0,318
2022-10-13,1,204
2022-10-13,2,102
2022-10-13,3,65
2022-10-13,4,101
2022-10-13,5,218
2022-10-13,6,428
2022-10-13,7,857
2022-10-13,8,1196
2022-10-13,9,1315
2022-10-13,10,1310
2022-10-13,11,1358
2022-10-13,12,1588
2022-10-13,13,1614
2022-10-13,14,1636
2022-10-13,15,1542
2022-10-13,16,1508
2022-10-13,17,1495
2022-10-13,18,1518
2022-10-13,19,1547
2022-10-13,20,1173
2022-10-13,21,957
2022-10-13,22,906
2022-10-13,23,780
2022-10-14,0,493
2022-10-14,1,288
2022-10-14,2,168
2022-10-14,3,106
2022-10-14,4,146
2022-10-14,5,262
2022-10-14,6,428
2022-10-14,7,687
2022-10-14,8,965
2022-10-14,9,1113
2022-10-14,10,1171
2022-10-14,11,1306
2022-10-14,12,1411
2022-10-14,13,1367
2022-10-14,14,1509
2022-10-14,15,1505
2022-10-14,16,1468
2022-10-14,17,1565
2022-10-14,18,1654
2022-10-14,19,1601
2022-10-14,20,1296
2022-10-14,21,972
2022-10-14,22,772
2022-10-14,23,612
2022-10-15,0,452
2022-10-15,1,343
2022-10-15,2,230
2022-10-15,3,133
2022-10-15,4,104
2022-10-15,5,125
2022-10-15,6,204
2022-10-15,7,294
2022-10-15,8,397
2022-10-15,9,542
2022-10-15,10,825
2022-10-15,11,907
2022-10-15,12,957
2022-10-15,13,980
2022-10-15,14,886
2022-10-15,15,927
2022-10-15,16,1021
2022-10-15,17,1107
2022-10-15,18,1082
2022-10-15,19,1187
2022-10-15,20,887
2022-10-15,21,651
2022-10-15,22,620
2022-10-15,23,634
2022-10-16,0,471
2022-10-16,1,304
2022-10-16,2,255
2022-10-16,3,185
2022-10-16,4,155
2022-10-16,5,200
2022-10-16,6,250
2022-10-16,7,301
2022-10-16,8,357
2022-10-16,9,520
2022-10-16,10,682
2022-10-16,11,841
2022-10-16,12,940
2022-10-16,13,944
2022-10-16,14,901
2022-10-16,15,928
2022-10-16,16,936
2022-10-16,17,921
2022-10-16,18,885
2022-10-16,19,923
2022-10-16,20,806
2022-10-16,21,625
2022-10-16,22,464
2022-10-16,23,428
2022-10-17,0,329
2022-10-17,1,193
2022-10-17,2,76
2022-10-17,3,45
2022-10-17,4,104
2022-10-17,5,171
2022-10-17,6,411
2022-10-17,7,731
2022-10-17,8,1113
2022-10-17,9,1116
2022-10-17,10,1194
2022-10-17,11,1189
2022-10-17,12,1313
2022-10-17,13,1377
2022-10-17,14,1399
2022-10-17,15,1394
2022-10-17,16,1423
2022-10-17,17,1407
2022-10-17,18,1270
2022-10-17,19,1133
2022-10-17,20,879
2022-10-17,21,694
2022-10-17,22,527
2022-10-17,23,318
2022-10-18,0,312
2022-10-18,1,178
2022-10-18,2,62
2022-10-18,3,53
2022-10-18,4,63
2022-10-18,5,158
2022-10-18,6,345
2022-10-18,7,827
2022-10-18,8,1244
2022-10-18,9,1260
2022-10-18,10,1147
2022-10-18,11,1213
2022-10-18,12,1221
2022-10-18,13,1291
2022-10-18,14,1292
2022-10-18,15,1418
2022-10-18,16,1476
2022-10-18,17,1520
2022-10-18,18,1447
2022-10-18,19,1239
2022-10-18,20,832
2022-10-18,21,633
2022-10-18,22,506
2022-10-18,23,379
2022-10-19,0,263
2022-10-19,1,120
2022-10-19,2,61
2022-10-19,3,50
2022-10-19,4,75
2022-10-19,5,179
2022-10-19,6,369
2022-10-19,7,844
2022-10-19,8,1267
2022-10-19,9,1248
2022-10-19,10,1096
2022-10-19,11,1195
2022-10-19,12,1353
2022-10-19,13,1438
2022-10-19,14,1378
2022-10-19,15,1434
2022-10-19,16,1450
2022-10-19,17,1590
2022-10-19,18,1521
2022-10-19,19,1335
2022-10-19,20,1031
2022-10-19,21,798
2022-10-19,22,572
2022-10-19,23,399
2022-10-20,0,298
2022-10-20,1,193
2022-10-20,2,86
2022-10-20,3,52
2022-10-20,4,106
2022-10-20,5,203
2022-10-20,6,432
2022-10-20,7,815
2022-10-20,8,1165
2022-10-20,9,1265
2022-10-20,10,1226
2022-10-20,11,1275
2022-10-20,12,1450
2022-10-20,13,1468
2022-10-20,14,1401
2022-10-20,15,1397
2022-10-20,16,1458
2022-10-20,17,1599
2022-10-20,18,1517
2022-10-20,19,1470
2022-10-20,20,1185
2022-10-20,21,843
2022-10-20,22,705
2022-10-20,23,485
2022-10-21,0,372
2022-10-21,1,268
2022-10-21,2,121
2022-10-21,3,88
2022-10-21,4,117
2022-10-21,5,220
2022-10-21,6,385
2022-10-21,7,736
2022-10-21,8,963
2022-10-21,9,1058
2022-10-21,10,1103
2022-10-21,11,1179
2022-10-21,12,1230
2022-10-21,13,1299
2022-10-21,14,1425
2022-10-21,15,1334
2022-10-21,16,1466
2022-10-21,17,1641
2022-10-21,18,1720
2022-10-21,19,1559
2022-10-21,20,1157
2022-10-21,21,905
2022-10-21,22,715
2022-10-21,23,539
2022-10-22,0,480
2022-10-22,1,364
2022-10-22,2,207
2022-10-22,3,130
2022-10-22,4,105
2022-10-22,5,130
2022-10-22,6,190
2022-10-22,7,320
2022-10-22,8,528
2022-10-22,9,741
2022-10-22,10,910
2022-10-22,11,957
2022-10-22,12,1087
2022-10-22,13,1182
2022-10-22,14,1238
2022-10-22,15,1224
2022-10-22,16,1244
2022-10-22,17,1356
2022-10-22,18,1351
2022-10-22,19,1187
2022-10-22,20,969
2022-10-22,21,794
2022-10-22,22,614
2022-10-22,23,570
2022-10-23,0,489
2022-10-23,1,381
2022-10-23,2,274
2022-10-23,3,179
2022-10-23,4,145
2022-10-23,5,138
2022-10-23,6,291
2022-10-23,7,463
2022-10-23,8,676
2022-10-23,9,785
2022-10-23,10,910
2022-10-23,11,945
2022-10-23,12,1211
2022-10-23,13,1160
2022-10-23,14,1190
2022-10-23,15,1090
2022-10-23,16,1164
2022-10-23,17,1160
2022-10-23,18,1212
2022-10-23,19,1104
2022-10-23,20,980
2022-10-23,21,735
2022-10-23,22,553
2022-10-23,23,410
2022-10-24,0,351
2022-10-24,1,207
2022-10-24,2,62
2022-10-24,3,52
2022-10-24,4,87
2022-10-24,5,223
2022-10-24,6,423
2022-10-24,7,864
2022-10-24,8,1367
2022-10-24,9,1428
2022-10-24,10,1379
2022-10-24,11,1392
2022-10-24,12,1574
2022-10-24,13,1721
2022-10-24,14,1579
2022-10-24,15,1605
2022-10-24,16,1611
2022-10-24,17,1647
2022-10-24,18,1702
2022-10-24,19,1516
2022-10-24,20,1163
2022-10-24,21,928
2022-10-24,22,695
2022-10-24,23,482
2022-10-25,0,365
2022-10-25,1,222
2022-10-25,2,91
2022-10-25,3,58
2022-10-25,4,100
2022-10-25,5,196
2022-10-25,6,421
2022-10-25,7,898
2022-10-25,8,1353
2022-10-25,9,1495
2022-10-25,10,1439
2022-10-25,11,1513
2022-10-25,12,1604
2022-10-25,13,1585
2022-10-25,14,1597
2022-10-25,15,1630
2022-10-25,16,1620
2022-10-25,17,1514
2022-10-25,18,1463
2022-10-25,19,1455
2022-10-25,20,1099
2022-10-25,21,842
2022-10-25,22,663
2022-10-25,23,412
2022-10-26,0,289
2022-10-26,1,149
2022-10-26,2,84
2022-10-26,3,79
2022-10-26,4,118
2022-10-26,5,294
2022-10-26,6,456
2022-10-26,7,773
2022-10-26,8,1032
2022-10-26,9,1268
2022-10-26,10,1403
2022-10-26,11,1516
2022-10-26,12,1686
2022-10-26,13,1595
2022-10-26,14,1565
2022-10-26,15,1574
2022-10-26,16,1576
2022-10-26,17,1614
2022-10-26,18,1601
2022-10-26,19,1507
2022-10-26,20,1155
2022-10-26,21,868
2022-10-26,22,655
2022-10-26,23,457
2022-10-27,0,252
2022-10-27,1,160
2022-10-27,2,66
2022-10-27,3,68
2022-10-27,4,140
2022-10-27,5,276
2022-10-27,6,460
2022-10-27,7,805
2022-10-27,8,1102
2022-10-27,9,1058
2022-10-27,10,1052
2022-10-27,11,1166
2022-10-27,12,1370
2022-10-27,13,1285
2022-10-27,14,1321
2022-10-27,15,1409
2022-10-27,16,1452
2022-10-27,17,1456
2022-10-27,18,1534
2022-10-27,19,1518
2022-10-27,20,1162
2022-10-27,21,906
2022-10-27,22,735
2022-10-27,23,547
2022-10-28,0,337
2022-10-28,1,217
2022-10-28,2,99
2022-10-28,3,75
2022-10-28,4,114
2022-10-28,5,225
2022-10-28,6,371
2022-10-28,7,651
2022-10-28,8,889
2022-10-28,9,964
2022-10-28,10,1074
2022-10-28,11,1088
2022-10-28,12,1182
2022-10-28,13,1217
2022-10-28,14,1263
2022-10-28,15,1276
2022-10-28,16,1313
2022-10-28,17,1337
2022-10-28,18,1367
2022-10-28,19,1255
2022-10-28,20,975
2022-10-28,21,740
2022-10-28,22,600
2022-10-28,23,477
2022-10-29,0,474
2022-10-29,1,495
2022-10-29,2,358
2022-10-29,3,191
2022-10-29,4,130
2022-10-29,5,125
2022-10-29,6,178
2022-10-29,7,226
2022-10-29,8,313
2022-10-29,9,493
2022-10-29,10,582
2022-10-29,11,626
2022-10-29,12,706
2022-10-29,13,775
2022-10-29,14,746
2022-10-29,15,770
2022-10-29,16,831
2022-10-29,17,917
2022-10-29,18,1022
2022-10-29,19,984
2022-10-29,20,868
2022-10-29,21,733
2022-10-29,22,628
2022-10-29,23,679
2022-10-30,0,632
2022-10-30,1,530
2022-10-30,2,450
2022-10-30,3,311
2022-10-30,4,201
2022-10-30,5,191
2022-10-30,6,195
2022-10-30,7,227
2022-10-30,8,295
2022-10-30,9,457
2022-10-30,10,615
2022-10-30,11,687
2022-10-30,12,769
2022-10-30,13,679
2022-10-30,14,669
2022-10-30,15,611
2022-10-30,16,678
2022-10-30,17,714
2022-10-30,18,729
2022-10-30,19,716
2022-10-30,20,607
2022-10-30,21,534
2022-10-30,22,349
2022-10-30,23,272
2022-10-31,0,202
2022-10-31,1,147
2022-10-31,2,67
2022-10-31,3,65
2022-10-31,4,99
2022-10-31,5,177
2022-10-31,6,295
2022-10-31,7,582
2022-10-31,8,814
2022-10-31,9,819
2022-10-31,10,823
2022-10-31,11,831
2022-10-31,12,849
2022-10-31,13,962
2022-10-31,14,964
2022-10-31,15,1124
2022-10-31,16,1214
2022-10-31,17,1053
2022-10-31,18,871
2022-10-31,19,797
2022-10-31,20,618
2022-10-31,21,470
2022-10-31,22,320
2022-10-31,23,335
2022-11-01,0,258
2022-11-01,1,137
2022-11-01,2,87
2022-11-01,3,52
2022-11-01,4,76
2022-11-01,5,155
2022-11-01,6,358
2022-11-01,7,742
2022-11-01,8,1139
2022-11-01,9,1173
2022-11-01,10,1109
2022-11-01,11,1155
2022-11-01,12,1294
2022-11-01,13,1343
2022-11-01,14,1301
2022-11-01,15,1292
2022-11-01,16,1430
2022-11-01,17,1408
2022-11-01,18,1275
2022-11-01,19,1114
2022-11-01,20,943
2022-11-01,21,710
2022-11-01,22,462
2022-11-01,23,324
2022-11-02,0,190
2022-11-02,1,98
2022-11-02,2,47
2022-11-02,3,41
2022-11-02,4,74
2022-11-02,5,172
2022-11-02,6,326
2022-11-02,7,762
2022-11-02,8,1243
2022-11-02,9,1189
2022-11-02,10,1058
2022-11-02,11,1123
2022-11-02,12,1168
2022-11-02,13,1218
2022-11-02,14,1314
2022-11-02,15,1327
2022-11-02,16,1373
2022-11-02,17,1439
2022-11-02,18,1419
2022-11-02,19,1228
2022-11-02,20,969
2022-11-02,21,733
2022-11-02,22,514
2022-11-02,23,335
2022-11-03,0,219
2022-11-03,1,137
2022-11-03,2,75
2022-11-03,3,54
2022-11-03,4,85
2022-11-03,5,190
2022-11-03,6,346
2022-11-03,7,774
2022-11-03,8,1179
2022-11-03,9,1191
2022-11-03,10,1139
2022-11-03,11,1176
2022-11-03,12,1281
2022-11-03,13,1375
2022-11-03,14,1385
2022-11-03,15,1489
2022-11-03,16,1492
2022-11-03,17,1559
2022-11-03,18,1527
2022-11-03,19,1374
2022-11-03,20,1136
2022-11-03,21,886
2022-11-03,22,711
2022-11-03,23,532
2022-11-04,0,392
2022-11-04,1,212
2022-11-04,2,141
2022-11-04,3,95
2022-11-04,4,120
2022-11-04,5,229
2022-11-04,6,421
2022-11-04,7,730
2022-11-04,8,971
2022-11-04,9,1046
2022-11-04,10,1100
2022-11-04,11,1353
2022-11-04,12,1423
2022-11-04,13,1378
2022-11-04,14,1408
2022-11-04,15,1420
2022-11-04,16,1461
2022-11-04,17,1592
2022-11-04,18,1681
2022-11-04,19,1538
2022-11-04,20,1166
2022-11-04,21,1035
2022-11-04,22,864
2022-11-04,23,653
2022-11-05,0,449
2022-11-05,1,377
2022-11-05,2,262
2022-11-05,3,169
2022-11-05,4,136
2022-11-05,5,125
2022-11-05,6,238
2022-11-05,7,344
2022-11-05,8,473
2022-11-05,9,673
2022-11-05,10,859
2022-11-05,11,977
2022-11-05,12,1052
2022-11-05,13,900
2022-11-05,14,876
2022-11-05,15,874
2022-11-05,16,1038
2022-11-05,17,1115
2022-11-05,18,1279
2022-11-05,19,1056
2022-11-05,20,915
2022-11-05,21,824
2022-11-05,22,811
2022-11-05,23,699
2022-11-06,0,472
2022-11-06,1,552
2022-11-06,2,206
2022-11-06,3,121
2022-11-06,4,156
2022-11-06,5,215
2022-11-06,6,268
2022-11-06,7,416
2022-11-06,8,586
2022-11-06,9,745
2022-11-06,10,909
2022-11-06,11,1035
2022-11-06,12,966
2022-11-06,13,976
2022-11-06,14,931
2022-11-06,15,1003
2022-11-06,16,1088
2022-11-06,17,1123
2022-11-06,18,1023
2022-11-06,19,1019
2022-11-06,20,768
2022-11-06,21,664
2022-11-06,22,537
2022-11-06,23,404
2022-11-07,0,304
2022-11-07,1,196
2022-11-07,2,87
2022-11-07,3,73
2022-11-07,4,168
2022-11-07,5,275
2022-11-07,6,468
2022-11-07,7,857
2022-11-07,8,1131
2022-11-07,9,1264
2022-11-07,10,1236
2022-11-07,11,1234
2022-11-07,12,1366
2022-11-07,13,1413
2022-11-07,14,1397
2022-11-07,15,1363
2022-11-07,16,1377
2022-11-07,17,1351
2022-11-07,18,1156
2022-11-07,19,1078
2022-11-07,20,823
2022-11-07,21,530
2022-11-07,22,395
2022-11-07,23,386
2022-11-08,0,239
2022-11-08,1,109
2022-11-08,2,48
2022-11-08,3,54
2022-11-08,4,101
2022-11-08,5,184
2022-11-08,6,335
2022-11-08,7,706
2022-11-08,8,1098
2022-11-08,9,1090
2022-11-08,10,1041
2022-11-08,11,1065
2022-11-08,12,1121
2022-11-08,13,1195
2022-11-08,14,1217
2022-11-08,15,1244
2022-11-08,16,1286
2022-11-08,17,1320
2022-11-08,18,1200
2022-11-08,19,1058
2022-11-08,20,823
2022-11-08,21,624
2022-11-08,22,484
2022-11-08,23,328
2022-11-09,0,191
2022-11-09,1,89
2022-11-09,2,48
2022-11-09,3,39
2022-11-09,4,88
2022-11-09,5,151
2022-11-09,6,372
2022-11-09,7,800
2022-11-09,8,1243
2022-11-09,9,1175
2022-11-09,10,1116
2022-11-09,11,1123
2022-11-09,12,1198
2022-11-09,13,1362
2022-11-09,14,1304
2022-11-09,15,1305
2022-11-09,16,1410
2022-11-09,17,1466
2022-11-09,18,1428
2022-11-09,19,1207
2022-11-09,20,1019
2022-11-09,21,745
2022-11-09,22,538
2022-11-09,23,330
2022-11-10,0,255
2022-11-10,1,148
2022-11-10,2,67
2022-11-10,3,52
2022-11-10,4,89
2022-11-10,5,170
2022-11-10,6,396
2022-11-10,7,759
2022-11-10,8,1051
2022-11-10,9,1082
2022-11-10,10,1074
2022-11-10,11,1156
2022-11-10,12,1253
2022-11-10,13,1386
2022-11-10,14,1385
2022-11-10,15,1422
2022-11-10,16,1505
2022-11-10,17,1550
2022-11-10,18,1592
2022-11-10,19,1463
2022-11-10,20,1129
2022-11-10,21,874
2022-11-10,22,721
2022-11-10,23,521
2022-11-11,0,376
2022-11-11,1,195
2022-11-11,2,115
2022-11-11,3,72
2022-11-11,4,114
2022-11-11,5,180
2022-11-11,6,321
2022-11-11,7,579
2022-11-11,8,768
2022-11-11,9,912
2022-11-11,10,966
2022-11-11,11,1022
2022-11-11,12,1118
2022-11-11,13,1144
2022-11-11,14,1251
2022-11-11,15,1337
2022-11-11,16,1331
2022-11-11,17,1401
2022-11-11,18,1404
2022-11-11,19,1194
2022-11-11,20,946
2022-11-11,21,726
2022-11-11,22,610
2022-11-11,23,536
2022-11-12,0,426
2022-11-12,1,341
2022-11-12,2,214
2022-11-12,3,154
2022-11-12,4,103
2022-11-12,5,132
2022-11-12,6,193
2022-11-12,7,242
2022-11-12,8,398
2022-11-12,9,561
2022-11-12,10,771
2022-11-12,11,816
2022-11-12,12,868
2022-11-12,13,939
2022-11-12,14,948
2022-11-12,15,912
2022-11-12,16,918
2022-11-12,17,1085
2022-11-12,18,1085
2022-11-12,19,980
2022-11-12,20,791
2022-11-12,21,671
2022-11-12,22,596
2022-11-12,23,664
2022-11-13,0,574
2022-11-13,1,313
2022-11-13,2,257
2022-11-13,3,165
2022-11-13,4,154
2022-11-13,5,183
2022-11-13,6,242
2022-11-13,7,292
2022-11-13,8,412
2022-11-13,9,586
2022-11-13,10,843
2022-11-13,11,951
2022-11-13,12,979
2022-11-13,13,907
2022-11-13,14,920
2022-11-13,15,1065
2022-11-13,16,1092
2022-11-13,17,1168
2022-11-13,18,1016
2022-11-13,19,883
2022-11-13,20,768
2022-11-13,21,682
2022-11-13,22,469
2022-11-13,23,411
2022-11-14,0,302
2022-11-14,1,187
2022-11-14,2,106
2022-11-14,3,77
2022-11-14,4,115
2022-11-14,5,235
2022-11-14,6,402
2022-11-14,7,778
2022-11-14,8,1173
2022-11-14,9,1303
2022-11-14,10,1100
2022-11-14,11,1163
2022-11-14,12,1239
2022-11-14,13,1328
2022-11-14,14,1272
2022-11-14,15,1337
2022-11-14,16,1402
2022-11-14,17,1480
2022-11-14,18,1321
2022-11-14,19,1130
2022-11-14,20,894
2022-11-14,21,659
2022-11-14,22,521
2022-11-14,23,377
2022-11-15,0,248
2022-11-15,1,108
2022-11-15,2,50
2022-11-15,3,50
2022-11-15,4,73
2022-11-15,5,156
2022-11-15,6,382
2022-11-15,7,880
2022-11-15,8,1339
2022-11-15,9,1316
2022-11-15,10,1208
2022-11-15,11,1287
2022-11-15,12,1328
2022-11-15,13,1399
2022-11-15,14,1319
2022-11-15,15,1493
2022-11-15,16,1650
2022-11-15,17,1788
2022-11-15,18,1653
2022-11-15,19,1373
2022-11-15,20,1093
2022-11-15,21,812
2022-11-15,22,474
2022-11-15,23,393
2022-11-16,0,283
2022-11-16,1,152
2022-11-16,2,70
2022-11-16,3,59
2022-11-16,4,99
2022-11-16,5,212
2022-11-16,6,424
2022-11-16,7,820
2022-11-16,8,1159
2022-11-16,9,1295
2022-11-16,10,1169
2022-11-16,11,1305
2022-11-16,12,1478
2022-11-16,13,1564
2022-11-16,14,1508
2022-11-16,15,1549
2022-11-16,16,1519
2022-11-16,17,1614
2022-11-16,18,1484
2022-11-16,19,1346
2022-11-16,20,1086
2022-11-16,21,902
2022-11-16,22,671
2022-11-16,23,425
2022-11-17,0,264
2022-11-17,1,191
2022-11-17,2,102
2022-11-17,3,73
2022-11-17,4,100
2022-11-17,5,208
2022-11-17,6,416
2022-11-17,7,847
2022-11-17,8,1273
2022-11-17,9,1307
2022-11-17,10,1221
2022-11-17,11,1285
2022-11-17,12,1472
2022-11-17,13,1496
2022-11-17,14,1552
2022-11-17,15,1642
2022-11-17,16,1503
2022-11-17,17,1531
2022-11-17,18,1601
2022-11-17,19,1427
2022-11-17,20,1145
2022-11-17,21,904
2022-11-17,22,758
2022-11-17,23,552
2022-11-18,0,425
2022-11-18,1,232
2022-11-18,2,105
2022-11-18,3,88
2022-11-18,4,143
2022-11-18,5,246
2022-11-18,6,428
2022-11-18,7,695
2022-11-18,8,995
2022-11-18,9,1021
2022-11-18,10,1124
2022-11-18,11,1209
2022-11-18,12,1292
2022-11-18,13,1374
2022-11-18,14,1430
2022-11-18,15,1453
2022-11-18,16,1614
2022-11-18,17,1772
2022-11-18,18,1686
2022-11-18,19,1474
2022-11-18,20,1102
2022-11-18,21,907
2022-11-18,22,805
2022-11-18,23,656
2022-11-19,0,511
2022-11-19,1,333
2022-11-19,2,246
2022-11-19,3,158
2022-11-19,4,105
2022-11-19,5,114
2022-11-19,6,191
2022-11-19,7,271
2022-11-19,8,384
2022-11-19,9,529
2022-11-19,10,722
2022-11-19,11,885
2022-11-19,12,908
2022-11-19,13,945
2022-11-19,14,943
2022-11-19,15,935
2022-11-19,16,882
2022-11-19,17,838
2022-11-19,18,800
2022-11-19,19,731
2022-11-19,20,688
2022-11-19,21,620
2022-11-19,22,608
2022-11-19,23,568
2022-11-20,0,431
2022-11-20,1,389
2022-11-20,2,228
2022-11-20,3,163
2022-11-20,4,137
2022-11-20,5,151
2022-11-20,6,225
2022-11-20,7,310
2022-11-20,8,347
2022-11-20,9,455
2022-11-20,10,612
2022-11-20,11,738
2022-11-20,12,833
2022-11-20,13,767
2022-11-20,14,765
2022-11-20,15,727
2022-11-20,16,722
2022-11-20,17,697
2022-11-20,18,603
2022-11-20,19,571
2022-11-20,20,445
2022-11-20,21,398
2022-11-20,22,300
2022-11-20,23,301
2022-11-21,0,239
2022-11-21,1,128
2022-11-21,2,99
2022-11-21,3,53
2022-11-21,4,78
2022-11-21,5,163
2022-11-21,6,306
2022-11-21,7,557
2022-11-21,8,854
2022-11-21,9,840
2022-11-21,10,829
2022-11-21,11,922
2022-11-21,12,981
2022-11-21,13,1023
2022-11-21,14,995
2022-11-21,15,1006
2022-11-21,16,1105
2022-11-21,17,1056
2022-11-21,18,967
2022-11-21,19,726
2022-11-21,20,528
2022-11-21,21,428
2022-11-21,22,305
2022-11-21,23,241
2022-11-22,0,197
2022-11-22,1,107
2022-11-22,2,53
2022-11-22,3,53
2022-11-22,4,77
2022-11-22,5,153
2022-11-22,6,313
2022-11-22,7,540
2022-11-22,8,789
2022-11-22,9,811
2022-11-22,10,837
2022-11-22,11,927
2022-11-22,12,1028
2022-11-22,13,1117
2022-11-22,14,1092
2022-11-22,15,1113
2022-11-22,16,1139
2022-11-22,17,1173
2022-11-22,18,998
2022-11-22,19,767
2022-11-22,20,604
2022-11-22,21,430
2022-11-22,22,374
2022-11-22,23,293
2022-11-23,0,201
2022-11-23,1,128
2022-11-23,2,87
2022-11-23,3,81
2022-11-23,4,87
2022-11-23,5,145
2022-11-23,6,253
2022-11-23,7,428
2022-11-23,8,615
2022-11-23,9,721
2022-11-23,10,792
2022-11-23,11,955
2022-11-23,12,1033
2022-11-23,13,1018
2022-11-23,14,1099
2022-11-23,15,1119
2022-11-23,16,1036
2022-11-23,17,914
2022-11-23,18,788
2022-11-23,19,644
2022-11-23,20,547
2022-11-23,21,461
2022-11-23,22,342
2022-11-23,23,351
2022-11-24,0,305
2022-11-24,1,283
2022-11-24,2,201
2022-11-24,3,132
2022-11-24,4,95
2022-11-24,5,126
2022-11-24,6,160
2022-11-24,7,197
2022-11-24,8,255
2022-11-24,9,283
2022-11-24,10,417
2022-11-24,11,470
2022-11-24,12,552
2022-11-24,13,564
2022-11-24,14,681
2022-11-24,15,714
2022-11-24,16,564
2022-11-24,17,466
2022-11-24,18,386
2022-11-24,19,347
2022-11-24,20,296
2022-11-24,21,289
2022-11-24,22,220
2022-11-24,23,118
2022-11-25,0,85
2022-11-25,1,40
2022-11-25,2,27
2022-11-25,3,24
2022-11-25,4,41
2022-11-25,5,68
2022-11-25,6,154
2022-11-25,7,252
2022-11-25,8,335
2022-11-25,9,442
2022-11-25,10,621
2022-11-25,11,701
2022-11-25,12,834
2022-11-25,13,948
2022-11-25,14,893
2022-11-25,15,929
2022-11-25,16,1023
2022-11-25,17,1070
2022-11-25,18,966
2022-11-25,19,944
2022-11-25,20,778
2022-11-25,21,655
2022-11-25,22,501
2022-11-25,23,394
2022-11-26,0,320
2022-11-26,1,276
2022-11-26,2,175
2022-11-26,3,107
2022-11-26,4,96
2022-11-26,5,106
2022-11-26,6,183
2022-11-26,7,285
2022-11-26,8,489
2022-11-26,9,719
2022-11-26,10,781
2022-11-26,11,979
2022-11-26,12,1087
2022-11-26,13,1310
2022-11-26,14,1262
2022-11-26,15,1282
2022-11-26,16,1231
2022-11-26,17,1402
2022-11-26,18,1235
2022-11-26,19,1184
2022-11-26,20,1051
2022-11-26,21,840
2022-11-26,22,700
2022-11-26,23,609
2022-11-27,0,489
2022-11-27,1,292
2022-11-27,2,214
2022-11-27,3,159
2022-11-27,4,121
2022-11-27,5,148
2022-11-27,6,240
2022-11-27,7,391
2022-11-27,8,647
2022-11-27,9,868
2022-11-27,10,854
2022-11-27,11,879
2022-11-27,12,931
2022-11-27,13,1040
2022-11-27,14,958
2022-11-27,15,1078
2022-11-27,16,1090
2022-11-27,17,1169
2022-11-27,18,1286
2022-11-27,19,1187
2022-11-27,20,960
2022-11-27,21,724
2022-11-27,22,620
2022-11-27,23,534
2022-11-28,0,441
2022-11-28,1,225
2022-11-28,2,140
2022-11-28,3,71
2022-11-28,4,104
2022-11-28,5,170
2022-11-28,6,376
2022-11-28,7,756
2022-11-28,8,1100
2022-11-28,9,1364
2022-11-28,10,1233
2022-11-28,11,1109
2022-11-28,12,1229
2022-11-28,13,1314
2022-11-28,14,1420
2022-11-28,15,1432
2022-11-28,16,1367
2022-11-28,17,1565
2022-11-28,18,1611
2022-11-28,19,1371
2022-11-28,20,1062
2022-11-28,21,751
2022-11-28,22,608
2022-11-28,23,414
2022-11-29,0,313
2022-11-29,1,191
2022-11-29,2,69
2022-11-29,3,63
2022-11-29,4,87
2022-11-29,5,161
2022-11-29,6,366
2022-11-29,7,833
2022-11-29,8,1224
2022-11-29,9,1416
2022-11-29,10,1275
2022-11-29,11,1327
2022-11-29,12,1447
2022-11-29,13,1479
2022-11-29,14,1443
2022-11-29,15,1499
2022-11-29,16,1540
2022-11-29,17,1569
2022-11-29,18,1608
2022-11-29,19,1480
2022-11-29,20,1142
2022-11-29,21,901
2022-11-29,22,636
2022-11-29,23,458
2022-11-30,0,306
2022-11-30,1,131
2022-11-30,2,70
2022-11-30,3,67
2022-11-30,4,117
2022-11-30,5,189
2022-11-30,6,394
2022-11-30,7,855
2022-11-30,8,1276
2022-11-30,9,1406
2022-11-30,10,1359
2022-11-30,11,1463
2022-11-30,12,1592
2022-11-30,13,1635
2022-11-30,14,1620
2022-11-30,15,1564
2022-11-30,16,1522
2022-11-30,17,1610
2022-11-30,18,1590
2022-11-30,19,1533
2022-11-30,20,1190
2022-11-30,21,835
2022-11-30,22,589
2022-11-30,23,435
2022-12-01,0,312
2022-12-01,1,172
2022-12-01,2,86
2022-12-01,3,82
2022-12-01,4,122
2022-12-01,5,217
2022-12-01,6,437
2022-12-01,7,822
2022-12-01,8,1135
2022-12-01,9,1278
2022-12-01,10,1297
2022-12-01,11,1369
2022-12-01,12,1474
2022-12-01,13,1514
2022-12-01,14,1493
2022-12-01,15,1583
2022-12-01,16,1602
2022-12-01,17,1550
2022-12-01,18,1470
2022-12-01,19,1311
2022-12-01,20,1065
2022-12-01,21,848
2022-12-01,22,676
2022-12-01,23,481
2022-12-02,0,319
2022-12-02,1,196
2022-12-02,2,92
2022-12-02,3,78
2022-12-02,4,105
2022-12-02,5,185
2022-12-02,6,340
2022-12-02,7,675
2022-12-02,8,876
2022-12-02,9,967
2022-12-02,10,1087
2022-12-02,11,1230
2022-12-02,12,1283
2022-12-02,13,1262
2022-12-02,14,1350
2022-12-02,15,1340
2022-12-02,16,1436
2022-12-02,17,1600
2022-12-02,18,1535
2022-12-02,19,1339
2022-12-02,20,988
2022-12-02,21,786
2022-12-02,22,675
2022-12-02,23,582
2022-12-03,0,528
2022-12-03,1,334
2022-12-03,2,217
2022-12-03,3,140
2022-12-03,4,114
2022-12-03,5,92
2022-12-03,6,157
2022-12-03,7,242
2022-12-03,8,493
2022-12-03,9,620
2022-12-03,10,734
2022-12-03,11,847
2022-12-03,12,925
2022-12-03,13,1018
2022-12-03,14,974
2022-12-03,15,1046
2022-12-03,16,1127
2022-12-03,17,1195
2022-12-03,18,1332
2022-12-03,19,1058
2022-12-03,20,772
2022-12-03,21,705
2022-12-03,22,655
2022-12-03,23,677
2022-12-04,0,584
2022-12-04,1,405
2022-12-04,2,248
2022-12-04,3,156
2022-12-04,4,131
2022-12-04,5,150
2022-12-04,6,198
2022-12-04,7,252
2022-12-04,8,380
2022-12-04,9,600
2022-12-04,10,781
2022-12-04,11,903
2022-12-04,12,908
2022-12-04,13,763
2022-12-04,14,846
2022-12-04,15,1084
2022-12-04,16,1094
2022-12-04,17,970
2022-12-04,18,830
2022-12-04,19,771
2022-12-04,20,646
2022-12-04,21,519
2022-12-04,22,395
2022-12-04,23,280
2022-12-05,0,227
2022-12-05,1,108
2022-12-05,2,50
2022-12-05,3,52
2022-12-05,4,84
2022-12-05,5,187
2022-12-05,6,367
2022-12-05,7,677
2022-12-05,8,958
2022-12-05,9,1082
2022-12-05,10,1035
2022-12-05,11,1001
2022-12-05,12,1073
2022-12-05,13,1111
2022-12-05,14,1167
2022-12-05,15,1203
2022-12-05,16,1266
2022-12-05,17,1292
2022-12-05,18,1091
2022-12-05,19,916
2022-12-05,20,701
2022-12-05,21,516
2022-12-05,22,336
2022-12-05,23,238
2022-12-06,0,152
2022-12-06,1,69
2022-12-06,2,31
2022-12-06,3,41
2022-12-06,4,65
2022-12-06,5,129
2022-12-06,6,302
2022-12-06,7,731
2022-12-06,8,1171
2022-12-06,9,1116
2022-12-06,10,1046
2022-12-06,11,1099
2022-12-06,12,1214
2022-12-06,13,1223
2022-12-06,14,1200
2022-12-06,15,1299
2022-12-06,16,1342
2022-12-06,17,1442
2022-12-06,18,1327
2022-12-06,19,1123
2022-12-06,20,917
2022-12-06,21,678
2022-12-06,22,527
2022-12-06,23,304
2022-12-07,0,172
2022-12-07,1,82
2022-12-07,2,54
2022-12-07,3,42
2022-12-07,4,86
2022-12-07,5,131
2022-12-07,6,310
2022-12-07,7,744
2022-12-07,8,1177
2022-12-07,9,1181
2022-12-07,10,1114
2022-12-07,11,1157
2022-12-07,12,1255
2022-12-07,13,1338
2022-12-07,14,1304
2022-12-07,15,1358
2022-12-07,16,1346
2022-12-07,17,1459
2022-12-07,18,1453
2022-12-07,19,1311
2022-12-07,20,1021
2022-12-07,21,782
2022-12-07,22,646
2022-12-07,23,392
2022-12-08,0,237
2022-12-08,1,111
2022-12-08,2,66
2022-12-08,3,48
2022-12-08,4,94
2022-12-08,5,161
2022-12-08,6,331
2022-12-08,7,711
2022-12-08,8,1212
2022-12-08,9,1146
2022-12-08,10,1159
2022-12-08,11,1229
2022-12-08,12,1299
2022-12-08,13,1301
2022-12-08,14,1387
2022-12-08,15,1462
2022-12-08,16,1511
2022-12-08,17,1689
2022-12-08,18,1551
2022-12-08,19,1417
2022-12-08,20,1251
2022-12-08,21,925
2022-12-08,22,737
2022-12-08,23,653
2022-12-09,0,425
2022-12-09,1,243
2022-12-09,2,109
2022-12-09,3,85
2022-12-09,4,118
2022-12-09,5,192
2022-12-09,6,342
2022-12-09,7,700
2022-12-09,8,1139
2022-12-09,9,1107
2022-12-09,10,1205
2022-12-09,11,1343
2022-12-09,12,1360
2022-12-09,13,1384
2022-12-09,14,1418
2022-12-09,15,1537
2022-12-09,16,1584
2022-12-09,17,1783
2022-12-09,18,1765
2022-12-09,19,1530
2022-12-09,20,1032
2022-12-09,21,846
2022-12-09,22,773
2022-12-09,23,692
2022-12-10,0,527
2022-12-10,1,397
2022-12-10,2,236
2022-12-10,3,140
2022-12-10,4,101
2022-12-10,5,105
2022-12-10,6,147
2022-12-10,7,230
2022-12-10,8,362
2022-12-10,9,520
2022-12-10,10,699
2022-12-10,11,860
2022-12-10,12,987
2022-12-10,13,953
2022-12-10,14,947
2022-12-10,15,1014
2022-12-10,16,1120
2022-12-10,17,1278
2022-12-10,18,1237
2022-12-10,19,1176
2022-12-10,20,898
2022-12-10,21,803
2022-12-10,22,691
2022-12-10,23,625
2022-12-11,0,594
2022-12-11,1,442
2022-12-11,2,299
2022-12-11,3,194
2022-12-11,4,125
2022-12-11,5,123
2022-12-11,6,184
2022-12-11,7,198
2022-12-11,8,329
2022-12-11,9,481
2022-12-11,10,651
2022-12-11,11,750
2022-12-11,12,877
2022-12-11,13,880
2022-12-11,14,856
2022-12-11,15,898
2022-12-11,16,871
2022-12-11,17,859
2022-12-11,18,757
2022-12-11,19,771
2022-12-11,20,651
2022-12-11,21,578
2022-12-11,22,433
2022-12-11,23,305
2022-12-12,0,263
2022-12-12,1,145
2022-12-12,2,83
2022-12-12,3,58
2022-12-12,4,90
2022-12-12,5,140
2022-12-12,6,342
2022-12-12,7,696
2022-12-12,8,1076
2022-12-12,9,1111
2022-12-12,10,1024
2022-12-12,11,989
2022-12-12,12,1167
2022-12-12,13,1157
2022-12-12,14,1156
2022-12-12,15,1197
2022-12-12,16,1167
2022-12-12,17,1269
2022-12-12,18,1245
2022-12-12,19,1068
2022-12-12,20,791
2022-12-12,21,598
2022-12-12,22,410
2022-12-12,23,303
2022-12-13,0,197
2022-12-13,1,107
2022-12-13,2,52
2022-12-13,3,34
2022-12-13,4,70
2022-12-13,5,130
2022-12-13,6,313
2022-12-13,7,723
2022-12-13,8,1292
2022-12-13,9,1336
2022-12-13,10,1204
2022-12-13,11,1124
2022-12-13,12,1228
2022-12-13,13,1302
2022-12-13,14,1272
2022-12-13,15,1319
2022-12-13,16,1511
2022-12-13,17,1637
2022-12-13,18,1470
2022-12-13,19,1389
2022-12-13,20,1048
2022-12-13,21,762
2022-12-13,22,563
2022-12-13,23,341
2022-12-14,0,219
2022-12-14,1,133
2022-12-14,2,66
2022-12-14,3,48
2022-12-14,4,64
2022-12-14,5,151
2022-12-14,6,401
2022-12-14,7,843
2022-12-14,8,1314
2022-12-14,9,1482
2022-12-14,10,1288
2022-12-14,11,1265
2022-12-14,12,1294
2022-12-14,13,1357
2022-12-14,14,1336
2022-12-14,15,1422
2022-12-14,16,1474
2022-12-14,17,1577
2022-12-14,18,1687
2022-12-14,19,1432
2022-12-14,20,1209
2022-12-14,21,931
2022-12-14,22,749
2022-12-14,23,471
2022-12-15,0,256
2022-12-15,1,133
2022-12-15,2,66
2022-12-15,3,57
2022-12-15,4,79
2022-12-15,5,179
2022-12-15,6,344
2022-12-15,7,802
2022-12-15,8,1245
2022-12-15,9,1275
2022-12-15,10,1220
2022-12-15,11,1293
2022-12-15,12,1355
2022-12-15,13,1460
2022-12-15,14,1410
2022-12-15,15,1436
2022-12-15,16,1532
2022-12-15,17,1501
2022-12-15,18,1472
2022-12-15,19,1392
2022-12-15,20,1046
2022-12-15,21,914
2022-12-15,22,797
2022-12-15,23,636
2022-12-16,0,450
2022-12-16,1,255
2022-12-16,2,143
2022-12-16,3,110
2022-12-16,4,112
2022-12-16,5,212
2022-12-16,6,340
2022-12-16,7,706
2022-12-16,8,1001
2022-12-16,9,1129
2022-12-16,10,1099
2022-12-16,11,1284
2022-12-16,12,1281
2022-12-16,13,1283
2022-12-16,14,1350
2022-12-16,15,1374
2022-12-16,16,1342
2022-12-16,17,1478
2022-12-16,18,1566
2022-12-16,19,1491
2022-12-16,20,1057
2022-12-16,21,981
2022-12-16,22,736
2022-12-16,23,665
2022-12-17,0,606
2022-12-17,1,541
2022-12-17,2,346
2022-12-17,3,188
2022-12-17,4,160
2022-12-17,5,166
2022-12-17,6,226
2022-12-17,7,297
2022-12-17,8,374
2022-12-17,9,534
2022-12-17,10,776
2022-12-17,11,894
2022-12-17,12,1004
2022-12-17,13,1041
2022-12-17,14,994
2022-12-17,15,930
2022-12-17,16,1065
2022-12-17,17,1098
2022-12-17,18,1141
2022-12-17,19,1080
2022-12-17,20,855
2022-12-17,21,723
2022-12-17,22,612
2022-12-17,23,559
2022-12-18,0,534
2022-12-18,1,493
2022-12-18,2,314
2022-12-18,3,187
2022-12-18,4,149
2022-12-18,5,130
2022-12-18,6,164
2022-12-18,7,231
2022-12-18,8,424
2022-12-18,9,607
2022-12-18,10,741
2022-12-18,11,807
2022-12-18,12,840
2022-12-18,13,782
2022-12-18,14,819
2022-12-18,15,953
2022-12-18,16,989
2022-12-18,17,1005
2022-12-18,18,914
2022-12-18,19,778
2022-12-18,20,629
2022-12-18,21,551
2022-12-18,22,465
2022-12-18,23,301
2022-12-19,0,218
2022-12-19,1,147
2022-12-19,2,77
2022-12-19,3,62
2022-12-19,4,87
2022-12-19,5,158
2022-12-19,6,287
2022-12-19,7,640
2022-12-19,8,930
2022-12-19,9,911
2022-12-19,10,896
2022-12-19,11,1048
2022-12-19,12,1059
2022-12-19,13,1021
2022-12-19,14,1105
2022-12-19,15,1123
2022-12-19,16,1206
2022-12-19,17,1260
2022-12-19,18,1032
2022-12-19,19,854
2022-12-19,20,627
2022-12-19,21,508
2022-12-19,22,393
2022-12-19,23,286
2022-12-20,0,211
2022-12-20,1,120
2022-12-20,2,47
2022-12-20,3,46
2022-12-20,4,73
2022-12-20,5,139
2022-12-20,6,289
2022-12-20,7,626
2022-12-20,8,904
2022-12-20,9,976
2022-12-20,10,985
2022-12-20,11,1040
2022-12-20,12,1124
2022-12-20,13,1163
2022-12-20,14,1179
2022-12-20,15,1248
2022-12-20,16,1341
2022-12-20,17,1394
2022-12-20,18,1192
2022-12-20,19,1033
2022-12-20,20,710
2022-12-20,21,574
2022-12-20,22,480
2022-12-20,23,306
2022-12-21,0,250
2022-12-21,1,142
2022-12-21,2,83
2022-12-21,3,69
2022-12-21,4,85
2022-12-21,5,221
2022-12-21,6,362
2022-12-21,7,625
2022-12-21,8,861
2022-12-21,9,1012
2022-12-21,10,1047
2022-12-21,11,1191
2022-12-21,12,1303
2022-12-21,13,1310
2022-12-21,14,1322
2022-12-21,15,1302
2022-12-21,16,1211
2022-12-21,17,1247
2022-12-21,18,1188
2022-12-21,19,1023
2022-12-21,20,792
2022-12-21,21,611
2022-12-21,22,528
2022-12-21,23,345
2022-12-22,0,227
2022-12-22,1,145
2022-12-22,2,100
2022-12-22,3,78
2022-12-22,4,132
2022-12-22,5,230
2022-12-22,6,324
2022-12-22,7,504
2022-12-22,8,654
2022-12-22,9,774
2022-12-22,10,804
2022-12-22,11,852
2022-12-22,12,896
2022-12-22,13,883
2022-12-22,14,849
2022-12-22,15,826
2022-12-22,16,642
2022-12-22,17,575
2022-12-22,18,534
2022-12-22,19,435
2022-12-22,20,350
2022-12-22,21,344
2022-12-22,22,310
2022-12-22,23,248
2022-12-23,0,159
2022-12-23,1,119
2022-12-23,2,87
2022-12-23,3,60
2022-12-23,4,62
2022-12-23,5,99
2022-12-23,6,155
2022-12-23,7,228
2022-12-23,8,303
2022-12-23,9,392
2022-12-23,10,435
2022-12-23,11,536
2022-12-23,12,605
2022-12-23,13,605
2022-12-23,14,669
2022-12-23,15,684
2022-12-23,16,747
2022-12-23,17,737
2022-12-23,18,741
2022-12-23,19,643
2022-12-23,20,549
2022-12-23,21,512
2022-12-23,22,449
2022-12-23,23,374
2022-12-24,0,292
2022-12-24,1,257
2022-12-24,2,191
2022-12-24,3,151
2022-12-24,4,119
2022-12-24,5,142
2022-12-24,6,166
2022-12-24,7,252
2022-12-24,8,295
2022-12-24,9,375
2022-12-24,10,561
2022-12-24,11,626
2022-12-24,12,563
2022-12-24,13,609
2022-12-24,14,607
2022-12-24,15,739
2022-12-24,16,706
2022-12-24,17,687
2022-12-24,18,619
2022-12-24,19,470
2022-12-24,20,384
2022-12-24,21,380
2022-12-24,22,286
2022-12-24,23,212
2022-12-25,0,140
2022-12-25,1,119
2022-12-25,2,82
2022-12-25,3,63
2022-12-25,4,56
2022-12-25,5,80
2022-12-25,6,118
2022-12-25,7,159
2022-12-25,8,177
2022-12-25,9,211
2022-12-25,10,291
2022-12-25,11,312
2022-12-25,12,333
2022-12-25,13,337
2022-12-25,14,349
2022-12-25,15,423
2022-12-25,16,390
2022-12-25,17,343
2022-12-25,18,329
2022-12-25,19,291
2022-12-25,20,308
2022-12-25,21,332
2022-12-25,22,281
2022-12-25,23,224
2022-12-26,0,172
2022-12-26,1,111
2022-12-26,2,68
2022-12-26,3,69
2022-12-26,4,67
2022-12-26,5,95
2022-12-26,6,117
2022-12-26,7,198
2022-12-26,8,255
2022-12-26,9,342
2022-12-26,10,453
2022-12-26,11,497
2022-12-26,12,597
2022-12-26,13,612
2022-12-26,14,630
2022-12-26,15,639
2022-12-26,16,737
2022-12-26,17,687
2022-12-26,18,715
2022-12-26,19,633
2022-12-26,20,599
2022-12-26,21,574
2022-12-26,22,521
2022-12-26,23,323
2022-12-27,0,235
2022-12-27,1,165
2022-12-27,2,97
2022-12-27,3,58
2022-12-27,4,68
2022-12-27,5,104
2022-12-27,6,225
2022-12-27,7,429
2022-12-27,8,582
2022-12-27,9,674
2022-12-27,10,713
2022-12-27,11,749
2022-12-27,12,822
2022-12-27,13,926
2022-12-27,14,968
2022-12-27,15,966
2022-12-27,16,982
2022-12-27,17,991
2022-12-27,18,915
2022-12-27,19,814
2022-12-27,20,609
2022-12-27,21,503
2022-12-27,22,439
2022-12-27,23,339
2022-12-28,0,239
2022-12-28,1,190
2022-12-28,2,95
2022-12-28,3,51
2022-12-28,4,57
2022-12-28,5,130
2022-12-28,6,216
2022-12-28,7,365
2022-12-28,8,565
2022-12-28,9,727
2022-12-28,10,786
2022-12-28,11,834
2022-12-28,12,887
2022-12-28,13,982
2022-12-28,14,987
2022-12-28,15,983
2022-12-28,16,1111
2022-12-28,17,1042
2022-12-28,18,972
2022-12-28,19,828
2022-12-28,20,639
2022-12-28,21,522
2022-12-28,22,457
2022-12-28,23,347
2022-12-29,0,233
2022-12-29,1,135
2022-12-29,2,94
2022-12-29,3,71
2022-12-29,4,80
2022-12-29,5,102
2022-12-29,6,230
2022-12-29,7,337
2022-12-29,8,552
2022-12-29,9,672
2022-12-29,10,745
2022-12-29,11,867
2022-12-29,12,920
2022-12-29,13,1007
2022-12-29,14,1001
2022-12-29,15,968
2022-12-29,16,1030
2022-12-29,17,1044
2022-12-29,18,930
2022-12-29,19,898
2022-12-29,20,730
2022-12-29,21,569
2022-12-29,22,422
2022-12-29,23,378
2022-12-30,0,295
2022-12-30,1,239
2022-12-30,2,135
2022-12-30,3,97
2022-12-30,4,75
2022-12-30,5,123
2022-12-30,6,209
2022-12-30,7,304
2022-12-30,8,473
2022-12-30,9,639
2022-12-30,10,782
2022-12-30,11,816
2022-12-30,12,907
2022-12-30,13,993
2022-12-30,14,1058
2022-12-30,15,1077
2022-12-30,16,1066
2022-12-30,17,1121
2022-12-30,18,1115
2022-12-30,19,930
2022-12-30,20,768
2022-12-30,21,635
2022-12-30,22,505
2022-12-30,23,381
2022-12-31,0,669
2022-12-31,1,660
2022-12-31,2,402
2022-12-31,3,274
2022-12-31,4,202
2022-12-31,5,222
2022-12-31,6,262
2022-12-31,7,314
2022-12-31,8,450
2022-12-31,9,798
2022-12-31,10,1070
2022-12-31,11,1098
2022-12-31,12,1292
2022-12-31,13,1450
2022-12-31,14,1506
2022-12-31,15,1532
2022-12-31,16,1654
2022-12-31,17,1796
2022-12-31,18,1848
2022-12-31,19,1858
2022-12-31,20,1650
2022-12-31,21,1456
2022-12-31,22,1110
2022-12-31,23,872
2023-01-01,0,517
2023-01-01,1,650
2023-01-01,2,618
2023-01-01,3,390
2023-01-01,4,243
2023-01-01,5,144
2023-01-01,6,143
2023-01-01,7,145
2023-01-01,8,182
2023-01-01,9,299
2023-01-01,10,445
2023-01-01,11,595
2023-01-01,12,681
2023-01-01,13,555
2023-01-01,14,615
2023-01-01,15,661
2023-01-01,16,596
2023-01-01,17,713
2023-01-01,18,581
2023-01-01,19,616
2023-01-01,20,577
2023-01-01,21,466
2023-01-01,22,353
2023-01-01,23,266
2023-01-02,0,217
2023-01-02,1,167
2023-01-02,2,89
2023-01-02,3,79
2023-01-02,4,83
2023-01-02,5,105
2023-01-02,6,159
2023-01-02,7,178
2023-01-02,8,258
2023-01-02,9,436
2023-01-02,10,511
2023-01-02,11,524
2023-01-02,12,619
2023-01-02,13,668
2023-01-02,14,717
2023-01-02,15,666
2023-01-02,16,696
2023-01-02,17,618
2023-01-02,18,581
2023-01-02,19,597
2023-01-02,20,501
2023-01-02,21,452
2023-01-02,22,325
2023-01-02,23,276
2023-01-03,0,252
2023-01-03,1,161
2023-01-03,2,69
2023-01-03,3,60
2023-01-03,4,82
2023-01-03,5,133
2023-01-03,6,260
2023-01-03,7,546
2023-01-03,8,825
2023-01-03,9,883
2023-01-03,10,820
2023-01-03,11,756
2023-01-03,12,840
2023-01-03,13,880
2023-01-03,14,839
2023-01-03,15,911
2023-01-03,16,963
2023-01-03,17,964
2023-01-03,18,805
2023-01-03,19,661
2023-01-03,20,552
2023-01-03,21,422
2023-01-03,22,295
2023-01-03,23,213
2023-01-04,0,191
2023-01-04,1,159
2023-01-04,2,129
2023-01-04,3,73
2023-01-04,4,65
2023-01-04,5,107
2023-01-04,6,243
2023-01-04,7,506
2023-01-04,8,746
2023-01-04,9,793
2023-01-04,10,707
2023-01-04,11,779
2023-01-04,12,850
2023-01-04,13,898
2023-01-04,14,874
2023-01-04,15,945
2023-01-04,16,960
2023-01-04,17,1002
2023-01-04,18,798
2023-01-04,19,684
2023-01-04,20,560
2023-01-04,21,400
2023-01-04,22,295
2023-01-04,23,276
2023-01-05,0,222
2023-01-05,1,121
2023-01-05,2,51
2023-01-05,3,38
2023-01-05,4,63
2023-01-05,5,99
2023-01-05,6,239
2023-01-05,7,459
2023-01-05,8,761
2023-01-05,9,827
2023-01-05,10,831
2023-01-05,11,797
2023-01-05,12,866
2023-01-05,13,903
2023-01-05,14,925
2023-01-05,15,984
2023-01-05,16,1000
2023-01-05,17,1098
2023-01-05,18,932
2023-01-05,19,770
2023-01-05,20,569
2023-01-05,21,399
2023-01-05,22,352
2023-01-05,23,260
2023-01-06,0,188
2023-01-06,1,93
2023-01-06,2,71
2023-01-06,3,58
2023-01-06,4,54
2023-01-06,5,111
2023-01-06,6,218
2023-01-06,7,397
2023-01-06,8,605
2023-01-06,9,733
2023-01-06,10,693
2023-01-06,11,801
2023-01-06,12,835
2023-01-06,13,835
2023-01-06,14,910
2023-01-06,15,955
2023-01-06,16,960
2023-01-06,17,1029
2023-01-06,18,997
2023-01-06,19,895
2023-01-06,20,644
2023-01-06,21,499
2023-01-06,22,431
2023-01-06,23,291
2023-01-07,0,309
2023-01-07,1,275
2023-01-07,2,155
2023-01-07,3,102
2023-01-07,4,74
2023-01-07,5,85
2023-01-07,6,123
2023-01-07,7,152
2023-01-07,8,232
2023-01-07,9,390
2023-01-07,10,454
2023-01-07,11,508
2023-01-07,12,557
2023-01-07,13,641
2023-01-07,14,629
2023-01-07,15,638
2023-01-07,16,674
2023-01-07,17,727
2023-01-07,18,743
2023-01-07,19,723
2023-01-07,20,571
2023-01-07,21,469
2023-01-07,22,435
2023-01-07,23,327
2023-01-08,0,325
2023-01-08,1,270
2023-01-08,2,188
2023-01-08,3,116
2023-01-08,4,112
2023-01-08,5,93
2023-01-08,6,135
2023-01-08,7,186
2023-01-08,8,230
2023-01-08,9,357
2023-01-08,10,478
2023-01-08,11,586
2023-01-08,12,558
2023-01-08,13,531
2023-01-08,14,510
2023-01-08,15,596
2023-01-08,16,628
2023-01-08,17,616
2023-01-08,18,550
2023-01-08,19,580
2023-01-08,20,489
2023-01-08,21,400
2023-01-08,22,296
2023-01-08,23,234
2023-01-09,0,177
2023-01-09,1,98
2023-01-09,2,35
2023-01-09,3,45
2023-01-09,4,74
2023-01-09,5,138
2023-01-09,6,290
2023-01-09,7,562
2023-01-09,8,799
2023-01-09,9,828
2023-01-09,10,774
2023-01-09,11,778
2023-01-09,12,850
2023-01-09,13,901
2023-01-09,14,933
2023-01-09,15,943
2023-01-09,16,983
2023-01-09,17,1021
2023-01-09,18,953
2023-01-09,19,772
2023-01-09,20,511
2023-01-09,21,373
2023-01-09,22,266
2023-01-09,23,227
2023-01-10,0,149
2023-01-10,1,73
2023-01-10,2,35
2023-01-10,3,35
2023-01-10,4,57
2023-01-10,5,132
2023-01-10,6,275
2023-01-10,7,611
2023-01-10,8,1004
2023-01-10,9,985
2023-01-10,10,822
2023-01-10,11,836
2023-01-10,12,926
2023-01-10,13,938
2023-01-10,14,968
2023-01-10,15,975
2023-01-10,16,1109
2023-01-10,17,1089
2023-01-10,18,925
2023-01-10,19,821
2023-01-10,20,558
2023-01-10,21,410
2023-01-10,22,324
2023-01-10,23,198
2023-01-11,0,126
2023-01-11,1,82
2023-01-11,2,28
2023-01-11,3,30
2023-01-11,4,55
2023-01-11,5,135
2023-01-11,6,273
2023-01-11,7,588
2023-01-11,8,920
2023-01-11,9,902
2023-01-11,10,825
2023-01-11,11,909
2023-01-11,12,1000
2023-01-11,13,998
2023-01-11,14,1058
2023-01-11,15,1006
2023-01-11,16,1070
2023-01-11,17,1156
2023-01-11,18,1067
2023-01-11,19,854
2023-01-11,20,704
2023-01-11,21,590
2023-01-11,22,428
2023-01-11,23,250
2023-01-12,0,174
2023-01-12,1,107
2023-01-12,2,63
2023-01-12,3,39
2023-01-12,4,70
2023-01-12,5,119
2023-01-12,6,301
2023-01-12,7,658
2023-01-12,8,972
2023-01-12,9,983
2023-01-12,10,881
2023-01-12,11,932
2023-01-12,12,1050
2023-01-12,13,1101
2023-01-12,14,1021
2023-01-12,15,1126
2023-01-12,16,1210
2023-01-12,17,1277
2023-01-12,18,1181
2023-01-12,19,1102
2023-01-12,20,796
2023-01-12,21,559
2023-01-12,22,451
2023-01-12,23,357
2023-01-13,0,232
2023-01-13,1,113
2023-01-13,2,90
2023-01-13,3,58
2023-01-13,4,89
2023-01-13,5,147
2023-01-13,6,290
2023-01-13,7,584
2023-01-13,8,786
2023-01-13,9,820
2023-01-13,10,888
2023-01-13,11,919
2023-01-13,12,1019
2023-01-13,13,994
2023-01-13,14,1068
2023-01-13,15,1028
2023-01-13,16,1137
2023-01-13,17,1234
2023-01-13,18,1190
2023-01-13,19,998
2023-01-13,20,767
2023-01-13,21,649
2023-01-13,22,490
2023-01-13,23,397
2023-01-14,0,326
2023-01-14,1,260
2023-01-14,2,155
2023-01-14,3,117
2023-01-14,4,88
2023-01-14,5,94
2023-01-14,6,145
2023-01-14,7,172
2023-01-14,8,238
2023-01-14,9,409
2023-01-14,10,505
2023-01-14,11,616
2023-01-14,12,709
2023-01-14,13,723
2023-01-14,14,712
2023-01-14,15,764
2023-01-14,16,737
2023-01-14,17,771
2023-01-14,18,810
2023-01-14,19,765
2023-01-14,20,586
2023-01-14,21,534
2023-01-14,22,522
2023-01-14,23,425
2023-01-15,0,328
2023-01-15,1,251
2023-01-15,2,212
2023-01-15,3,144
2023-01-15,4,108
2023-01-15,5,105
2023-01-15,6,109
2023-01-15,7,171
2023-01-15,8,257
2023-01-15,9,354
2023-01-15,10,462
2023-01-15,11,553
2023-01-15,12,716
2023-01-15,13,638
2023-01-15,14,588
2023-01-15,15,654
2023-01-15,16,656
2023-01-15,17,653
2023-01-15,18,613
2023-01-15,19,609
2023-01-15,20,518
2023-01-15,21,358
2023-01-15,22,377
2023-01-15,23,240
2023-01-16,0,179
2023-01-16,1,108
2023-01-16,2,54
2023-01-16,3,51
2023-01-16,4,71
2023-01-16,5,101
2023-01-16,6,184
2023-01-16,7,280
2023-01-16,8,491
2023-01-16,9,589
2023-01-16,10,669
2023-01-16,11,705
2023-01-16,12,881
2023-01-16,13,901
2023-01-16,14,856
2023-01-16,15,917
2023-01-16,16,841
2023-01-16,17,867
2023-01-16,18,770
2023-01-16,19,788
2023-01-16,20,602
2023-01-16,21,501
2023-01-16,22,320
2023-01-16,23,220
2023-01-17,0,220
2023-01-17,1,119
2023-01-17,2,42
2023-01-17,3,46
2023-01-17,4,60
2023-01-17,5,145
2023-01-17,6,324
2023-01-17,7,686
2023-01-17,8,1034
2023-01-17,9,1094
2023-01-17,10,891
2023-01-17,11,958
2023-01-17,12,1075
2023-01-17,13,1147
2023-01-17,14,1030
2023-01-17,15,1110
2023-01-17,16,1138
2023-01-17,17,1202
2023-01-17,18,1011
2023-01-17,19,890
2023-01-17,20,675
2023-01-17,21,417
2023-01-17,22,320
2023-01-17,23,204
2023-01-18,0,138
2023-01-18,1,69
2023-01-18,2,38
2023-01-18,3,38
2023-01-18,4,61
2023-01-18,5,142
2023-01-18,6,294
2023-01-18,7,634
2023-01-18,8,1077
2023-01-18,9,1052
2023-01-18,10,895
2023-01-18,11,948
2023-01-18,12,985
2023-01-18,13,1006
2023-01-18,14,972
2023-01-18,15,1037
2023-01-18,16,1116
2023-01-18,17,1176
2023-01-18,18,1158
2023-01-18,19,1005
2023-01-18,20,771
2023-01-18,21,530
2023-01-18,22,343
2023-01-18,23,249
2023-01-19,0,163
2023-01-19,1,77
2023-01-19,2,50
2023-01-19,3,36
2023-01-19,4,57
2023-01-19,5,137
2023-01-19,6,273
2023-01-19,7,685
2023-01-19,8,1045
2023-01-19,9,1011
2023-01-19,10,911
2023-01-19,11,975
2023-01-19,12,985
2023-01-19,13,1002
2023-01-19,14,1048
2023-01-19,15,1168
2023-01-19,16,1262
2023-01-19,17,1297
2023-01-19,18,1183
2023-01-19,19,1152
2023-01-19,20,806
2023-01-19,21,611
2023-01-19,22,426
2023-01-19,23,295
2023-01-20,0,234
2023-01-20,1,135
2023-01-20,2,64
2023-01-20,3,50
2023-01-20,4,86
2023-01-20,5,132
2023-01-20,6,280
2023-01-20,7,573
2023-01-20,8,777
2023-01-20,9,808
2023-01-20,10,831
2023-01-20,11,946
2023-01-20,12,967
2023-01-20,13,1012
2023-01-20,14,983
2023-01-20,15,1053
2023-01-20,16,1061
2023-01-20,17,1131
2023-01-20,18,1152
2023-01-20,19,960
2023-01-20,20,658
2023-01-20,21,513
2023-01-20,22,473
2023-01-20,23,359
2023-01-21,0,339
2023-01-21,1,233
2023-01-21,2,163
2023-01-21,3,138
2023-01-21,4,101
2023-01-21,5,91
2023-01-21,6,127
2023-01-21,7,182
2023-01-21,8,251
2023-01-21,9,414
2023-01-21,10,494
2023-01-21,11,559
2023-01-21,12,595
2023-01-21,13,624
2023-01-21,14,622
2023-01-21,15,658
2023-01-21,16,631
2023-01-21,17,724
2023-01-21,18,796
2023-01-21,19,743
2023-01-21,20,544
2023-01-21,21,492
2023-01-21,22,446
2023-01-21,23,403
2023-01-22,0,377
2023-01-22,1,238
2023-01-22,2,241
2023-01-22,3,148
2023-01-22,4,113
2023-01-22,5,109
2023-01-22,6,138
2023-01-22,7,153
2023-01-22,8,217
2023-01-22,9,314
2023-01-22,10,440
2023-01-22,11,463
2023-01-22,12,536
2023-01-22,13,601
2023-01-22,14,570
2023-01-22,15,560
2023-01-22,16,596
2023-01-22,17,639
2023-01-22,18,586
2023-01-22,19,609
2023-01-22,20,560
2023-01-22,21,433
2023-01-22,22,318
2023-01-22,23,256
2023-01-23,0,198
2023-01-23,1,85
2023-01-23,2,41
2023-01-23,3,36
2023-01-23,4,70
2023-01-23,5,148
2023-01-23,6,276
2023-01-23,7,626
2023-01-23,8,871
2023-01-23,9,915
2023-01-23,10,862
2023-01-23,11,832
2023-01-23,12,949
2023-01-23,13,1002
2023-01-23,14,955
2023-01-23,15,998
2023-01-23,16,1061
2023-01-23,17,1091
2023-01-23,18,911
2023-01-23,19,845
2023-01-23,20,580
2023-01-23,21,457
2023-01-23,22,284
2023-01-23,23,219
2023-01-24,0,165
2023-01-24,1,67
2023-01-24,2,39
2023-01-24,3,29
2023-01-24,4,56
2023-01-24,5,112
2023-01-24,6,273
2023-01-24,7,679
2023-01-24,8,1090
2023-01-24,9,1079
2023-01-24,10,944
2023-01-24,11,976
2023-01-24,12,997
2023-01-24,13,1007
2023-01-24,14,985
2023-01-24,15,988
2023-01-24,16,1148
2023-01-24,17,1147
2023-01-24,18,1045
2023-01-24,19,922
2023-01-24,20,591
2023-01-24,21,488
2023-01-24,22,295
2023-01-24,23,214
2023-01-25,0,138
2023-01-25,1,77
2023-01-25,2,31
2023-01-25,3,30
2023-01-25,4,55
2023-01-25,5,152
2023-01-25,6,297
2023-01-25,7,681
2023-01-25,8,1074
2023-01-25,9,1002
2023-01-25,10,871
2023-01-25,11,939
2023-01-25,12,974
2023-01-25,13,1053
2023-01-25,14,1001
2023-01-25,15,1092
2023-01-25,16,1190
2023-01-25,17,1250
2023-01-25,18,1108
2023-01-25,19,961
2023-01-25,20,688
2023-01-25,21,567
2023-01-25,22,379
2023-01-25,23,250
2023-01-26,0,182
2023-01-26,1,85
2023-01-26,2,38
2023-01-26,3,35
2023-01-26,4,61
2023-01-26,5,128
2023-01-26,6,312
2023-01-26,7,715
2023-01-26,8,1124
2023-01-26,9,1110
2023-01-26,10,966
2023-01-26,11,945
2023-01-26,12,1038
2023-01-26,13,1080
2023-01-26,14,1082
2023-01-26,15,1175
2023-01-26,16,1253
2023-01-26,17,1383
2023-01-26,18,1344
2023-01-26,19,1281
2023-01-26,20,919
2023-01-26,21,719
2023-01-26,22,493
2023-01-26,23,348
2023-01-27,0,236
2023-01-27,1,119
2023-01-27,2,53
2023-01-27,3,60
2023-01-27,4,75
2023-01-27,5,156
2023-01-27,6,299
2023-01-27,7,593
2023-01-27,8,819
2023-01-27,9,884
2023-01-27,10,872
2023-01-27,11,956
2023-01-27,12,991
2023-01-27,13,968
2023-01-27,14,1036
2023-01-27,15,1096
2023-01-27,16,1099
2023-01-27,17,1254
2023-01-27,18,1272
2023-01-27,19,1120
2023-01-27,20,739
2023-01-27,21,593
2023-01-27,22,494
2023-01-27,23,360
2023-01-28,0,333
2023-01-28,1,233
2023-01-28,2,152
2023-01-28,3,134
2023-01-28,4,105
2023-01-28,5,97
2023-01-28,6,110
2023-01-28,7,161
2023-01-28,8,261
2023-01-28,9,409
2023-01-28,10,526
2023-01-28,11,573
2023-01-28,12,681
2023-01-28,13,690
2023-01-28,14,629
2023-01-28,15,605
2023-01-28,16,636
2023-01-28,17,723
2023-01-28,18,827
2023-01-28,19,773
2023-01-28,20,561
2023-01-28,21,520
2023-01-28,22,509
2023-01-28,23,554
2023-01-29,0,464
2023-01-29,1,299
2023-01-29,2,212
2023-01-29,3,106
2023-01-29,4,76
2023-01-29,5,107
2023-01-29,6,110
2023-01-29,7,166
2023-01-29,8,226
2023-01-29,9,339
2023-01-29,10,472
2023-01-29,11,539
2023-01-29,12,585
2023-01-29,13,638
2023-01-29,14,589
2023-01-29,15,566
2023-01-29,16,636
2023-01-29,17,703
2023-01-29,18,571
2023-01-29,19,629
2023-01-29,20,526
2023-01-29,21,434
2023-01-29,22,271
2023-01-29,23,270
2023-01-30,0,220
2023-01-30,1,112
2023-01-30,2,66
2023-01-30,3,41
2023-01-30,4,88
2023-01-30,5,154
2023-01-30,6,322
2023-01-30,7,636
2023-01-30,8,975
2023-01-30,9,907
2023-01-30,10,865
2023-01-30,11,812
2023-01-30,12,906
2023-01-30,13,946
2023-01-30,14,979
2023-01-30,15,994
2023-01-30,16,1106
2023-01-30,17,1105
2023-01-30,18,1026
2023-01-30,19,838
2023-01-30,20,585
2023-01-30,21,408
2023-01-30,22,284
2023-01-30,23,190
2023-01-31,0,151
2023-01-31,1,67
2023-01-31,2,31
2023-01-31,3,37
2023-01-31,4,59
2023-01-31,5,119
2023-01-31,6,322
2023-01-31,7,695
2023-01-31,8,1148
2023-01-31,9,1150
2023-01-31,10,920
2023-01-31,11,911
2023-01-31,12,1018
2023-01-31,13,998
2023-01-31,14,946
2023-01-31,15,1033
2023-01-31,16,1239
2023-01-31,17,1340
2023-01-31,18,1276
2023-01-31,19,980
2023-01-31,20,722
2023-01-31,21,584
2023-01-31,22,374
2023-01-31,23,248
2023-02-01,0,158
2023-02-01,1,81
2023-02-01,2,34
2023-02-01,3,31
2023-02-01,4,58
2023-02-01,5,130
2023-02-01,6,322
2023-02-01,7,755
2023-02-01,8,1132
2023-02-01,9,1173
2023-02-01,10,908
2023-02-01,11,1019
2023-02-01,12,1051
2023-02-01,13,1002
2023-02-01,14,1014
2023-02-01,15,1064
2023-02-01,16,1258
2023-02-01,17,1260
2023-02-01,18,1190
2023-02-01,19,1038
2023-02-01,20,671
2023-02-01,21,490
2023-02-01,22,326
2023-02-01,23,224
2023-02-02,0,161
2023-02-02,1,81
2023-02-02,2,59
2023-02-02,3,40
2023-02-02,4,61
2023-02-02,5,131
2023-02-02,6,319
2023-02-02,7,721
2023-02-02,8,996
2023-02-02,9,982
2023-02-02,10,907
2023-02-02,11,963
2023-02-02,12,1045
2023-02-02,13,1069
2023-02-02,14,1079
2023-02-02,15,1174
2023-02-02,16,1223
2023-02-02,17,1351
2023-02-02,18,1418
2023-02-02,19,1186
2023-02-02,20,797
2023-02-02,21,669
2023-02-02,22,449
2023-02-02,23,314
2023-02-03,0,242
2023-02-03,1,115
2023-02-03,2,60
2023-02-03,3,44
2023-02-03,4,73
2023-02-03,5,125
2023-02-03,6,291
2023-02-03,7,575
2023-02-03,8,812
2023-02-03,9,901
2023-02-03,10,894
2023-02-03,11,911
2023-02-03,12,951
2023-02-03,13,1069
2023-02-03,14,1047
2023-02-03,15,1012
2023-02-03,16,1057
2023-02-03,17,1178
2023-02-03,18,1121
2023-02-03,19,989
2023-02-03,20,678
2023-02-03,21,532
2023-02-03,22,468
2023-02-03,23,393
2023-02-04,0,291
2023-02-04,1,200
2023-02-04,2,121
2023-02-04,3,107
2023-02-04,4,86
2023-02-04,5,73
2023-02-04,6,127
2023-02-04,7,168
2023-02-04,8,259
2023-02-04,9,404
2023-02-04,10,535
2023-02-04,11,572
2023-02-04,12,673
2023-02-04,13,721
2023-02-04,14,717
2023-02-04,15,691
2023-02-04,16,763
2023-02-04,17,830
2023-02-04,18,878
2023-02-04,19,810
2023-02-04,20,621
2023-02-04,21,504
2023-02-04,22,514
2023-02-04,23,500
2023-02-05,0,360
2023-02-05,1,251
2023-02-05,2,209
2023-02-05,3,122
2023-02-05,4,106
2023-02-05,5,106
2023-02-05,6,135
2023-02-05,7,199
2023-02-05,8,275
2023-02-05,9,384
2023-02-05,10,472
2023-02-05,11,559
2023-02-05,12,618
2023-02-05,13,646
2023-02-05,14,649
2023-02-05,15,623
2023-02-05,16,732
2023-02-05,17,688
2023-02-05,18,670
2023-02-05,19,807
2023-02-05,20,603
2023-02-05,21,451
2023-02-05,22,301
2023-02-05,23,282
2023-02-06,0,207
2023-02-06,1,112
2023-02-06,2,42
2023-02-06,3,38
2023-02-06,4,85
2023-02-06,5,160
2023-02-06,6,343
2023-02-06,7,630
2023-02-06,8,904
2023-02-06,9,1005
2023-02-06,10,903
2023-02-06,11,910
2023-02-06,12,969
2023-02-06,13,1003
2023-02-06,14,966
2023-02-06,15,1085
2023-02-06,16,1073
2023-02-06,17,1060
2023-02-06,18,999
2023-02-06,19,872
2023-02-06,20,694
2023-02-06,21,398
2023-02-06,22,290
2023-02-06,23,221
2023-02-07,0,171
2023-02-07,1,85
2023-02-07,2,32
2023-02-07,3,37
2023-02-07,4,59
2023-02-07,5,135
2023-02-07,6,300
2023-02-07,7,692
2023-02-07,8,1099
2023-02-07,9,1089
2023-02-07,10,941
2023-02-07,11,987
2023-02-07,12,1043
2023-02-07,13,1084
2023-02-07,14,1121
2023-02-07,15,1174
2023-02-07,16,1250
2023-02-07,17,1252
2023-02-07,18,1206
2023-02-07,19,974
2023-02-07,20,656
2023-02-07,21,427
2023-02-07,22,358
2023-02-07,23,242
2023-02-08,0,134
2023-02-08,1,57
2023-02-08,2,32
2023-02-08,3,36
2023-02-08,4,63
2023-02-08,5,144
2023-02-08,6,271
2023-02-08,7,730
2023-02-08,8,1071
2023-02-08,9,1080
2023-02-08,10,965
2023-02-08,11,1005
2023-02-08,12,1040
2023-02-08,13,1102
2023-02-08,14,1148
2023-02-08,15,1074
2023-02-08,16,1195
2023-02-08,17,1295
2023-02-08,18,1126
2023-02-08,19,1028
2023-02-08,20,751
2023-02-08,21,549
2023-02-08,22,370
2023-02-08,23,280
2023-02-09,0,148
2023-02-09,1,74
2023-02-09,2,35
2023-02-09,3,37
2023-02-09,4,64
2023-02-09,5,143
2023-02-09,6,365
2023-02-09,7,782
2023-02-09,8,1130
2023-02-09,9,1122
2023-02-09,10,909
2023-02-09,11,965
2023-02-09,12,1146
2023-02-09,13,1193
2023-02-09,14,1189
2023-02-09,15,1298
2023-02-09,16,1299
2023-02-09,17,1345
2023-02-09,18,1256
2023-02-09,19,1201
2023-02-09,20,866
2023-02-09,21,587
2023-02-09,22,434
2023-02-09,23,302
2023-02-10,0,210
2023-02-10,1,109
2023-02-10,2,63
2023-02-10,3,38
2023-02-10,4,84
2023-02-10,5,169
2023-02-10,6,326
2023-02-10,7,527
2023-02-10,8,790
2023-02-10,9,825
2023-02-10,10,882
2023-02-10,11,911
2023-02-10,12,1020
2023-02-10,13,1035
2023-02-10,14,1093
2023-02-10,15,999
2023-02-10,16,1036
2023-02-10,17,1178
2023-02-10,18,1308
2023-02-10,19,1061
2023-02-10,20,747
2023-02-10,21,564
2023-02-10,22,502
2023-02-10,23,440
2023-02-11,0,344
2023-02-11,1,255
2023-02-11,2,169
2023-02-11,3,108
2023-02-11,4,91
2023-02-11,5,92
2023-02-11,6,119
2023-02-11,7,178
2023-02-11,8,288
2023-02-11,9,436
2023-02-11,10,569
2023-02-11,11,602
2023-02-11,12,644
2023-02-11,13,710
2023-02-11,14,729
2023-02-11,15,741
2023-02-11,16,748
2023-02-11,17,747
2023-02-11,18,875
2023-02-11,19,780
2023-02-11,20,670
2023-02-11,21,587
2023-02-11,22,470
2023-02-11,23,400
2023-02-12,0,329
2023-02-12,1,244
2023-02-12,2,221
2023-02-12,3,130
2023-02-12,4,97
2023-02-12,5,93
2023-02-12,6,130
2023-02-12,7,150
2023-02-12,8,250
2023-02-12,9,395
2023-02-12,10,450
2023-02-12,11,505
2023-02-12,12,524
2023-02-12,13,641
2023-02-12,14,592
2023-02-12,15,661
2023-02-12,16,814
2023-02-12,17,775
2023-02-12,18,658
2023-02-12,19,619
2023-02-12,20,524
2023-02-12,21,454
2023-02-12,22,354
2023-02-12,23,307
2023-02-13,0,181
2023-02-13,1,85
2023-02-13,2,40
2023-02-13,3,51
2023-02-13,4,66
2023-02-13,5,170
2023-02-13,6,305
2023-02-13,7,579
2023-02-13,8,897
2023-02-13,9,950
2023-02-13,10,882
2023-02-13,11,868
2023-02-13,12,954
2023-02-13,13,990
2023-02-13,14,1025
2023-02-13,15,1000
2023-02-13,16,986
2023-02-13,17,962
2023-02-13,18,941
2023-02-13,19,785
2023-02-13,20,651
2023-02-13,21,474
2023-02-13,22,330
2023-02-13,23,263
2023-02-14,0,195
2023-02-14,1,100
2023-02-14,2,39
2023-02-14,3,27
2023-02-14,4,55
2023-02-14,5,111
2023-02-14,6,278
2023-02-14,7,631
2023-02-14,8,996
2023-02-14,9,1043
2023-02-14,10,940
2023-02-14,11,951
2023-02-14,12,1038
2023-02-14,13,1063
2023-02-14,14,1168
2023-02-14,15,1192
2023-02-14,16,1298
2023-02-14,17,1333
2023-02-14,18,1297
2023-02-14,19,1110
2023-02-14,20,732
2023-02-14,21,590
2023-02-14,22,466
2023-02-14,23,376
2023-02-15,0,219
2023-02-15,1,99
2023-02-15,2,66
2023-02-15,3,55
2023-02-15,4,62
2023-02-15,5,143
2023-02-15,6,330
2023-02-15,7,747
2023-02-15,8,1170
2023-02-15,9,1287
2023-02-15,10,1053
2023-02-15,11,1131
2023-02-15,12,1188
2023-02-15,13,1188
2023-02-15,14,1228
2023-02-15,15,1223
2023-02-15,16,1336
2023-02-15,17,1458
2023-02-15,18,1328
2023-02-15,19,1152
2023-02-15,20,849
2023-02-15,21,561
2023-02-15,22,488
2023-02-15,23,311
2023-02-16,0,195
2023-02-16,1,127
2023-02-16,2,46
2023-02-16,3,56
2023-02-16,4,76
2023-02-16,5,118
2023-02-16,6,308
2023-02-16,7,710
2023-02-16,8,1161
2023-02-16,9,1207
2023-02-16,10,1047
2023-02-16,11,1090
2023-02-16,12,1173
2023-02-16,13,1193
2023-02-16,14,1238
2023-02-16,15,1410
2023-02-16,16,1458
2023-02-16,17,1519
2023-02-16,18,1362
2023-02-16,19,1049
2023-02-16,20,856
2023-02-16,21,773
2023-02-16,22,662
2023-02-16,23,516
2023-02-17,0,396
2023-02-17,1,310
2023-02-17,2,156
2023-02-17,3,82
2023-02-17,4,94
2023-02-17,5,156
2023-02-17,6,326
2023-02-17,7,634
2023-02-17,8,914
2023-02-17,9,944
2023-02-17,10,1048
2023-02-17,11,1059
2023-02-17,12,1167
2023-02-17,13,1150
2023-02-17,14,1192
2023-02-17,15,1203
2023-02-17,16,1290
2023-02-17,17,1350
2023-02-17,18,1486
2023-02-17,19,1299
2023-02-17,20,849
2023-02-17,21,669
2023-02-17,22,619
2023-02-17,23,494
2023-02-18,0,320
2023-02-18,1,270
2023-02-18,2,185
2023-02-18,3,115
2023-02-18,4,116
2023-02-18,5,117
2023-02-18,6,148
2023-02-18,7,198
2023-02-18,8,305
2023-02-18,9,530
2023-02-18,10,633
2023-02-18,11,720
2023-02-18,12,791
2023-02-18,13,829
2023-02-18,14,809
2023-02-18,15,768
2023-02-18,16,793
2023-02-18,17,860
2023-02-18,18,949
2023-02-18,19,836
2023-02-18,20,621
2023-02-18,21,507
2023-02-18,22,530
2023-02-18,23,538
2023-02-19,0,426
2023-02-19,1,315
2023-02-19,2,223
2023-02-19,3,158
2023-02-19,4,132
2023-02-19,5,128
2023-02-19,6,147
2023-02-19,7,197
2023-02-19,8,260
2023-02-19,9,422
2023-02-19,10,599
2023-02-19,11,673
2023-02-19,12,700
2023-02-19,13,745
2023-02-19,14,720
2023-02-19,15,689
2023-02-19,16,810
2023-02-19,17,720
2023-02-19,18,696
2023-02-19,19,742
2023-02-19,20,663
2023-02-19,21,487
2023-02-19,22,395
2023-02-19,23,302
2023-02-20,0,186
2023-02-20,1,112
2023-02-20,2,70
2023-02-20,3,63
2023-02-20,4,78
2023-02-20,5,135
2023-02-20,6,216
2023-02-20,7,358
2023-02-20,8,609
2023-02-20,9,739
2023-02-20,10,829
2023-02-20,11,857
2023-02-20,12,1028
2023-02-20,13,1057
2023-02-20,14,1000
2023-02-20,15,1040
2023-02-20,16,947
2023-02-20,17,935
2023-02-20,18,820
2023-02-20,19,815
2023-02-20,20,719
2023-02-20,21,498
2023-02-20,22,378
2023-02-20,23,289
2023-02-21,0,205
2023-02-21,1,117
2023-02-21,2,34
2023-02-21,3,45
2023-02-21,4,93
2023-02-21,5,163
2023-02-21,6,349
2023-02-21,7,792
2023-02-21,8,1162
2023-02-21,9,1214
2023-02-21,10,1097
2023-02-21,11,1032
2023-02-21,12,1108
2023-02-21,13,1170
2023-02-21,14,1117
2023-02-21,15,1129
2023-02-21,16,1251
2023-02-21,17,1336
2023-02-21,18,1248
2023-02-21,19,1037
2023-02-21,20,714
2023-02-21,21,554
2023-02-21,22,488
2023-02-21,23,352
2023-02-22,0,186
2023-02-22,1,83
2023-02-22,2,59
2023-02-22,3,50
2023-02-22,4,69
2023-02-22,5,152
2023-02-22,6,333
2023-02-22,7,761
2023-02-22,8,1295
2023-02-22,9,1257
2023-02-22,10,1122
2023-02-22,11,1171
2023-02-22,12,1416
2023-02-22,13,1600
2023-02-22,14,1500
2023-02-22,15,1544
2023-02-22,16,1704
2023-02-22,17,1671
2023-02-22,18,1590
2023-02-22,19,1309
2023-02-22,20,949
2023-02-22,21,753
2023-02-22,22,567
2023-02-22,23,440
2023-02-23,0,282
2023-02-23,1,156
2023-02-23,2,67
2023-02-23,3,49
2023-02-23,4,73
2023-02-23,5,181
2023-02-23,6,361
2023-02-23,7,790
2023-02-23,8,1163
2023-02-23,9,1246
2023-02-23,10,1107
2023-02-23,11,1164
2023-02-23,12,1280
2023-02-23,13,1352
2023-02-23,14,1398
2023-02-23,15,1483
2023-02-23,16,1600
2023-02-23,17,1712
2023-02-23,18,1702
2023-02-23,19,1597
2023-02-23,20,1145
2023-02-23,21,934
2023-02-23,22,691
2023-02-23,23,518
2023-02-24,0,306
2023-02-24,1,201
2023-02-24,2,89
2023-02-24,3,83
2023-02-24,4,96
2023-02-24,5,171
2023-02-24,6,371
2023-02-24,7,705
2023-02-24,8,1093
2023-02-24,9,1125
2023-02-24,10,1159
2023-02-24,11,1206
2023-02-24,12,1308
2023-02-24,13,1309
2023-02-24,14,1474
2023-02-24,15,1437
2023-02-24,16,1476
2023-02-24,17,1677
2023-02-24,18,1782
2023-02-24,19,1692
2023-02-24,20,998
2023-02-24,21,865
2023-02-24,22,700
2023-02-24,23,576
2023-02-25,0,539
2023-02-25,1,377
2023-02-25,2,210
2023-02-25,3,134
2023-02-25,4,129
2023-02-25,5,148
2023-02-25,6,209
2023-02-25,7,337
2023-02-25,8,486
2023-02-25,9,655
2023-02-25,10,795
2023-02-25,11,902
2023-02-25,12,1024
2023-02-25,13,1082
2023-02-25,14,985
2023-02-25,15,1010
2023-02-25,16,1056
2023-02-25,17,1091
2023-02-25,18,1148
2023-02-25,19,1028
2023-02-25,20,799
2023-02-25,21,657
2023-02-25,22,599
2023-02-25,23,644
2023-02-26,0,513
2023-02-26,1,328
2023-02-26,2,230
2023-02-26,3,158
2023-02-26,4,175
2023-02-26,5,188
2023-02-26,6,269
2023-02-26,7,330
2023-02-26,8,330
2023-02-26,9,509
2023-02-26,10,676
2023-02-26,11,723
2023-02-26,12,832
2023-02-26,13,810
2023-02-26,14,819
2023-02-26,15,750
2023-02-26,16,800
2023-02-26,17,797
2023-02-26,18,709
2023-02-26,19,790
2023-02-26,20,627
2023-02-26,21,455
2023-02-26,22,340
2023-02-26,23,338
2023-02-27,0,242
2023-02-27,1,133
2023-02-27,2,66
2023-02-27,3,68
2023-02-27,4,99
2023-02-27,5,202
2023-02-27,6,428
2023-02-27,7,885
2023-02-27,8,1155
2023-02-27,9,1104
2023-02-27,10,1090
2023-02-27,11,927
2023-02-27,12,1026
2023-02-27,13,1141
2023-02-27,14,1089
2023-02-27,15,1213
2023-02-27,16,1187
2023-02-27,17,1166
2023-02-27,18,1004
2023-02-27,19,954
2023-02-27,20,685
2023-02-27,21,517
2023-02-27,22,408
2023-02-27,23,344
2023-02-28,0,260
2023-02-28,1,126
2023-02-28,2,42
2023-02-28,3,46
2023-02-28,4,81
2023-02-28,5,180
2023-02-28,6,355
2023-02-28,7,744
2023-02-28,8,1136
2023-02-28,9,1181
2023-02-28,10,1044
2023-02-28,11,1024
2023-02-28,12,1138
2023-02-28,13,1148
2023-02-28,14,1142
2023-02-28,15,1235
2023-02-28,16,1329
2023-02-28,17,1381
2023-02-28,18,1263
2023-02-28,19,1141
2023-02-28,20,854
2023-02-28,21,577
2023-02-28,22,471
2023-02-28,23,308
2023-03-01,0,218
2023-03-01,1,89
2023-03-01,2,35
2023-03-01,3,45
2023-03-01,4,81
2023-03-01,5,178
2023-03-01,6,348
2023-03-01,7,754
2023-03-01,8,1122
2023-03-01,9,1251
2023-03-01,10,1037
2023-03-01,11,1139
2023-03-01,12,1172
2023-03-01,13,1227
2023-03-01,14,1205
2023-03-01,15,1310
2023-03-01,16,1421
2023-03-01,17,1459
2023-03-01,18,1380
2023-03-01,19,1295
2023-03-01,20,989
2023-03-01,21,676
2023-03-01,22,482
2023-03-01,23,341
2023-03-02,0,242
2023-03-02,1,109
2023-03-02,2,42
2023-03-02,3,53
2023-03-02,4,90
2023-03-02,5,202
2023-03-02,6,392
2023-03-02,7,741
2023-03-02,8,1206
2023-03-02,9,1181
2023-03-02,10,1191
2023-03-02,11,1127
2023-03-02,12,1235
2023-03-02,13,1352
2023-03-02,14,1417
2023-03-02,15,1466
2023-03-02,16,1516
2023-03-02,17,1606
2023-03-02,18,1548
2023-03-02,19,1388
2023-03-02,20,1041
2023-03-02,21,766
2023-03-02,22,624
2023-03-02,23,512
2023-03-03,0,314
2023-03-03,1,169
2023-03-03,2,57
2023-03-03,3,69
2023-03-03,4,111
2023-03-03,5,233
2023-03-03,6,397
2023-03-03,7,636
2023-03-03,8,1004
2023-03-03,9,1089
2023-03-03,10,1076
2023-03-03,11,1119
2023-03-03,12,1199
2023-03-03,13,1235
2023-03-03,14,1336
2023-03-03,15,1320
2023-03-03,16,1354
2023-03-03,17,1348
2023-03-03,18,1368
2023-03-03,19,1221
2023-03-03,20,830
2023-03-03,21,651
2023-03-03,22,553
2023-03-03,23,494
2023-03-04,0,414
2023-03-04,1,266
2023-03-04,2,160
2023-03-04,3,125
2023-03-04,4,103
2023-03-04,5,134
2023-03-04,6,202
2023-03-04,7,280
2023-03-04,8,467
2023-03-04,9,648
2023-03-04,10,772
2023-03-04,11,836
2023-03-04,12,872
2023-03-04,13,938
2023-03-04,14,927
2023-03-04,15,1018
2023-03-04,16,1142
2023-03-04,17,1190
2023-03-04,18,1271
2023-03-04,19,1139
2023-03-04,20,804
2023-03-04,21,617
2023-03-04,22,606
2023-03-04,23,568
2023-03-05,0,453
2023-03-05,1,287
2023-03-05,2,257
2023-03-05,3,140
2023-03-05,4,125
2023-03-05,5,151
2023-03-05,6,192
2023-03-05,7,252
2023-03-05,8,492
2023-03-05,9,647
2023-03-05,10,780
2023-03-05,11,785
2023-03-05,12,931
2023-03-05,13,930
2023-03-05,14,882
2023-03-05,15,966
2023-03-05,16,934
2023-03-05,17,1004
2023-03-05,18,1031
2023-03-05,19,1022
2023-03-05,20,854
2023-03-05,21,534
2023-03-05,22,397
2023-03-05,23,420
2023-03-06,0,286
2023-03-06,1,163
2023-03-06,2,78
2023-03-06,3,59
2023-03-06,4,103
2023-03-06,5,196
2023-03-06,6,375
2023-03-06,7,682
2023-03-06,8,1131
2023-03-06,9,1200
2023-03-06,10,1198
2023-03-06,11,1177
2023-03-06,12,1238
2023-03-06,13,1239
2023-03-06,14,1316
2023-03-06,15,1328
2023-03-06,16,1379
2023-03-06,17,1320
2023-03-06,18,1255
2023-03-06,19,1142
2023-03-06,20,821
2023-03-06,21,596
2023-03-06,22,426
2023-03-06,23,293
2023-03-07,0,229
2023-03-07,1,131
2023-03-07,2,71
2023-03-07,3,58
2023-03-07,4,109
2023-03-07,5,188
2023-03-07,6,430
2023-03-07,7,809
2023-03-07,8,1171
2023-03-07,9,1255
2023-03-07,10,1177
2023-03-07,11,1235
2023-03-07,12,1268
2023-03-07,13,1338
2023-03-07,14,1358
2023-03-07,15,1438
2023-03-07,16,1360
2023-03-07,17,1376
2023-03-07,18,1388
2023-03-07,19,1209
2023-03-07,20,879
2023-03-07,21,591
2023-03-07,22,408
2023-03-07,23,336
2023-03-08,0,220
2023-03-08,1,87
2023-03-08,2,29
2023-03-08,3,56
2023-03-08,4,99
2023-03-08,5,183
2023-03-08,6,380
2023-03-08,7,742
2023-03-08,8,1038
2023-03-08,9,1126
2023-03-08,10,1138
2023-03-08,11,1106
2023-03-08,12,1147
2023-03-08,13,1239
2023-03-08,14,1253
2023-03-08,15,1268
2023-03-08,16,1417
2023-03-08,17,1409
2023-03-08,18,1304
2023-03-08,19,1190
2023-03-08,20,835
2023-03-08,21,613
2023-03-08,22,462
2023-03-08,23,353
2023-03-09,0,236
2023-03-09,1,101
2023-03-09,2,50
2023-03-09,3,47
2023-03-09,4,92
2023-03-09,5,167
2023-03-09,6,380
2023-03-09,7,734
2023-03-09,8,1101
2023-03-09,9,1140
2023-03-09,10,1128
2023-03-09,11,1136
2023-03-09,12,1243
2023-03-09,13,1288
2023-03-09,14,1277
2023-03-09,15,1430
2023-03-09,16,1445
2023-03-09,17,1518
2023-03-09,18,1406
2023-03-09,19,1243
2023-03-09,20,1121
2023-03-09,21,881
2023-03-09,22,652
2023-03-09,23,492
2023-03-10,0,312
2023-03-10,1,151
2023-03-10,2,76
2023-03-10,3,76
2023-03-10,4,98
2023-03-10,5,174
2023-03-10,6,351
2023-03-10,7,607
2023-03-10,8,884
2023-03-10,9,989
2023-03-10,10,1136
2023-03-10,11,1185
2023-03-10,12,1249
2023-03-10,13,1192
2023-03-10,14,1210
2023-03-10,15,1344
2023-03-10,16,1448
2023-03-10,17,1525
2023-03-10,18,1382
2023-03-10,19,1399
2023-03-10,20,972
2023-03-10,21,780
2023-03-10,22,679
2023-03-10,23,577
2023-03-11,0,403
2023-03-11,1,246
2023-03-11,2,153
2023-03-11,3,97
2023-03-11,4,93
2023-03-11,5,132
2023-03-11,6,193
2023-03-11,7,284
2023-03-11,8,475
2023-03-11,9,790
2023-03-11,10,879
2023-03-11,11,1009
2023-03-11,12,1039
2023-03-11,13,1135
2023-03-11,14,1223
2023-03-11,15,1225
2023-03-11,16,1317
2023-03-11,17,1346
2023-03-11,18,1292
2023-03-11,19,1315
2023-03-11,20,1048
2023-03-11,21,982
2023-03-11,22,863
2023-03-11,23,678
2023-03-12,0,520
2023-03-12,1,396
2023-03-12,3,245
2023-03-12,4,183
2023-03-12,5,157
2023-03-12,6,195
2023-03-12,7,276
2023-03-12,8,314
2023-03-12,9,471
2023-03-12,10,707
2023-03-12,11,831
2023-03-12,12,865
2023-03-12,13,856
2023-03-12,14,826
2023-03-12,15,860
2023-03-12,16,870
2023-03-12,17,950
2023-03-12,18,795
2023-03-12,19,776
2023-03-12,20,717
2023-03-12,21,557
2023-03-12,22,428
2023-03-12,23,418
2023-03-13,0,324
2023-03-13,1,210
2023-03-13,2,103
2023-03-13,3,91
2023-03-13,4,111
2023-03-13,5,204
2023-03-13,6,391
2023-03-13,7,764
2023-03-13,8,1171
2023-03-13,9,1196
2023-03-13,10,1053
2023-03-13,11,1048
2023-03-13,12,1177
2023-03-13,13,1157
2023-03-13,14,1242
2023-03-13,15,1286
2023-03-13,16,1314
2023-03-13,17,1266
2023-03-13,18,1169
2023-03-13,19,1149
2023-03-13,20,882
2023-03-13,21,592
2023-03-13,22,414
2023-03-13,23,318
2023-03-14,0,247
2023-03-14,1,152
2023-03-14,2,72
2023-03-14,3,64
2023-03-14,4,63
2023-03-14,5,157
2023-03-14,6,383
2023-03-14,7,832
2023-03-14,8,1269
2023-03-14,9,1334
2023-03-14,10,1173
2023-03-14,11,1157
2023-03-14,12,1189
2023-03-14,13,1174
2023-03-14,14,1257
2023-03-14,15,1309
2023-03-14,16,1448
2023-03-14,17,1526
2023-03-14,18,1458
2023-03-14,19,1205
2023-03-14,20,1026
2023-03-14,21,703
2023-03-14,22,542
2023-03-14,23,398
2023-03-15,0,201
2023-03-15,1,135
2023-03-15,2,74
2023-03-15,3,52
2023-03-15,4,71
2023-03-15,5,179
2023-03-15,6,361
2023-03-15,7,829
2023-03-15,8,1218
2023-03-15,9,1317
2023-03-15,10,1139
2023-03-15,11,1199
2023-03-15,12,1233
2023-03-15,13,1368
2023-03-15,14,1323
2023-03-15,15,1392
2023-03-15,16,1522
2023-03-15,17,1629
2023-03-15,18,1541
2023-03-15,19,1363
2023-03-15,20,987
2023-03-15,21,704
2023-03-15,22,638
2023-03-15,23,453
2023-03-16,0,275
2023-03-16,1,180
2023-03-16,2,86
2023-03-16,3,58
2023-03-16,4,104
2023-03-16,5,210
2023-03-16,6,391
2023-03-16,7,818
2023-03-16,8,1231
2023-03-16,9,1265
2023-03-16,10,1145
2023-03-16,11,1188
2023-03-16,12,1445
2023-03-16,13,1478
2023-03-16,14,1417
2023-03-16,15,1526
2023-03-16,16,1637
2023-03-16,17,1706
2023-03-16,18,1702
2023-03-16,19,1463
2023-03-16,20,1182
2023-03-16,21,888
2023-03-16,22,715
2023-03-16,23,592
2023-03-17,0,425
2023-03-17,1,240
2023-03-17,2,140
2023-03-17,3,89
2023-03-17,4,98
2023-03-17,5,190
2023-03-17,6,338
2023-03-17,7,656
2023-03-17,8,873
2023-03-17,9,968
2023-03-17,10,1080
2023-03-17,11,1210
2023-03-17,12,1248
2023-03-17,13,1210
2023-03-17,14,1301
2023-03-17,15,1403
2023-03-17,16,1437
2023-03-17,17,1546
2023-03-17,18,1509
2023-03-17,19,1343
2023-03-17,20,1085
2023-03-17,21,799
2023-03-17,22,751
2023-03-17,23,694
2023-03-18,0,611
2023-03-18,1,461
2023-03-18,2,278
2023-03-18,3,191
2023-03-18,4,126
2023-03-18,5,115
2023-03-18,6,174
2023-03-18,7,299
2023-03-18,8,423
2023-03-18,9,511
2023-03-18,10,714
2023-03-18,11,888
2023-03-18,12,1009
2023-03-18,13,1071
2023-03-18,14,957
2023-03-18,15,1007
2023-03-18,16,1078
2023-03-18,17,1098
2023-03-18,18,1133
2023-03-18,19,1064
2023-03-18,20,919
2023-03-18,21,742
2023-03-18,22,674
2023-03-18,23,626
2023-03-19,0,436
2023-03-19,1,312
2023-03-19,2,248
2023-03-19,3,176
2023-03-19,4,153
2023-03-19,5,154
2023-03-19,6,243
2023-03-19,7,322
2023-03-19,8,407
2023-03-19,9,600
2023-03-19,10,790
2023-03-19,11,917
2023-03-19,12,1033
2023-03-19,13,1046
2023-03-19,14,957
2023-03-19,15,981
2023-03-19,16,985
2023-03-19,17,1017
2023-03-19,18,1051
2023-03-19,19,975
2023-03-19,20,884
2023-03-19,21,696
2023-03-19,22,560
2023-03-19,23,506
2023-03-20,0,353
2023-03-20,1,215
2023-03-20,2,112
2023-03-20,3,73
2023-03-20,4,70
2023-03-20,5,202
2023-03-20,6,491
2023-03-20,7,902
2023-03-20,8,1337
2023-03-20,9,1381
2023-03-20,10,1272
2023-03-20,11,1207
2023-03-20,12,1369
2023-03-20,13,1425
2023-03-20,14,1475
2023-03-20,15,1507
2023-03-20,16,1528
2023-03-20,17,1566
2023-03-20,18,1575
2023-03-20,19,1313
2023-03-20,20,949
2023-03-20,21,748
2023-03-20,22,562
2023-03-20,23,411
2023-03-21,0,292
2023-03-21,1,163
2023-03-21,2,89
2023-03-21,3,67
2023-03-21,4,65
2023-03-21,5,154
2023-03-21,6,441
2023-03-21,7,794
2023-03-21,8,1448
2023-03-21,9,1596
2023-03-21,10,1311
2023-03-21,11,1236
2023-03-21,12,1378
2023-03-21,13,1432
2023-03-21,14,1379
2023-03-21,15,1415
2023-03-21,16,1577
2023-03-21,17,1594
2023-03-21,18,1539
2023-03-21,19,1377
2023-03-21,20,1024
2023-03-21,21,727
2023-03-21,22,546
2023-03-21,23,320
2023-03-22,0,218
2023-03-22,1,115
2023-03-22,2,73
2023-03-22,3,63
2023-03-22,4,123
2023-03-22,5,231
2023-03-22,6,469
2023-03-22,7,832
2023-03-22,8,1224
2023-03-22,9,1383
2023-03-22,10,1323
2023-03-22,11,1360
2023-03-22,12,1467
2023-03-22,13,1502
2023-03-22,14,1546
2023-03-22,15,1518
2023-03-22,16,1543
2023-03-22,17,1532
2023-03-22,18,1689
2023-03-22,19,1462
2023-03-22,20,1069
2023-03-22,21,756
2023-03-22,22,601
2023-03-22,23,365
2023-03-23,0,201
2023-03-23,1,134
2023-03-23,2,87
2023-03-23,3,76
2023-03-23,4,136
2023-03-23,5,271
2023-03-23,6,465
2023-03-23,7,777
2023-03-23,8,1138
2023-03-23,9,1291
2023-03-23,10,1244
2023-03-23,11,1261
2023-03-23,12,1424
2023-03-23,13,1414
2023-03-23,14,1487
2023-03-23,15,1555
2023-03-23,16,1453
2023-03-23,17,1443
2023-03-23,18,1345
2023-03-23,19,1326
2023-03-23,20,1134
2023-03-23,21,796
2023-03-23,22,595
2023-03-23,23,398
2023-03-24,0,234
2023-03-24,1,133
2023-03-24,2,90
2023-03-24,3,73
2023-03-24,4,111
2023-03-24,5,216
2023-03-24,6,368
2023-03-24,7,698
2023-03-24,8,891
2023-03-24,9,969
2023-03-24,10,975
2023-03-24,11,1155
2023-03-24,12,1188
2023-03-24,13,1156
2023-03-24,14,1219
2023-03-24,15,1285
2023-03-24,16,1369
2023-03-24,17,1361
2023-03-24,18,1355
2023-03-24,19,1266
2023-03-24,20,945
2023-03-24,21,723
2023-03-24,22,590
2023-03-24,23,527
2023-03-25,0,292
2023-03-25,1,295
2023-03-25,2,197
2023-03-25,3,118
2023-03-25,4,89
2023-03-25,5,113
2023-03-25,6,189
2023-03-25,7,235
2023-03-25,8,401
2023-03-25,9,541
2023-03-25,10,691
2023-03-25,11,792
2023-03-25,12,838
2023-03-25,13,873
2023-03-25,14,917
2023-03-25,15,900
2023-03-25,16,881
2023-03-25,17,957
2023-03-25,18,1006
2023-03-25,19,994
2023-03-25,20,779
2023-03-25,21,602
2023-03-25,22,541
2023-03-25,23,561
2023-03-26,0,401
2023-03-26,1,308
2023-03-26,2,244
2023-03-26,3,139
2023-03-26,4,117
2023-03-26,5,150
2023-03-26,6,214
2023-03-26,7,256
2023-03-26,8,384
2023-03-26,9,479
2023-03-26,10,695
2023-03-26,11,795
2023-03-26,12,865
2023-03-26,13,845
2023-03-26,14,799
2023-03-26,15,856
2023-03-26,16,1001
2023-03-26,17,983
2023-03-26,18,786
2023-03-26,19,776
2023-03-26,20,784
2023-03-26,21,692
2023-03-26,22,519
2023-03-26,23,418
2023-03-27,0,353
2023-03-27,1,246
2023-03-27,2,110
2023-03-27,3,76
2023-03-27,4,80
2023-03-27,5,199
2023-03-27,6,395
2023-03-27,7,668
2023-03-27,8,991
2023-03-27,9,1071
2023-03-27,10,1056
2023-03-27,11,1027
2023-03-27,12,1150
2023-03-27,13,1261
2023-03-27,14,1247
2023-03-27,15,1301
2023-03-27,16,1381
2023-03-27,17,1365
2023-03-27,18,1119
2023-03-27,19,982
2023-03-27,20,845
2023-03-27,21,582
2023-03-27,22,418
2023-03-27,23,345
2023-03-28,0,222
2023-03-28,1,118
2023-03-28,2,76
2023-03-28,3,61
2023-03-28,4,72
2023-03-28,5,146
2023-03-28,6,385
2023-03-28,7,716
2023-03-28,8,1113
2023-03-28,9,1188
2023-03-28,10,1125
2023-03-28,11,1241
2023-03-28,12,1277
2023-03-28,13,1239
2023-03-28,14,1302
2023-03-28,15,1320
2023-03-28,16,1353
2023-03-28,17,1374
2023-03-28,18,1153
2023-03-28,19,1060
2023-03-28,20,817
2023-03-28,21,583
2023-03-28,22,470
2023-03-28,23,305
2023-03-29,0,212
2023-03-29,1,129
2023-03-29,2,72
2023-03-29,3,45
2023-03-29,4,82
2023-03-29,5,161
2023-03-29,6,382
2023-03-29,7,688
2023-03-29,8,1119
2023-03-29,9,1147
2023-03-29,10,1080
2023-03-29,11,1158
2023-03-29,12,1342
2023-03-29,13,1339
2023-03-29,14,1331
2023-03-29,15,1353
2023-03-29,16,1474
2023-03-29,17,1506
2023-03-29,18,1377
2023-03-29,19,1213
2023-03-29,20,966
2023-03-29,21,747
2023-03-29,22,640
2023-03-29,23,405
2023-03-30,0,224
2023-03-30,1,117
2023-03-30,2,74
2023-03-30,3,78
2023-03-30,4,93
2023-03-30,5,195
2023-03-30,6,365
2023-03-30,7,760
2023-03-30,8,1173
2023-03-30,9,1212
2023-03-30,10,1222
2023-03-30,11,1273
2023-03-30,12,1406
2023-03-30,13,1348
2023-03-30,14,1339
2023-03-30,15,1450
2023-03-30,16,1491
2023-03-30,17,1535
2023-03-30,18,1434
2023-03-30,19,1364
2023-03-30,20,1062
2023-03-30,21,754
2023-03-30,22,671
2023-03-30,23,445
2023-03-31,0,302
2023-03-31,1,189
2023-03-31,2,100
2023-03-31,3,86
2023-03-31,4,100
2023-03-31,5,212
2023-03-31,6,368
2023-03-31,7,645
2023-03-31,8,970
2023-03-31,9,1101
2023-03-31,10,1105
2023-03-31,11,1172
2023-03-31,12,1249
2023-03-31,13,1207
2023-03-31,14,1244
2023-03-31,15,1455
2023-03-31,16,1487
2023-03-31,17,1646
2023-03-31,18,1409
2023-03-31,19,1027
2023-03-31,20,747
2023-03-31,21,635
2023-03-31,22,668
2023-03-31,23,787
2023-04-01,0,653
2023-04-01,1,536
2023-04-01,2,319
2023-04-01,3,175
2023-04-01,4,139
2023-04-01,5,139
2023-04-01,6,203
2023-04-01,7,284
2023-04-01,8,422
2023-04-01,9,671
2023-04-01,10,820
2023-04-01,11,1017
2023-04-01,12,1095
2023-04-01,13,1036
2023-04-01,14,967
2023-04-01,15,992
2023-04-01,16,1057
2023-04-01,17,1118
2023-04-01,18,1063
2023-04-01,19,986
2023-04-01,20,787
2023-04-01,21,611
2023-04-01,22,620
2023-04-01,23,530
2023-04-02,0,359
2023-04-02,1,324
2023-04-02,2,273
2023-04-02,3,159
2023-04-02,4,139
2023-04-02,5,163
2023-04-02,6,203
2023-04-02,7,256
2023-04-02,8,410
2023-04-02,9,584
2023-04-02,10,743
2023-04-02,11,824
2023-04-02,12,914
2023-04-02,13,958
2023-04-02,14,864
2023-04-02,15,832
2023-04-02,16,844
2023-04-02,17,962
2023-04-02,18,805
2023-04-02,19,741
2023-04-02,20,674
2023-04-02,21,536
2023-04-02,22,491
2023-04-02,23,337
2023-04-03,0,235
2023-04-03,1,187
2023-04-03,2,101
2023-04-03,3,61
2023-04-03,4,84
2023-04-03,5,196
2023-04-03,6,341
2023-04-03,7,646
2023-04-03,8,1104
2023-04-03,9,1143
2023-04-03,10,1115
2023-04-03,11,1105
2023-04-03,12,1198
2023-04-03,13,1169
2023-04-03,14,1214
2023-04-03,15,1280
2023-04-03,16,1200
2023-04-03,17,1192
2023-04-03,18,1084
2023-04-03,19,943
2023-04-03,20,823
2023-04-03,21,583
2023-04-03,22,492
2023-04-03,23,389
2023-04-04,0,207
2023-04-04,1,178
2023-04-04,2,77
2023-04-04,3,50
2023-04-04,4,93
2023-04-04,5,183
2023-04-04,6,388
2023-04-04,7,733
2023-04-04,8,1177
2023-04-04,9,1276
2023-04-04,10,1132
2023-04-04,11,1141
2023-04-04,12,1205
2023-04-04,13,1282
2023-04-04,14,1081
2023-04-04,15,1166
2023-04-04,16,1380
2023-04-04,17,1448
2023-04-04,18,1279
2023-04-04,19,1019
2023-04-04,20,881
2023-04-04,21,841
2023-04-04,22,581
2023-04-04,23,418
2023-04-05,0,285
2023-04-05,1,184
2023-04-05,2,87
2023-04-05,3,73
2023-04-05,4,97
2023-04-05,5,187
2023-04-05,6,382
2023-04-05,7,647
2023-04-05,8,1197
2023-04-05,9,1224
2023-04-05,10,1053
2023-04-05,11,1036
2023-04-05,12,1182
2023-04-05,13,1202
2023-04-05,14,1190
2023-04-05,15,1321
2023-04-05,16,1506
2023-04-05,17,1596
2023-04-05,18,1352
2023-04-05,19,1091
2023-04-05,20,962
2023-04-05,21,692
2023-04-05,22,612
2023-04-05,23,487
2023-04-06,0,308
2023-04-06,1,220
2023-04-06,2,124
2023-04-06,3,72
2023-04-06,4,135
2023-04-06,5,218
2023-04-06,6,375
2023-04-06,7,741
2023-04-06,8,1114
2023-04-06,9,1189
2023-04-06,10,1134
2023-04-06,11,1196
2023-04-06,12,1267
2023-04-06,13,1315
2023-04-06,14,1320
2023-04-06,15,1421
2023-04-06,16,1506
2023-04-06,17,1522
2023-04-06,18,1329
2023-04-06,19,1214
2023-04-06,20,960
2023-04-06,21,702
2023-04-06,22,616
2023-04-06,23,418
2023-04-07,0,290
2023-04-07,1,176
2023-04-07,2,111
2023-04-07,3,91
2023-04-07,4,97
2023-04-07,5,159
2023-04-07,6,371
2023-04-07,7,523
2023-04-07,8,731
2023-04-07,9,939
2023-04-07,10,1009
2023-04-07,11,1084
2023-04-07,12,1205
2023-04-07,13,1286
2023-04-07,14,1342
2023-04-07,15,1273
2023-04-07,16,1264
2023-04-07,17,1227
2023-04-07,18,1183
2023-04-07,19,1167
2023-04-07,20,977
2023-04-07,21,732
2023-04-07,22,609
2023-04-07,23,516
2023-04-08,0,356
2023-04-08,1,256
2023-04-08,2,194
2023-04-08,3,143
2023-04-08,4,93
2023-04-08,5,135
2023-04-08,6,233
2023-04-08,7,324
2023-04-08,8,405
2023-04-08,9,552
2023-04-08,10,664
2023-04-08,11,802
2023-04-08,12,886
2023-04-08,13,1073
2023-04-08,14,1123
2023-04-08,15,1041
2023-04-08,16,1025
2023-04-08,17,950
2023-04-08,18,944
2023-04-08,19,961
2023-04-08,20,815
2023-04-08,21,634
2023-04-08,22,552
2023-04-08,23,430
2023-04-09,0,323
2023-04-09,1,221
2023-04-09,2,158
2023-04-09,3,116
2023-04-09,4,117
2023-04-09,5,128
2023-04-09,6,220
2023-04-09,7,347
2023-04-09,8,404
2023-04-09,9,528
2023-04-09,10,809
2023-04-09,11,856
2023-04-09,12,846
2023-04-09,13,859
2023-04-09,14,891
2023-04-09,15,882
2023-04-09,16,879
2023-04-09,17,799
2023-04-09,18,726
2023-04-09,19,739
2023-04-09,20,723
2023-04-09,21,509
2023-04-09,22,405
2023-04-09,23,351
2023-04-10,0,301
2023-04-10,1,171
2023-04-10,2,86
2023-04-10,3,60
2023-04-10,4,86
2023-04-10,5,193
2023-04-10,6,402
2023-04-10,7,642
2023-04-10,8,1046
2023-04-10,9,1076
2023-04-10,10,1008
2023-04-10,11,996
2023-04-10,12,1049
2023-04-10,13,1195
2023-04-10,14,1226
2023-04-10,15,1259
2023-04-10,16,1238
2023-04-10,17,1233
2023-04-10,18,1060
2023-04-10,19,912
2023-04-10,20,785
2023-04-10,21,597
2023-04-10,22,442
2023-04-10,23,372
2023-04-11,0,262
2023-04-11,1,135
2023-04-11,2,79
2023-04-11,3,52
2023-04-11,4,71
2023-04-11,5,127
2023-04-11,6,346
2023-04-11,7,695
2023-04-11,8,1156
2023-04-11,9,1260
2023-04-11,10,1134
2023-04-11,11,1115
2023-04-11,12,1208
2023-04-11,13,1303
2023-04-11,14,1345
2023-04-11,15,1295
2023-04-11,16,1439
2023-04-11,17,1429
2023-04-11,18,1311
2023-04-11,19,1057
2023-04-11,20,872
2023-04-11,21,661
2023-04-11,22,578
2023-04-11,23,338
2023-04-12,0,194
2023-04-12,1,126
2023-04-12,2,76
2023-04-12,3,52
2023-04-12,4,64
2023-04-12,5,170
2023-04-12,6,388
2023-04-12,7,797
2023-04-12,8,1190
2023-04-12,9,1302
2023-04-12,10,1192
2023-04-12,11,1235
2023-04-12,12,1395
2023-04-12,13,1417
2023-04-12,14,1382
2023-04-12,15,1415
2023-04-12,16,1558
2023-04-12,17,1599
2023-04-12,18,1490
2023-04-12,19,1150
2023-04-12,20,1044
2023-04-12,21,789
2023-04-12,22,594
2023-04-12,23,490
2023-04-13,0,264
2023-04-13,1,119
2023-04-13,2,84
2023-04-13,3,61
2023-04-13,4,84
2023-04-13,5,211
2023-04-13,6,427
2023-04-13,7,823
2023-04-13,8,1160
2023-04-13,9,1250
2023-04-13,10,1300
2023-04-13,11,1319
2023-04-13,12,1377
2023-04-13,13,1485
2023-04-13,14,1491
2023-04-13,15,1543
2023-04-13,16,1631
2023-04-13,17,1603
2023-04-13,18,1593
2023-04-13,19,1454
2023-04-13,20,1168
2023-04-13,21,875
2023-04-13,22,706
2023-04-13,23,557
2023-04-14,0,344
2023-04-14,1,201
2023-04-14,2,105
2023-04-14,3,75
2023-04-14,4,122
2023-04-14,5,224
2023-04-14,6,405
2023-04-14,7,683
2023-04-14,8,903
2023-04-14,9,1018
2023-04-14,10,1165
2023-04-14,11,1241
2023-04-14,12,1344
2023-04-14,13,1393
2023-04-14,14,1437
2023-04-14,15,1490
2023-04-14,16,1527
2023-04-14,17,1523
2023-04-14,18,1429
2023-04-14,19,1319
2023-04-14,20,1069
2023-04-14,21,817
2023-04-14,22,738
2023-04-14,23,670
2023-04-15,0,502
2023-04-15,1,304
2023-04-15,2,194
2023-04-15,3,142
2023-04-15,4,124
2023-04-15,5,139
2023-04-15,6,253
2023-04-15,7,292
2023-04-15,8,411
2023-04-15,9,656
2023-04-15,10,760
2023-04-15,11,918
2023-04-15,12,1034
2023-04-15,13,1038
2023-04-15,14,1070
2023-04-15,15,1091
2023-04-15,16,1066
2023-04-15,17,1203
2023-04-15,18,1108
2023-04-15,19,954
2023-04-15,20,848
2023-04-15,21,777
2023-04-15,22,671
2023-04-15,23,609
2023-04-16,0,532
2023-04-16,1,379
2023-04-16,2,243
2023-04-16,3,184
2023-04-16,4,169
2023-04-16,5,213
2023-04-16,6,279
2023-04-16,7,343
2023-04-16,8,476
2023-04-16,9,632
2023-04-16,10,860
2023-04-16,11,905
2023-04-16,12,976
2023-04-16,13,1124
2023-04-16,14,1047
2023-04-16,15,1119
2023-04-16,16,1163
2023-04-16,17,1213
2023-04-16,18,1002
2023-04-16,19,861
2023-04-16,20,764
2023-04-16,21,660
2023-04-16,22,551
2023-04-16,23,441
2023-04-17,0,398
2023-04-17,1,287
2023-04-17,2,158
2023-04-17,3,90
2023-04-17,4,127
2023-04-17,5,256
2023-04-17,6,480
2023-04-17,7,778
2023-04-17,8,1167
2023-04-17,9,1333
2023-04-17,10,1332
2023-04-17,11,1318
2023-04-17,12,1405
2023-04-17,13,1526
2023-04-17,14,1536
2023-04-17,15,1581
2023-04-17,16,1686
2023-04-17,17,1741
2023-04-17,18,1559
2023-04-17,19,1271
2023-04-17,20,1057
2023-04-17,21,813
2023-04-17,22,631
2023-04-17,23,425
2023-04-18,0,313
2023-04-18,1,193
2023-04-18,2,85
2023-04-18,3,73
2023-04-18,4,76
2023-04-18,5,179
2023-04-18,6,391
2023-04-18,7,882
2023-04-18,8,1325
2023-04-18,9,1528
2023-04-18,10,1267
2023-04-18,11,1335
2023-04-18,12,1381
2023-04-18,13,1401
2023-04-18,14,1451
2023-04-18,15,1521
2023-04-18,16,1458
2023-04-18,17,1601
2023-04-18,18,1546
2023-04-18,19,1333
2023-04-18,20,1128
2023-04-18,21,800
2023-04-18,22,566
2023-04-18,23,424
2023-04-19,0,226
2023-04-19,1,130
2023-04-19,2,81
2023-04-19,3,68
2023-04-19,4,88
2023-04-19,5,199
2023-04-19,6,468
2023-04-19,7,812
2023-04-19,8,1205
2023-04-19,9,1468
2023-04-19,10,1366
2023-04-19,11,1306
2023-04-19,12,1433
2023-04-19,13,1501
2023-04-19,14,1494
2023-04-19,15,1637
2023-04-19,16,1648
2023-04-19,17,1590
2023-04-19,18,1403
2023-04-19,19,1149
2023-04-19,20,1006
2023-04-19,21,1006
2023-04-19,22,816
2023-04-19,23,546
2023-04-20,0,292
2023-04-20,1,179
2023-04-20,2,109
2023-04-20,3,103
2023-04-20,4,152
2023-04-20,5,255
2023-04-20,6,448
2023-04-20,7,742
2023-04-20,8,1059
2023-04-20,9,1369
2023-04-20,10,1308
2023-04-20,11,1590
2023-04-20,12,1664
2023-04-20,13,1494
2023-04-20,14,1594
2023-04-20,15,1666
2023-04-20,16,1630
2023-04-20,17,1606
2023-04-20,18,1499
2023-04-20,19,1353
2023-04-20,20,1097
2023-04-20,21,964
2023-04-20,22,999
2023-04-20,23,791
2023-04-21,0,494
2023-04-21,1,283
2023-04-21,2,175
2023-04-21,3,112
2023-04-21,4,171
2023-04-21,5,256
2023-04-21,6,436
2023-04-21,7,624
2023-04-21,8,944
2023-04-21,9,1148
2023-04-21,10,1233
2023-04-21,11,1341
2023-04-21,12,1404
2023-04-21,13,1414
2023-04-21,14,1313
2023-04-21,15,1308
2023-04-21,16,1387
2023-04-21,17,1332
2023-04-21,18,1473
2023-04-21,19,1312
2023-04-21,20,996
2023-04-21,21,747
2023-04-21,22,679
2023-04-21,23,652
2023-04-22,0,465
2023-04-22,1,303
2023-04-22,2,178
2023-04-22,3,128
2023-04-22,4,104
2023-04-22,5,148
2023-04-22,6,200
2023-04-22,7,295
2023-04-22,8,459
2023-04-22,9,682
2023-04-22,10,854
2023-04-22,11,928
2023-04-22,12,1052
2023-04-22,13,1023
2023-04-22,14,990
2023-04-22,15,986
2023-04-22,16,1097
2023-04-22,17,1217
2023-04-22,18,1241
2023-04-22,19,1095
2023-04-22,20,984
2023-04-22,21,726
2023-04-22,22,550
2023-04-22,23,528
2023-04-23,0,437
2023-04-23,1,306
2023-04-23,2,228
2023-04-23,3,137
2023-04-23,4,149
2023-04-23,5,193
2023-04-23,6,239
2023-04-23,7,331
2023-04-23,8,457
2023-04-23,9,562
2023-04-23,10,797
2023-04-23,11,933
2023-04-23,12,1037
2023-04-23,13,989
2023-04-23,14,989
2023-04-23,15,973
2023-04-23,16,1009
2023-04-23,17,988
2023-04-23,18,918
2023-04-23,19,960
2023-04-23,20,790
2023-04-23,21,571
2023-04-23,22,542
2023-04-23,23,434
2023-04-24,0,301
2023-04-24,1,196
2023-04-24,2,105
2023-04-24,3,62
2023-04-24,4,99
2023-04-24,5,259
2023-04-24,6,448
2023-04-24,7,733
2023-04-24,8,1153
2023-04-24,9,1174
2023-04-24,10,1144
2023-04-24,11,1211
2023-04-24,12,1313
2023-04-24,13,1346
2023-04-24,14,1334
2023-04-24,15,1435
2023-04-24,16,1368
2023-04-24,17,1355
2023-04-24,18,1203
2023-04-24,19,1144
2023-04-24,20,928
2023-04-24,21,628
2023-04-24,22,489
2023-04-24,23,360
2023-04-25,0,232
2023-04-25,1,110
2023-04-25,2,86
2023-04-25,3,60
2023-04-25,4,87
2023-04-25,5,201
2023-04-25,6,456
2023-04-25,7,774
2023-04-25,8,1194
2023-04-25,9,1372
2023-04-25,10,1240
2023-04-25,11,1177
2023-04-25,12,1355
2023-04-25,13,1409
2023-04-25,14,1350
2023-04-25,15,1365
2023-04-25,16,1511
2023-04-25,17,1450
2023-04-25,18,1393
2023-04-25,19,1197
2023-04-25,20,975
2023-04-25,21,697
2023-04-25,22,456
2023-04-25,23,277
2023-04-26,0,210
2023-04-26,1,101
2023-04-26,2,90
2023-04-26,3,72
2023-04-26,4,94
2023-04-26,5,197
2023-04-26,6,434
2023-04-26,7,792
2023-04-26,8,1191
2023-04-26,9,1281
2023-04-26,10,1171
2023-04-26,11,1234
2023-04-26,12,1357
2023-04-26,13,1353
2023-04-26,14,1398
2023-04-26,15,1467
2023-04-26,16,1580
2023-04-26,17,1597
2023-04-26,18,1423
2023-04-26,19,1335
2023-04-26,20,1136
2023-04-26,21,890
2023-04-26,22,682
2023-04-26,23,450
2023-04-27,0,266
2023-04-27,1,206
2023-04-27,2,85
2023-04-27,3,80
2023-04-27,4,103
2023-04-27,5,240
2023-04-27,6,436
2023-04-27,7,769
2023-04-27,8,1085
2023-04-27,9,1284
2023-04-27,10,1188
2023-04-27,11,1287
2023-04-27,12,1478
2023-04-27,13,1557
2023-04-27,14,1544
2023-04-27,15,1653
2023-04-27,16,1737
2023-04-27,17,1809
2023-04-27,18,1627
2023-04-27,19,1458
2023-04-27,20,1148
2023-04-27,21,906
2023-04-27,22,763
2023-04-27,23,519
2023-04-28,0,350
2023-04-28,1,257
2023-04-28,2,135
2023-04-28,3,102
2023-04-28,4,135
2023-04-28,5,234
2023-04-28,6,452
2023-04-28,7,694
2023-04-28,8,998
2023-04-28,9,1146
2023-04-28,10,1249
2023-04-28,11,1360
2023-04-28,12,1384
2023-04-28,13,1472
2023-04-28,14,1469
2023-04-28,15,1482
2023-04-28,16,1546
2023-04-28,17,1615
2023-04-28,18,1544
2023-04-28,19,1394
2023-04-28,20,1072
2023-04-28,21,797
2023-04-28,22,676
2023-04-28,23,556
2023-04-29,0,423
2023-04-29,1,308
2023-04-29,2,197
2023-04-29,3,138
2023-04-29,4,110
2023-04-29,5,137
2023-04-29,6,221
2023-04-29,7,327
2023-04-29,8,515
2023-04-29,9,658
2023-04-29,10,801
2023-04-29,11,949
2023-04-29,12,1075
2023-04-29,13,1195
2023-04-29,14,1027
2023-04-29,15,1007
2023-04-29,16,990
2023-04-29,17,1127
2023-04-29,18,1068
2023-04-29,19,1003
2023-04-29,20,892
2023-04-29,21,726
2023-04-29,22,643
2023-04-29,23,585
2023-04-30,0,514
2023-04-30,1,361
2023-04-30,2,276
2023-04-30,3,177
2023-04-30,4,145
2023-04-30,5,182
2023-04-30,6,278
2023-04-30,7,381
2023-04-30,8,511
2023-04-30,9,649
2023-04-30,10,933
2023-04-30,11,985
2023-04-30,12,1082
2023-04-30,13,1114
2023-04-30,14,1059
2023-04-30,15,1103
2023-04-30,16,1128
2023-04-30,17,1112
2023-04-30,18,1000
2023-04-30,19,921
2023-04-30,20,778
2023-04-30,21,660
2023-04-30,22,541
2023-04-30,23,370
2023-05-01,0,338
2023-05-01,1,237
2023-05-01,2,137
2023-05-01,3,100
2023-05-01,4,134
2023-05-01,5,257
2023-05-01,6,458
2023-05-01,7,780
2023-05-01,8,1103
2023-05-01,9,1247
2023-05-01,10,1226
2023-05-01,11,1340
2023-05-01,12,1468
2023-05-01,13,1447
2023-05-01,14,1380
2023-05-01,15,1400
2023-05-01,16,1484
2023-05-01,17,1510
2023-05-01,18,1165
2023-05-01,19,1081
2023-05-01,20,883
2023-05-01,21,648
2023-05-01,22,428
2023-05-01,23,301
2023-05-02,0,238
2023-05-02,1,151
2023-05-02,2,86
2023-05-02,3,52
2023-05-02,4,72
2023-05-02,5,155
2023-05-02,6,391
2023-05-02,7,823
2023-05-02,8,1275
2023-05-02,9,1289
2023-05-02,10,1190
2023-05-02,11,1116
2023-05-02,12,1204
2023-05-02,13,1235
2023-05-02,14,1289
2023-05-02,15,1318
2023-05-02,16,1391
2023-05-02,17,1443
2023-05-02,18,1369
2023-05-02,19,1180
2023-05-02,20,944
2023-05-02,21,632
2023-05-02,22,443
2023-05-02,23,290
2023-05-03,0,213
2023-05-03,1,137
2023-05-03,2,73
2023-05-03,3,49
2023-05-03,4,96
2023-05-03,5,191
2023-05-03,6,401
2023-05-03,7,849
2023-05-03,8,1295
2023-05-03,9,1251
2023-05-03,10,1155
2023-05-03,11,1172
2023-05-03,12,1304
2023-05-03,13,1341
2023-05-03,14,1433
2023-05-03,15,1511
2023-05-03,16,1429
2023-05-03,17,1519
2023-05-03,18,1412
2023-05-03,19,1342
2023-05-03,20,1123
2023-05-03,21,749
2023-05-03,22,528
2023-05-03,23,313
2023-05-04,0,222
2023-05-04,1,150
2023-05-04,2,70
2023-05-04,3,59
2023-05-04,4,77
2023-05-04,5,253
2023-05-04,6,398
2023-05-04,7,804
2023-05-04,8,1206
2023-05-04,9,1282
2023-05-04,10,1250
2023-05-04,11,1163
2023-05-04,12,1373
2023-05-04,13,1377
2023-05-04,14,1410
2023-05-04,15,1399
2023-05-04,16,1431
2023-05-04,17,1460
2023-05-04,18,1489
2023-05-04,19,1451
2023-05-04,20,1172
2023-05-04,21,916
2023-05-04,22,714
2023-05-04,23,493
2023-05-05,0,310
2023-05-05,1,194
2023-05-05,2,121
2023-05-05,3,92
2023-05-05,4,138
2023-05-05,5,271
2023-05-05,6,393
2023-05-05,7,681
2023-05-05,8,959
2023-05-05,9,1045
2023-05-05,10,1143
2023-05-05,11,1258
2023-05-05,12,1532
2023-05-05,13,1438
2023-05-05,14,1448
2023-05-05,15,1482
2023-05-05,16,1571
2023-05-05,17,1723
2023-05-05,18,1743
2023-05-05,19,1478
2023-05-05,20,1147
2023-05-05,21,882
2023-05-05,22,783
2023-05-05,23,628
2023-05-06,0,494
2023-05-06,1,383
2023-05-06,2,234
2023-05-06,3,158
2023-05-06,4,129
2023-05-06,5,165
2023-05-06,6,235
2023-05-06,7,365
2023-05-06,8,551
2023-05-06,9,771
2023-05-06,10,949
2023-05-06,11,993
2023-05-06,12,1120
2023-05-06,13,1067
2023-05-06,14,1098
2023-05-06,15,1123
2023-05-06,16,1273
2023-05-06,17,1272
2023-05-06,18,1248
2023-05-06,19,1161
2023-05-06,20,898
2023-05-06,21,710
2023-05-06,22,659
2023-05-06,23,621
2023-05-07,0,510
2023-05-07,1,330
2023-05-07,2,223
2023-05-07,3,149
2023-05-07,4,140
2023-05-07,5,201
2023-05-07,6,282
2023-05-07,7,392
2023-05-07,8,575
2023-05-07,9,709
2023-05-07,10,917
2023-05-07,11,1009
2023-05-07,12,1077
2023-05-07,13,1034
2023-05-07,14,1030
2023-05-07,15,1054
2023-05-07,16,1104
2023-05-07,17,1213
2023-05-07,18,1127
2023-05-07,19,1129
2023-05-07,20,1032
2023-05-07,21,728
2023-05-07,22,597
2023-05-07,23,511
2023-05-08,0,426
2023-05-08,1,277
2023-05-08,2,140
2023-05-08,3,77
2023-05-08,4,121
2023-05-08,5,245
2023-05-08,6,487
2023-05-08,7,824
2023-05-08,8,1154
2023-05-08,9,1311
2023-05-08,10,1429
2023-05-08,11,1399
2023-05-08,12,1530
2023-05-08,13,1520
2023-05-08,14,1497
2023-05-08,15,1514
2023-05-08,16,1562
2023-05-08,17,1578
2023-05-08,18,1437
2023-05-08,19,1315
2023-05-08,20,977
2023-05-08,21,707
2023-05-08,22,510
2023-05-08,23,417
2023-05-09,0,283
2023-05-09,1,192
2023-05-09,2,99
2023-05-09,3,53
2023-05-09,4,87
2023-05-09,5,255
2023-05-09,6,448
2023-05-09,7,811
2023-05-09,8,1190
2023-05-09,9,1337
2023-05-09,10,1338
2023-05-09,11,1314
2023-05-09,12,1390
2023-05-09,13,1453
2023-05-09,14,1547
2023-05-09,15,1540
2023-05-09,16,1449
2023-05-09,17,1365
2023-05-09,18,1292
2023-05-09,19,1129
2023-05-09,20,978
2023-05-09,21,772
2023-05-09,22,566
2023-05-09,23,387
2023-05-10,0,211
2023-05-10,1,112
2023-05-10,2,65
2023-05-10,3,60
2023-05-10,4,99
2023-05-10,5,240
2023-05-10,6,465
2023-05-10,7,760
2023-05-10,8,1104
2023-05-10,9,1192
2023-05-10,10,1118
2023-05-10,11,1177
2023-05-10,12,1275
2023-05-10,13,1412
2023-05-10,14,1423
2023-05-10,15,1535
2023-05-10,16,1467
2023-05-10,17,1474
2023-05-10,18,1351
2023-05-10,19,1225
2023-05-10,20,1011
2023-05-10,21,841
2023-05-10,22,622
2023-05-10,23,477
2023-05-11,0,315
2023-05-11,1,172
2023-05-11,2,96
2023-05-11,3,63
2023-05-11,4,106
2023-05-11,5,251
2023-05-11,6,407
2023-05-11,7,749
2023-05-11,8,986
2023-05-11,9,1130
2023-05-11,10,1170
2023-05-11,11,1192
2023-05-11,12,1358
2023-05-11,13,1408
2023-05-11,14,1468
2023-05-11,15,1464
2023-05-11,16,1370
2023-05-11,17,1295
2023-05-11,18,1310
2023-05-11,19,1313
2023-05-11,20,1058
2023-05-11,21,840
2023-05-11,22,694
2023-05-11,23,476
2023-05-12,0,348
2023-05-12,1,205
2023-05-12,2,114
2023-05-12,3,73
2023-05-12,4,154
2023-05-12,5,255
2023-05-12,6,436
2023-05-12,7,663
2023-05-12,8,881
2023-05-12,9,1041
2023-05-12,10,1082
2023-05-12,11,1177
2023-05-12,12,1289
2023-05-12,13,1239
2023-05-12,14,1301
2023-05-12,15,1271
2023-05-12,16,1369
2023-05-12,17,1409
2023-05-12,18,1408
2023-05-12,19,1346
2023-05-12,20,949
2023-05-12,21,744
2023-05-12,22,625
2023-05-12,23,492
2023-05-13,0,340
2023-05-13,1,259
2023-05-13,2,186
2023-05-13,3,127
2023-05-13,4,101
2023-05-13,5,154
2023-05-13,6,171
2023-05-13,7,259
2023-05-13,8,426
2023-05-13,9,631
2023-05-13,10,739
2023-05-13,11,753
2023-05-13,12,810
2023-05-13,13,822
2023-05-13,14,951
2023-05-13,15,902
2023-05-13,16,902
2023-05-13,17,934
2023-05-13,18,875
2023-05-13,19,824
2023-05-13,20,691
2023-05-13,21,496
2023-05-13,22,497
2023-05-13,23,452
2023-05-14,0,372
2023-05-14,1,253
2023-05-14,2,191
2023-05-14,3,147
2023-05-14,4,133
2023-05-14,5,163
2023-05-14,6,205
2023-05-14,7,232
2023-05-14,8,335
2023-05-14,9,442
2023-05-14,10,707
2023-05-14,11,734
2023-05-14,12,800
2023-05-14,13,842
2023-05-14,14,952
2023-05-14,15,901
2023-05-14,16,850
2023-05-14,17,900
2023-05-14,18,796
2023-05-14,19,860
2023-05-14,20,723
2023-05-14,21,598
2023-05-14,22,413
2023-05-14,23,360
2023-05-15,0,324
2023-05-15,1,193
2023-05-15,2,125
2023-05-15,3,76
2023-05-15,4,105
2023-05-15,5,245
2023-05-15,6,405
2023-05-15,7,679
2023-05-15,8,1097
2023-05-15,9,1082
2023-05-15,10,1070
2023-05-15,11,1045
2023-05-15,12,1173
2023-05-15,13,1227
2023-05-15,14,1291
2023-05-15,15,1315
2023-05-15,16,1314
2023-05-15,17,1258
2023-05-15,18,1108
2023-05-15,19,1064
2023-05-15,20,811
2023-05-15,21,613
2023-05-15,22,587
2023-05-15,23,378
2023-05-16,0,254
2023-05-16,1,179
2023-05-16,2,79
2023-05-16,3,47
2023-05-16,4,91
2023-05-16,5,183
2023-05-16,6,417
2023-05-16,7,848
2023-05-16,8,1231
2023-05-16,9,1270
2023-05-16,10,1157
2023-05-16,11,1146
2023-05-16,12,1206
2023-05-16,13,1201
2023-05-16,14,1290
2023-05-16,15,1315
2023-05-16,16,1419
2023-05-16,17,1384
2023-05-16,18,1333
2023-05-16,19,1254
2023-05-16,20,945
2023-05-16,21,725
2023-05-16,22,565
2023-05-16,23,392
2023-05-17,0,202
2023-05-17,1,118
2023-05-17,2,52
2023-05-17,3,45
2023-05-17,4,75
2023-05-17,5,178
2023-05-17,6,421
2023-05-17,7,856
2023-05-17,8,1295
2023-05-17,9,1320
2023-05-17,10,1173
2023-05-17,11,1282
2023-05-17,12,1338
2023-05-17,13,1366
2023-05-17,14,1433
2023-05-17,15,1486
2023-05-17,16,1467
2023-05-17,17,1455
2023-05-17,18,1378
2023-05-17,19,1336
2023-05-17,20,1077
2023-05-17,21,740
2023-05-17,22,573
2023-05-17,23,511
2023-05-18,0,322
2023-05-18,1,141
2023-05-18,2,78
2023-05-18,3,55
2023-05-18,4,93
2023-05-18,5,248
2023-05-18,6,443
2023-05-18,7,786
2023-05-18,8,1156
2023-05-18,9,1304
2023-05-18,10,1189
2023-05-18,11,1261
2023-05-18,12,1446
2023-05-18,13,1478
2023-05-18,14,1532
2023-05-18,15,1567
2023-05-18,16,1551
2023-05-18,17,1536
2023-05-18,18,1583
2023-05-18,19,1405
2023-05-18,20,1196
2023-05-18,21,916
2023-05-18,22,696
2023-05-18,23,594
2023-05-19,0,398
2023-05-19,1,190
2023-05-19,2,138
2023-05-19,3,126
2023-05-19,4,129
2023-05-19,5,253
2023-05-19,6,420
2023-05-19,7,749
2023-05-19,8,1078
2023-05-19,9,1350
2023-05-19,10,1269
2023-05-19,11,1330
2023-05-19,12,1547
2023-05-19,13,1516
2023-05-19,14,1502
2023-05-19,15,1509
2023-05-19,16,1554
2023-05-19,17,1750
2023-05-19,18,1730
2023-05-19,19,1485
2023-05-19,20,1163
2023-05-19,21,851
2023-05-19,22,821
2023-05-19,23,634
2023-05-20,0,434
2023-05-20,1,371
2023-05-20,2,240
2023-05-20,3,155
2023-05-20,4,99
2023-05-20,5,126
2023-05-20,6,187
2023-05-20,7,385
2023-05-20,8,668
2023-05-20,9,910
2023-05-20,10,976
2023-05-20,11,1000
2023-05-20,12,1095
2023-05-20,13,1113
2023-05-20,14,1089
2023-05-20,15,1130
2023-05-20,16,1200
2023-05-20,17,1302
2023-05-20,18,1395
2023-05-20,19,1305
2023-05-20,20,924
2023-05-20,21,796
2023-05-20,22,804
2023-05-20,23,774
2023-05-21,0,627
2023-05-21,1,447
2023-05-21,2,296
2023-05-21,3,154
2023-05-21,4,146
2023-05-21,5,175
2023-05-21,6,234
2023-05-21,7,380
2023-05-21,8,694
2023-05-21,9,949
2023-05-21,10,1057
2023-05-21,11,1067
2023-05-21,12,1132
2023-05-21,13,1138
2023-05-21,14,1176
2023-05-21,15,1136
2023-05-21,16,1180
2023-05-21,17,1242
2023-05-21,18,1266
2023-05-21,19,1196
2023-05-21,20,1031
2023-05-21,21,818
2023-05-21,22,641
2023-05-21,23,512
2023-05-22,0,372
2023-05-22,1,213
2023-05-22,2,125
2023-05-22,3,88
2023-05-22,4,126
2023-05-22,5,305
2023-05-22,6,512
2023-05-22,7,780
2023-05-22,8,1222
2023-05-22,9,1460
2023-05-22,10,1506
2023-05-22,11,1421
2023-05-22,12,1564
2023-05-22,13,1535
2023-05-22,14,1625
2023-05-22,15,1585
2023-05-22,16,1518
2023-05-22,17,1671
2023-05-22,18,1511
2023-05-22,19,1192
2023-05-22,20,983
2023-05-22,21,770
2023-05-22,22,581
2023-05-22,23,425
2023-05-23,0,303
2023-05-23,1,194
2023-05-23,2,98
2023-05-23,3,82
2023-05-23,4,116
2023-05-23,5,232
2023-05-23,6,517
2023-05-23,7,859
2023-05-23,8,1264
2023-05-23,9,1422
2023-05-23,10,1417
2023-05-23,11,1391
2023-05-23,12,1501
2023-05-23,13,1591
2023-05-23,14,1655
2023-05-23,15,1579
2023-05-23,16,1540
2023-05-23,17,1378
2023-05-23,18,1425
2023-05-23,19,1277
2023-05-23,20,1024
2023-05-23,21,869
2023-05-23,22,670
2023-05-23,23,428
2023-05-24,0,236
2023-05-24,1,151
2023-05-24,2,73
2023-05-24,3,77
2023-05-24,4,130
2023-05-24,5,260
2023-05-24,6,490
2023-05-24,7,785
2023-05-24,8,1133
2023-05-24,9,1236
2023-05-24,10,1207
2023-05-24,11,1266
2023-05-24,12,1418
2023-05-24,13,1426
2023-05-24,14,1453
2023-05-24,15,1476
2023-05-24,16,1359
2023-05-24,17,1391
2023-05-24,18,1402
2023-05-24,19,1328
2023-05-24,20,1040
2023-05-24,21,802
2023-05-24,22,681
2023-05-24,23,508
2023-05-25,0,336
2023-05-25,1,165
2023-05-25,2,82
2023-05-25,3,75
2023-05-25,4,120
2023-05-25,5,274
2023-05-25,6,489
2023-05-25,7,726
2023-05-25,8,1059
2023-05-25,9,1188
2023-05-25,10,1168
2023-05-25,11,1249
2023-05-25,12,1354
2023-05-25,13,1411
2023-05-25,14,1445
2023-05-25,15,1416
2023-05-25,16,1316
2023-05-25,17,1368
2023-05-25,18,1319
2023-05-25,19,1162
2023-05-25,20,979
2023-05-25,21,828
2023-05-25,22,712
2023-05-25,23,524
2023-05-26,0,341
2023-05-26,1,248
2023-05-26,2,154
2023-05-26,3,85
2023-05-26,4,124
2023-05-26,5,268
2023-05-26,6,430
2023-05-26,7,606
2023-05-26,8,723
2023-05-26,9,794
2023-05-26,10,982
2023-05-26,11,1054
2023-05-26,12,1179
2023-05-26,13,1152
2023-05-26,14,1177
2023-05-26,15,1186
2023-05-26,16,1136
2023-05-26,17,1221
2023-05-26,18,1056
2023-05-26,19,1054
2023-05-26,20,868
2023-05-26,21,669
2023-05-26,22,589
2023-05-26,23,477
2023-05-27,0,330
2023-05-27,1,279
2023-05-27,2,181
2023-05-27,3,141
2023-05-27,4,104
2023-05-27,5,148
2023-05-27,6,183
2023-05-27,7,260
2023-05-27,8,311
2023-05-27,9,482
2023-05-27,10,598
2023-05-27,11,732
2023-05-27,12,782
2023-05-27,13,839
2023-05-27,14,842
2023-05-27,15,819
2023-05-27,16,852
2023-05-27,17,847
2023-05-27,18,845
2023-05-27,19,734
2023-05-27,20,598
2023-05-27,21,545
2023-05-27,22,631
2023-05-27,23,577
2023-05-28,0,362
2023-05-28,1,267
2023-05-28,2,217
2023-05-28,3,165
2023-05-28,4,118
2023-05-28,5,131
2023-05-28,6,130
2023-05-28,7,190
2023-05-28,8,252
2023-05-28,9,434
2023-05-28,10,574
2023-05-28,11,670
2023-05-28,12,802
2023-05-28,13,732
2023-05-28,14,744
2023-05-28,15,711
2023-05-28,16,762
2023-05-28,17,785
2023-05-28,18,774
2023-05-28,19,724
2023-05-28,20,679
2023-05-28,21,550
2023-05-28,22,473
2023-05-28,23,466
2023-05-29,0,265
2023-05-29,1,177
2023-05-29,2,109
2023-05-29,3,117
2023-05-29,4,128
2023-05-29,5,161
2023-05-29,6,185
2023-05-29,7,203
2023-05-29,8,317
2023-05-29,9,458
2023-05-29,10,596
2023-05-29,11,684
2023-05-29,12,787
2023-05-29,13,839
2023-05-29,14,825
2023-05-29,15,784
2023-05-29,16,776
2023-05-29,17,724
2023-05-29,18,763
2023-05-29,19,855
2023-05-29,20,692
2023-05-29,21,553
2023-05-29,22,418
2023-05-29,23,356
2023-05-30,0,315
2023-05-30,1,149
2023-05-30,2,65
2023-05-30,3,61
2023-05-30,4,111
2023-05-30,5,202
2023-05-30,6,382
2023-05-30,7,752
2023-05-30,8,1013
2023-05-30,9,1108
2023-05-30,10,1047
2023-05-30,11,986
2023-05-30,12,1080
2023-05-30,13,1167
2023-05-30,14,1177
2023-05-30,15,1123
2023-05-30,16,1249
2023-05-30,17,1288
2023-05-30,18,1131
2023-05-30,19,916
2023-05-30,20,691
2023-05-30,21,578
2023-05-30,22,463
2023-05-30,23,342
2023-05-31,0,245
2023-05-31,1,162
2023-05-31,2,89
2023-05-31,3,56
2023-05-31,4,75
2023-05-31,5,174
2023-05-31,6,351
2023-05-31,7,720
2023-05-31,8,1188
2023-05-31,9,1125
2023-05-31,10,1180
2023-05-31,11,1138
2023-05-31,12,1249
2023-05-31,13,1235
2023-05-31,14,1182
2023-05-31,15,1228
2023-05-31,16,1444
2023-05-31,17,1530
2023-05-31,18,1363
2023-05-31,19,1128
2023-05-31,20,906
2023-05-31,21,827
2023-05-31,22,580
2023-05-31,23,428
2023-06-01,0,325
2023-06-01,1,150
2023-06-01,2,119
2023-06-01,3,70
2023-06-01,4,89
2023-06-01,5,192
2023-06-01,6,419
2023-06-01,7,835
2023-06-01,8,1257
2023-06-01,9,1380
2023-06-01,10,1436
2023-06-01,11,1447
2023-06-01,12,1461
2023-06-01,13,1559
2023-06-01,14,1518
2023-06-01,15,1565
2023-06-01,16,1658
2023-06-01,17,1759
2023-06-01,18,1697
2023-06-01,19,1512
2023-06-01,20,1238
2023-06-01,21,1218
2023-06-01,22,864
2023-06-01,23,569
2023-06-02,0,399
2023-06-02,1,276
2023-06-02,2,121
2023-06-02,3,79
2023-06-02,4,94
2023-06-02,5,204
2023-06-02,6,429
2023-06-02,7,901
2023-06-02,8,1219
2023-06-02,9,1417
2023-06-02,10,1538
2023-06-02,11,1502
2023-06-02,12,1698
2023-06-02,13,1582
2023-06-02,14,1688
2023-06-02,15,1657
2023-06-02,16,1690
2023-06-02,17,1776
2023-06-02,18,1885
2023-06-02,19,1600
2023-06-02,20,1339
2023-06-02,21,1156
2023-06-02,22,1014
2023-06-02,23,898
2023-06-03,0,718
2023-06-03,1,480
2023-06-03,2,239
2023-06-03,3,132
2023-06-03,4,103
2023-06-03,5,155
2023-06-03,6,329
2023-06-03,7,493
2023-06-03,8,789
2023-06-03,9,934
2023-06-03,10,1047
2023-06-03,11,1089
2023-06-03,12,1159
2023-06-03,13,1165
2023-06-03,14,1218
2023-06-03,15,1246
2023-06-03,16,1248
2023-06-03,17,1333
2023-06-03,18,1386
2023-06-03,19,1330
2023-06-03,20,1105
2023-06-03,21,999
2023-06-03,22,845
2023-06-03,23,687
2023-06-04,0,578
2023-06-04,1,430
2023-06-04,2,261
2023-06-04,3,143
2023-06-04,4,140
2023-06-04,5,244
2023-06-04,6,382
2023-06-04,7,489
2023-06-04,8,667
2023-06-04,9,827
2023-06-04,10,1070
2023-06-04,11,1046
2023-06-04,12,1103
2023-06-04,13,1122
2023-06-04,14,1139
2023-06-04,15,1117
2023-06-04,16,1128
2023-06-04,17,1183
2023-06-04,18,1276
2023-06-04,19,1345
2023-06-04,20,1107
2023-06-04,21,891
2023-06-04,22,714
2023-06-04,23,509
2023-06-05,0,412
2023-06-05,1,251
2023-06-05,2,104
2023-06-05,3,83
2023-06-05,4,160
2023-06-05,5,335
2023-06-05,6,541
2023-06-05,7,859
2023-06-05,8,1116
2023-06-05,9,1270
2023-06-05,10,1420
2023-06-05,11,1514
2023-06-05,12,1485
2023-06-05,13,1554
2023-06-05,14,1533
2023-06-05,15,1505
2023-06-05,16,1346
2023-06-05,17,1400
2023-06-05,18,1431
2023-06-05,19,1354
2023-06-05,20,1195
2023-06-05,21,797
2023-06-05,22,589
2023-06-05,23,427
2023-06-06,0,311
2023-06-06,1,161
2023-06-06,2,78
2023-06-06,3,86
2023-06-06,4,155
2023-06-06,5,343
2023-06-06,6,564
2023-06-06,7,786
2023-06-06,8,1169
2023-06-06,9,1387
2023-06-06,10,1486
2023-06-06,11,1683
2023-06-06,12,1704
2023-06-06,13,1858
2023-06-06,14,1744
2023-06-06,15,1635
2023-06-06,16,1573
2023-06-06,17,1704
2023-06-06,18,1650
2023-06-06,19,1379
2023-06-06,20,1104
2023-06-06,21,836
2023-06-06,22,560
2023-06-06,23,418
2023-06-07,0,310
2023-06-07,1,137
2023-06-07,2,92
2023-06-07,3,64
2023-06-07,4,111
2023-06-07,5,199
2023-06-07,6,440
2023-06-07,7,892
2023-06-07,8,1305
2023-06-07,9,1351
2023-06-07,10,1311
2023-06-07,11,1275
2023-06-07,12,1338
2023-06-07,13,1461
2023-06-07,14,1429
2023-06-07,15,1524
2023-06-07,16,1554
2023-06-07,17,1640
2023-06-07,18,1520
2023-06-07,19,1429
2023-06-07,20,1082
2023-06-07,21,880
2023-06-07,22,643
2023-06-07,23,455
2023-06-08,0,339
2023-06-08,1,183
2023-06-08,2,102
2023-06-08,3,73
2023-06-08,4,107
2023-06-08,5,201
2023-06-08,6,449
2023-06-08,7,852
2023-06-08,8,1195
2023-06-08,9,1390
2023-06-08,10,1296
2023-06-08,11,1400
2023-06-08,12,1527
2023-06-08,13,1553
2023-06-08,14,1527
2023-06-08,15,1550
2023-06-08,16,1555
2023-06-08,17,1582
2023-06-08,18,1502
2023-06-08,19,1368
2023-06-08,20,1215
2023-06-08,21,997
2023-06-08,22,814
2023-06-08,23,528
2023-06-09,0,404
2023-06-09,1,241
2023-06-09,2,110
2023-06-09,3,88
2023-06-09,4,147
2023-06-09,5,248
2023-06-09,6,424
2023-06-09,7,691
2023-06-09,8,968
2023-06-09,9,1153
2023-06-09,10,1173
2023-06-09,11,1257
2023-06-09,12,1381
2023-06-09,13,1395
2023-06-09,14,1435
2023-06-09,15,1455
2023-06-09,16,1479
2023-06-09,17,1501
2023-06-09,18,1486
2023-06-09,19,1180
2023-06-09,20,1095
2023-06-09,21,932
2023-06-09,22,821
2023-06-09,23,769
2023-06-10,0,590
2023-06-10,1,407
2023-06-10,2,241
2023-06-10,3,121
2023-06-10,4,90
2023-06-10,5,121
2023-06-10,6,213
2023-06-10,7,324
2023-06-10,8,455
2023-06-10,9,633
2023-06-10,10,890
2023-06-10,11,1041
2023-06-10,12,1140
2023-06-10,13,1150
2023-06-10,14,1149
2023-06-10,15,1165
2023-06-10,16,1290
2023-06-10,17,1249
2023-06-10,18,1222
2023-06-10,19,1158
2023-06-10,20,941
2023-06-10,21,905
2023-06-10,22,827
2023-06-10,23,768
2023-06-11,0,703
2023-06-11,1,484
2023-06-11,2,302
2023-06-11,3,234
2023-06-11,4,180
2023-06-11,5,211
2023-06-11,6,270
2023-06-11,7,385
2023-06-11,8,574
2023-06-11,9,802
2023-06-11,10,1064
2023-06-11,11,1136
2023-06-11,12,1188
2023-06-11,13,1143
2023-06-11,14,1101
2023-06-11,15,1095
2023-06-11,16,1040
2023-06-11,17,1123
2023-06-11,18,1127
2023-06-11,19,1037
2023-06-11,20,850
2023-06-11,21,739
2023-06-11,22,633
2023-06-11,23,427
2023-06-12,0,370
2023-06-12,1,240
2023-06-12,2,96
2023-06-12,3,69
2023-06-12,4,113
2023-06-12,5,271
2023-06-12,6,456
2023-06-12,7,803
2023-06-12,8,1371
2023-06-12,9,1458
2023-06-12,10,1355
2023-06-12,11,1257
2023-06-12,12,1382
2023-06-12,13,1424
2023-06-12,14,1451
2023-06-12,15,1518
2023-06-12,16,1490
2023-06-12,17,1634
2023-06-12,18,1508
2023-06-12,19,1371
2023-06-12,20,1029
2023-06-12,21,798
2023-06-12,22,693
2023-06-12,23,462
2023-06-13,0,309
2023-06-13,1,222
2023-06-13,2,104
2023-06-13,3,61
2023-06-13,4,83
2023-06-13,5,186
2023-06-13,6,439
2023-06-13,7,914
2023-06-13,8,1528
2023-06-13,9,1659
2023-06-13,10,1442
2023-06-13,11,1628
2023-06-13,12,1885
2023-06-13,13,1847
2023-06-13,14,1713
2023-06-13,15,1741
2023-06-13,16,1796
2023-06-13,17,1770
2023-06-13,18,1769
2023-06-13,19,1668
2023-06-13,20,1190
2023-06-13,21,954
2023-06-13,22,772
2023-06-13,23,439
2023-06-14,0,252
2023-06-14,1,164
2023-06-14,2,75
2023-06-14,3,68
2023-06-14,4,127
2023-06-14,5,277
2023-06-14,6,498
2023-06-14,7,868
2023-06-14,8,1294
2023-06-14,9,1486
2023-06-14,10,1529
2023-06-14,11,1525
2023-06-14,12,1565
2023-06-14,13,1670
2023-06-14,14,1535
2023-06-14,15,1552
2023-06-14,16,1592
2023-06-14,17,1634
2023-06-14,18,1601
2023-06-14,19,1455
2023-06-14,20,1122
2023-06-14,21,907
2023-06-14,22,749
2023-06-14,23,513
2023-06-15,0,406
2023-06-15,1,214
2023-06-15,2,80
2023-06-15,3,75
2023-06-15,4,129
2023-06-15,5,214
2023-06-15,6,419
2023-06-15,7,829
2023-06-15,8,1260
2023-06-15,9,1377
2023-06-15,10,1295
2023-06-15,11,1338
2023-06-15,12,1487
2023-06-15,13,1577
2023-06-15,14,1530
2023-06-15,15,1499
2023-06-15,16,1499
2023-06-15,17,1481
2023-06-15,18,1418
2023-06-15,19,1398
2023-06-15,20,1183
2023-06-15,21,1085
2023-06-15,22,863
2023-06-15,23,533
2023-06-16,0,374
2023-06-16,1,262
2023-06-16,2,133
2023-06-16,3,94
2023-06-16,4,147
2023-06-16,5,277
2023-06-16,6,478
2023-06-16,7,698
2023-06-16,8,948
2023-06-16,9,1057
2023-06-16,10,1178
2023-06-16,11,1336
2023-06-16,12,1387
2023-06-16,13,1318
2023-06-16,14,1319
2023-06-16,15,1355
2023-06-16,16,1321
2023-06-16,17,1405
2023-06-16,18,1512
2023-06-16,19,1282
2023-06-16,20,1016
2023-06-16,21,846
2023-06-16,22,730
2023-06-16,23,689
2023-06-17,0,492
2023-06-17,1,382
2023-06-17,2,269
2023-06-17,3,178
2023-06-17,4,138
2023-06-17,5,170
2023-06-17,6,168
2023-06-17,7,278
2023-06-17,8,404
2023-06-17,9,574
2023-06-17,10,764
2023-06-17,11,902
2023-06-17,12,912
2023-06-17,13,851
2023-06-17,14,898
2023-06-17,15,951
2023-06-17,16,1062
2023-06-17,17,1101
2023-06-17,18,1103
2023-06-17,19,1066
2023-06-17,20,942
2023-06-17,21,721
2023-06-17,22,725
2023-06-17,23,619
2023-06-18,0,515
2023-06-18,1,403
2023-06-18,2,262
2023-06-18,3,158
2023-06-18,4,179
2023-06-18,5,195
2023-06-18,6,229
2023-06-18,7,312
2023-06-18,8,388
2023-06-18,9,551
2023-06-18,10,764
2023-06-18,11,798
2023-06-18,12,766
2023-06-18,13,764
2023-06-18,14,857
2023-06-18,15,904
2023-06-18,16,949
2023-06-18,17,880
2023-06-18,18,787
2023-06-18,19,755
2023-06-18,20,747
2023-06-18,21,606
2023-06-18,22,515
2023-06-18,23,323
2023-06-19,0,288
2023-06-19,1,175
2023-06-19,2,90
2023-06-19,3,80
2023-06-19,4,117
2023-06-19,5,223
2023-06-19,6,285
2023-06-19,7,426
2023-06-19,8,626
2023-06-19,9,767
2023-06-19,10,841
2023-06-19,11,884
2023-06-19,12,1033
2023-06-19,13,1047
2023-06-19,14,1068
2023-06-19,15,1122
2023-06-19,16,1054
2023-06-19,17,1037
2023-06-19,18,922
2023-06-19,19,838
2023-06-19,20,901
2023-06-19,21,686
2023-06-19,22,478
2023-06-19,23,409
2023-06-20,0,259
2023-06-20,1,152
2023-06-20,2,124
2023-06-20,3,78
2023-06-20,4,87
2023-06-20,5,196
2023-06-20,6,361
2023-06-20,7,724
2023-06-20,8,1243
2023-06-20,9,1291
2023-06-20,10,1194
2023-06-20,11,1126
2023-06-20,12,1218
2023-06-20,13,1202
2023-06-20,14,1270
2023-06-20,15,1231
2023-06-20,16,1289
2023-06-20,17,1335
2023-06-20,18,1250
2023-06-20,19,1027
2023-06-20,20,914
2023-06-20,21,710
2023-06-20,22,524
2023-06-20,23,295
2023-06-21,0,249
2023-06-21,1,178
2023-06-21,2,88
2023-06-21,3,59
2023-06-21,4,70
2023-06-21,5,181
2023-06-21,6,351
2023-06-21,7,766
2023-06-21,8,1214
2023-06-21,9,1210
2023-06-21,10,1178
2023-06-21,11,1131
2023-06-21,12,1266
2023-06-21,13,1310
2023-06-21,14,1303
2023-06-21,15,1398
2023-06-21,16,1454
2023-06-21,17,1533
2023-06-21,18,1473
2023-06-21,19,1149
2023-06-21,20,967
2023-06-21,21,868
2023-06-21,22,707
2023-06-21,23,540
2023-06-22,0,380
2023-06-22,1,260
2023-06-22,2,117
2023-06-22,3,93
2023-06-22,4,122
2023-06-22,5,183
2023-06-22,6,381
2023-06-22,7,716
2023-06-22,8,1276
2023-06-22,9,1226
2023-06-22,10,1256
2023-06-22,11,1265
2023-06-22,12,1362
2023-06-22,13,1329
2023-06-22,14,1461
2023-06-22,15,1610
2023-06-22,16,1641
2023-06-22,17,1645
2023-06-22,18,1618
2023-06-22,19,1388
2023-06-22,20,1144
2023-06-22,21,968
2023-06-22,22,779
2023-06-22,23,652
2023-06-23,0,451
2023-06-23,1,323
2023-06-23,2,172
2023-06-23,3,99
2023-06-23,4,108
2023-06-23,5,211
2023-06-23,6,369
2023-06-23,7,629
2023-06-23,8,981
2023-06-23,9,1094
2023-06-23,10,1152
2023-06-23,11,1207
2023-06-23,12,1405
2023-06-23,13,1464
2023-06-23,14,1508
2023-06-23,15,1538
2023-06-23,16,1668
2023-06-23,17,1692
2023-06-23,18,1671
2023-06-23,19,1492
2023-06-23,20,1091
2023-06-23,21,911
2023-06-23,22,925
2023-06-23,23,902
2023-06-24,0,691
2023-06-24,1,484
2023-06-24,2,325
2023-06-24,3,168
2023-06-24,4,114
2023-06-24,5,141
2023-06-24,6,198
2023-06-24,7,301
2023-06-24,8,540
2023-06-24,9,739
2023-06-24,10,871
2023-06-24,11,960
2023-06-24,12,1067
2023-06-24,13,1112
2023-06-24,14,1169
2023-06-24,15,1170
2023-06-24,16,1236
2023-06-24,17,1361
2023-06-24,18,1293
2023-06-24,19,1238
2023-06-24,20,1060
2023-06-24,21,864
2023-06-24,22,835
2023-06-24,23,732
2023-06-25,0,590
2023-06-25,1,504
2023-06-25,2,324
2023-06-25,3,175
2023-06-25,4,145
2023-06-25,5,201
2023-06-25,6,278
2023-06-25,7,383
2023-06-25,8,608
2023-06-25,9,805
2023-06-25,10,1014
2023-06-25,11,1048
2023-06-25,12,994
2023-06-25,13,871
2023-06-25,14,985
2023-06-25,15,1027
2023-06-25,16,1189
2023-06-25,17,1154
2023-06-25,18,1128
2023-06-25,19,1018
2023-06-25,20,851
2023-06-25,21,932
2023-06-25,22,860
2023-06-25,23,635
2023-06-26,0,498
2023-06-26,1,341
2023-06-26,2,263
2023-06-26,3,177
2023-06-26,4,194
2023-06-26,5,276
2023-06-26,6,515
2023-06-26,7,798
2023-06-26,8,1189
2023-06-26,9,1269
2023-06-26,10,1205
2023-06-26,11,1216
2023-06-26,12,1330
2023-06-26,13,1458
2023-06-26,14,1476
2023-06-26,15,1420
2023-06-26,16,1427
2023-06-26,17,1395
2023-06-26,18,1303
2023-06-26,19,1097
2023-06-26,20,981
2023-06-26,21,797
2023-06-26,22,573
2023-06-26,23,455
2023-06-27,0,329
2023-06-27,1,263
2023-06-27,2,181
2023-06-27,3,125
2023-06-27,4,114
2023-06-27,5,230
2023-06-27,6,428
2023-06-27,7,941
2023-06-27,8,1340
2023-06-27,9,1386
2023-06-27,10,1262
2023-06-27,11,1198
2023-06-27,12,1402
2023-06-27,13,1437
2023-06-27,14,1442
2023-06-27,15,1406
2023-06-27,16,1448
2023-06-27,17,1516
2023-06-27,18,1443
2023-06-27,19,1219
2023-06-27,20,1073
2023-06-27,21,853
2023-06-27,22,708
2023-06-27,23,500
2023-06-28,0,359
2023-06-28,1,275
2023-06-28,2,136
2023-06-28,3,85
2023-06-28,4,85
2023-06-28,5,222
2023-06-28,6,410
2023-06-28,7,717
2023-06-28,8,994
2023-06-28,9,1201
2023-06-28,10,1044
2023-06-28,11,1078
2023-06-28,12,1257
2023-06-28,13,1337
2023-06-28,14,1391
2023-06-28,15,1345
2023-06-28,16,1254
2023-06-28,17,1173
2023-06-28,18,1210
2023-06-28,19,1080
2023-06-28,20,962
2023-06-28,21,908
2023-06-28,22,724
2023-06-28,23,504
2023-06-29,0,339
2023-06-29,1,272
2023-06-29,2,116
2023-06-29,3,56
2023-06-29,4,89
2023-06-29,5,203
2023-06-29,6,415
2023-06-29,7,729
2023-06-29,8,1074
2023-06-29,9,1190
2023-06-29,10,1058
2023-06-29,11,1116
2023-06-29,12,1246
2023-06-29,13,1343
2023-06-29,14,1300
2023-06-29,15,1274
2023-06-29,16,1142
2023-06-29,17,1048
2023-06-29,18,1067
2023-06-29,19,1101
2023-06-29,20,1031
2023-06-29,21,1007
2023-06-29,22,912
2023-06-29,23,605
2023-06-30,0,434
2023-06-30,1,325
2023-06-30,2,162
2023-06-30,3,107
2023-06-30,4,110
2023-06-30,5,214
2023-06-30,6,410
2023-06-30,7,610
2023-06-30,8,868
2023-06-30,9,987
2023-06-30,10,1031
2023-06-30,11,1073
2023-06-30,12,1147
2023-06-30,13,1064
2023-06-30,14,1084
2023-06-30,15,1155
2023-06-30,16,1164
2023-06-30,17,1158
2023-06-30,18,1192
2023-06-30,19,1129
2023-06-30,20,897
2023-06-30,21,762
2023-06-30,22,611
2023-06-30,23,483
2023-07-01,0,490
2023-07-01,1,381
2023-07-01,2,273
2023-07-01,3,150
2023-07-01,4,148
2023-07-01,5,182
2023-07-01,6,241
2023-07-01,7,282
2023-07-01,8,414
2023-07-01,9,564
2023-07-01,10,735
2023-07-01,11,718
2023-07-01,12,730
2023-07-01,13,809
2023-07-01,14,846
2023-07-01,15,928
2023-07-01,16,947
2023-07-01,17,846
2023-07-01,18,902
2023-07-01,19,873
2023-07-01,20,801
2023-07-01,21,705
2023-07-01,22,585
2023-07-01,23,550
2023-07-02,0,493
2023-07-02,1,362
2023-07-02,2,293
2023-07-02,3,170
2023-07-02,4,120
2023-07-02,5,175
2023-07-02,6,228
2023-07-02,7,281
2023-07-02,8,403
2023-07-02,9,567
2023-07-02,10,846
2023-07-02,11,805
2023-07-02,12,837
2023-07-02,13,825
2023-07-02,14,792
2023-07-02,15,915
2023-07-02,16,810
2023-07-02,17,770
2023-07-02,18,687
2023-07-02,19,647
2023-07-02,20,606
2023-07-02,21,626
2023-07-02,22,482
2023-07-02,23,370
2023-07-03,0,267
2023-07-03,1,176
2023-07-03,2,87
2023-07-03,3,69
2023-07-03,4,86
2023-07-03,5,132
2023-07-03,6,259
2023-07-03,7,443
2023-07-03,8,496
2023-07-03,9,631
2023-07-03,10,789
2023-07-03,11,813
2023-07-03,12,886
2023-07-03,13,941
2023-07-03,14,1003
2023-07-03,15,977
2023-07-03,16,857
2023-07-03,17,833
2023-07-03,18,805
2023-07-03,19,788
2023-07-03,20,605
2023-07-03,21,571
2023-07-03,22,509
2023-07-03,23,380
2023-07-04,0,271
2023-07-04,1,200
2023-07-04,2,139
2023-07-04,3,85
2023-07-04,4,64
2023-07-04,5,86
2023-07-04,6,154
2023-07-04,7,209
2023-07-04,8,284
2023-07-04,9,316
2023-07-04,10,432
2023-07-04,11,584
2023-07-04,12,663
2023-07-04,13,672
2023-07-04,14,742
2023-07-04,15,707
2023-07-04,16,715
2023-07-04,17,725
2023-07-04,18,697
2023-07-04,19,721
2023-07-04,20,688
2023-07-04,21,555
2023-07-04,22,478
2023-07-04,23,365
2023-07-05,0,197
2023-07-05,1,128
2023-07-05,2,63
2023-07-05,3,59
2023-07-05,4,69
2023-07-05,5,162
2023-07-05,6,367
2023-07-05,7,608
2023-07-05,8,939
2023-07-05,9,993
2023-07-05,10,959
2023-07-05,11,988
2023-07-05,12,1051
2023-07-05,13,1155
2023-07-05,14,1140
2023-07-05,15,1136
2023-07-05,16,1109
2023-07-05,17,1085
2023-07-05,18,1120
2023-07-05,19,997
2023-07-05,20,732
2023-07-05,21,629
2023-07-05,22,621
2023-07-05,23,580
2023-07-06,0,399
2023-07-06,1,222
2023-07-06,2,95
2023-07-06,3,59
2023-07-06,4,70
2023-07-06,5,160
2023-07-06,6,344
2023-07-06,7,675
2023-07-06,8,1011
2023-07-06,9,1116
2023-07-06,10,1027
2023-07-06,11,1147
2023-07-06,12,1243
2023-07-06,13,1268
2023-07-06,14,1251
2023-07-06,15,1283
2023-07-06,16,1332
2023-07-06,17,1244
2023-07-06,18,1165
2023-07-06,19,1030
2023-07-06,20,891
2023-07-06,21,626
2023-07-06,22,515
2023-07-06,23,377
2023-07-07,0,329
2023-07-07,1,172
2023-07-07,2,90
2023-07-07,3,71
2023-07-07,4,89
2023-07-07,5,127
2023-07-07,6,312
2023-07-07,7,462
2023-07-07,8,744
2023-07-07,9,905
2023-07-07,10,926
2023-07-07,11,981
2023-07-07,12,1069
2023-07-07,13,1049
2023-07-07,14,1133
2023-07-07,15,1176
2023-07-07,16,1161
2023-07-07,17,1230
2023-07-07,18,1289
2023-07-07,19,1133
2023-07-07,20,858
2023-07-07,21,668
2023-07-07,22,608
2023-07-07,23,539
2023-07-08,0,423
2023-07-08,1,294
2023-07-08,2,186
2023-07-08,3,118
2023-07-08,4,99
2023-07-08,5,103
2023-07-08,6,160
2023-07-08,7,185
2023-07-08,8,353
2023-07-08,9,495
2023-07-08,10,609
2023-07-08,11,777
2023-07-08,12,809
2023-07-08,13,831
2023-07-08,14,840
2023-07-08,15,840
2023-07-08,16,921
2023-07-08,17,974
2023-07-08,18,965
2023-07-08,19,859
2023-07-08,20,709
2023-07-08,21,693
2023-07-08,22,709
2023-07-08,23,690
2023-07-09,0,494
2023-07-09,1,329
2023-07-09,2,274
2023-07-09,3,174
2023-07-09,4,169
2023-07-09,5,164
2023-07-09,6,196
2023-07-09,7,240
2023-07-09,8,352
2023-07-09,9,476
2023-07-09,10,641
2023-07-09,11,757
2023-07-09,12,889
2023-07-09,13,853
2023-07-09,14,847
2023-07-09,15,794
2023-07-09,16,800
2023-07-09,17,855
2023-07-09,18,793
2023-07-09,19,875
2023-07-09,20,753
2023-07-09,21,731
2023-07-09,22,530
2023-07-09,23,344
2023-07-10,0,281
2023-07-10,1,176
2023-07-10,2,85
2023-07-10,3,52
2023-07-10,4,97
2023-07-10,5,180
2023-07-10,6,383
2023-07-10,7,694
2023-07-10,8,952
2023-07-10,9,1133
2023-07-10,10,1005
2023-07-10,11,1117
2023-07-10,12,1186
2023-07-10,13,1288
2023-07-10,14,1314
2023-07-10,15,1283
2023-07-10,16,1218
2023-07-10,17,1221
2023-07-10,18,1098
2023-07-10,19,975
2023-07-10,20,838
2023-07-10,21,727
2023-07-10,22,491
2023-07-10,23,299
2023-07-11,0,225
2023-07-11,1,152
2023-07-11,2,66
2023-07-11,3,60
2023-07-11,4,90
2023-07-11,5,163
2023-07-11,6,335
2023-07-11,7,766
2023-07-11,8,1218
2023-07-11,9,1249
2023-07-11,10,1098
2023-07-11,11,1185
2023-07-11,12,1250
2023-07-11,13,1265
2023-07-11,14,1376
2023-07-11,15,1332
2023-07-11,16,1322
2023-07-11,17,1392
2023-07-11,18,1194
2023-07-11,19,1100
2023-07-11,20,911
2023-07-11,21,695
2023-07-11,22,614
2023-07-11,23,414
2023-07-12,0,281
2023-07-12,1,129
2023-07-12,2,83
2023-07-12,3,47
2023-07-12,4,65
2023-07-12,5,171
2023-07-12,6,369
2023-07-12,7,752
2023-07-12,8,1189
2023-07-12,9,1294
2023-07-12,10,1257
2023-07-12,11,1231
2023-07-12,12,1282
2023-07-12,13,1460
2023-07-12,14,1275
2023-07-12,15,1244
2023-07-12,16,1405
2023-07-12,17,1530
2023-07-12,18,1579
2023-07-12,19,1149
2023-07-12,20,740
2023-07-12,21,837
2023-07-12,22,828
2023-07-12,23,678
2023-07-13,0,407
2023-07-13,1,205
2023-07-13,2,106
2023-07-13,3,67
2023-07-13,4,79
2023-07-13,5,195
2023-07-13,6,380
2023-07-13,7,788
2023-07-13,8,1227
2023-07-13,9,1308
2023-07-13,10,1193
2023-07-13,11,1303
2023-07-13,12,1381
2023-07-13,13,1371
2023-07-13,14,1393
2023-07-13,15,1469
2023-07-13,16,1588
2023-07-13,17,1583
2023-07-13,18,1544
2023-07-13,19,1413
2023-07-13,20,1177
2023-07-13,21,978
2023-07-13,22,771
2023-07-13,23,658
2023-07-14,0,477
2023-07-14,1,263
2023-07-14,2,143
2023-07-14,3,94
2023-07-14,4,103
2023-07-14,5,210
2023-07-14,6,360
2023-07-14,7,640
2023-07-14,8,952
2023-07-14,9,1057
2023-07-14,10,1059
2023-07-14,11,1173
2023-07-14,12,1324
2023-07-14,13,1384
2023-07-14,14,1442
2023-07-14,15,1481
2023-07-14,16,1458
2023-07-14,17,1610
2023-07-14,18,1641
2023-07-14,19,1298
2023-07-14,20,1031
2023-07-14,21,1000
2023-07-14,22,890
2023-07-14,23,733
2023-07-15,0,643
2023-07-15,1,445
2023-07-15,2,289
2023-07-15,3,197
2023-07-15,4,121
2023-07-15,5,154
2023-07-15,6,242
2023-07-15,7,292
2023-07-15,8,417
2023-07-15,9,608
2023-07-15,10,786
2023-07-15,11,857
2023-07-15,12,1059
2023-07-15,13,973
2023-07-15,14,1082
2023-07-15,15,1107
2023-07-15,16,1135
2023-07-15,17,1226
2023-07-15,18,1146
2023-07-15,19,1032
2023-07-15,20,895
2023-07-15,21,828
2023-07-15,22,763
2023-07-15,23,672
2023-07-16,0,488
2023-07-16,1,396
2023-07-16,2,287
2023-07-16,3,202
2023-07-16,4,213
2023-07-16,5,255
2023-07-16,6,327
2023-07-16,7,401
2023-07-16,8,478
2023-07-16,9,614
2023-07-16,10,888
2023-07-16,11,977
2023-07-16,12,1063
2023-07-16,13,1088
2023-07-16,14,1093
2023-07-16,15,1100
2023-07-16,16,1167
2023-07-16,17,1192
2023-07-16,18,1096
2023-07-16,19,966
2023-07-16,20,884
2023-07-16,21,773
2023-07-16,22,619
2023-07-16,23,470
2023-07-17,0,370
2023-07-17,1,212
2023-07-17,2,123
2023-07-17,3,81
2023-07-17,4,95
2023-07-17,5,229
2023-07-17,6,458
2023-07-17,7,802
2023-07-17,8,1136
2023-07-17,9,1342
2023-07-17,10,1263
2023-07-17,11,1145
2023-07-17,12,1321
2023-07-17,13,1330
2023-07-17,14,1384
2023-07-17,15,1321
2023-07-17,16,1341
2023-07-17,17,1453
2023-07-17,18,1320
2023-07-17,19,1061
2023-07-17,20,942
2023-07-17,21,863
2023-07-17,22,625
2023-07-17,23,445
2023-07-18,0,265
2023-07-18,1,210
2023-07-18,2,110
2023-07-18,3,60
2023-07-18,4,68
2023-07-18,5,178
2023-07-18,6,394
2023-07-18,7,794
2023-07-18,8,1214
2023-07-18,9,1481
2023-07-18,10,1312
2023-07-18,11,1268
2023-07-18,12,1340
2023-07-18,13,1343
2023-07-18,14,1358
2023-07-18,15,1413
2023-07-18,16,1529
2023-07-18,17,1584
2023-07-18,18,1477
2023-07-18,19,1241
2023-07-18,20,915
2023-07-18,21,741
2023-07-18,22,566
2023-07-18,23,480
2023-07-19,0,320
2023-07-19,1,182
2023-07-19,2,76
2023-07-19,3,48
2023-07-19,4,97
2023-07-19,5,216
2023-07-19,6,407
2023-07-19,7,782
2023-07-19,8,1172
2023-07-19,9,1264
2023-07-19,10,1266
2023-07-19,11,1238
2023-07-19,12,1415
2023-07-19,13,1448
2023-07-19,14,1506
2023-07-19,15,1445
2023-07-19,16,1426
2023-07-19,17,1368
2023-07-19,18,1384
2023-07-19,19,1334
2023-07-19,20,1161
2023-07-19,21,849
2023-07-19,22,699
2023-07-19,23,456
2023-07-20,0,297
2023-07-20,1,151
2023-07-20,2,73
2023-07-20,3,59
2023-07-20,4,122
2023-07-20,5,250
2023-07-20,6,438
2023-07-20,7,812
2023-07-20,8,1179
2023-07-20,9,1296
2023-07-20,10,1162
2023-07-20,11,1240
2023-07-20,12,1384
2023-07-20,13,1367
2023-07-20,14,1376
2023-07-20,15,1511
2023-07-20,16,1458
2023-07-20,17,1576
2023-07-20,18,1468
2023-07-20,19,1306
2023-07-20,20,1102
2023-07-20,21,1080
2023-07-20,22,907
2023-07-20,23,589
2023-07-21,0,426
2023-07-21,1,274
2023-07-21,2,148
2023-07-21,3,72
2023-07-21,4,129
2023-07-21,5,222
2023-07-21,6,388
2023-07-21,7,574
2023-07-21,8,864
2023-07-21,9,957
2023-07-21,10,1041
2023-07-21,11,1262
2023-07-21,12,1326
2023-07-21,13,1280
2023-07-21,14,1289
2023-07-21,15,1321
2023-07-21,16,1387
2023-07-21,17,1428
2023-07-21,18,1398
2023-07-21,19,1278
2023-07-21,20,1022
2023-07-21,21,863
2023-07-21,22,764
2023-07-21,23,658
2023-07-22,0,427
2023-07-22,1,356
2023-07-22,2,250
2023-07-22,3,140
2023-07-22,4,103
2023-07-22,5,121
2023-07-22,6,170
2023-07-22,7,239
2023-07-22,8,414
2023-07-22,9,603
2023-07-22,10,738
2023-07-22,11,860
2023-07-22,12,907
2023-07-22,13,916
2023-07-22,14,904
2023-07-22,15,866
2023-07-22,16,1035
2023-07-22,17,1113
2023-07-22,18,1086
2023-07-22,19,1042
2023-07-22,20,954
2023-07-22,21,740
2023-07-22,22,636
2023-07-22,23,536
2023-07-23,0,525
2023-07-23,1,429
2023-07-23,2,265
2023-07-23,3,169
2023-07-23,4,152
2023-07-23,5,170
2023-07-23,6,238
2023-07-23,7,285
2023-07-23,8,380
2023-07-23,9,543
2023-07-23,10,728
2023-07-23,11,865
2023-07-23,12,853
2023-07-23,13,910
2023-07-23,14,887
2023-07-23,15,882
2023-07-23,16,940
2023-07-23,17,971
2023-07-23,18,1001
2023-07-23,19,931
2023-07-23,20,840
2023-07-23,21,682
2023-07-23,22,530
2023-07-23,23,377
2023-07-24,0,362
2023-07-24,1,334
2023-07-24,2,153
2023-07-24,3,85
2023-07-24,4,110
2023-07-24,5,225
2023-07-24,6,390
2023-07-24,7,639
2023-07-24,8,939
2023-07-24,9,1100
2023-07-24,10,1109
2023-07-24,11,1183
2023-07-24,12,1199
2023-07-24,13,1296
2023-07-24,14,1342
2023-07-24,15,1269
2023-07-24,16,1249
2023-07-24,17,1175
2023-07-24,18,1079
2023-07-24,19,995
2023-07-24,20,909
2023-07-24,21,758
2023-07-24,22,542
2023-07-24,23,359
2023-07-25,0,265
2023-07-25,1,130
2023-07-25,2,69
2023-07-25,3,51
2023-07-25,4,72
2023-07-25,5,181
2023-07-25,6,352
2023-07-25,7,796
2023-07-25,8,1233
2023-07-25,9,1234
2023-07-25,10,1057
2023-07-25,11,1177
2023-07-25,12,1320
2023-07-25,13,1223
2023-07-25,14,1286
2023-07-25,15,1301
2023-07-25,16,1371
2023-07-25,17,1513
2023-07-25,18,1348
2023-07-25,19,1185
2023-07-25,20,893
2023-07-25,21,684
2023-07-25,22,553
2023-07-25,23,416
2023-07-26,0,258
2023-07-26,1,157
2023-07-26,2,87
2023-07-26,3,63
2023-07-26,4,107
2023-07-26,5,184
2023-07-26,6,378
2023-07-26,7,778
2023-07-26,8,1278
2023-07-26,9,1297
2023-07-26,10,1265
2023-07-26,11,1143
2023-07-26,12,1155
2023-07-26,13,1303
2023-07-26,14,1349
2023-07-26,15,1429
2023-07-26,16,1456
2023-07-26,17,1528
2023-07-26,18,1383
2023-07-26,19,1230
2023-07-26,20,1023
2023-07-26,21,908
2023-07-26,22,768
2023-07-26,23,570
2023-07-27,0,358
2023-07-27,1,168
2023-07-27,2,83
2023-07-27,3,72
2023-07-27,4,113
2023-07-27,5,205
2023-07-27,6,391
2023-07-27,7,758
2023-07-27,8,1206
2023-07-27,9,1255
2023-07-27,10,1158
2023-07-27,11,1260
2023-07-27,12,1388
2023-07-27,13,1435
2023-07-27,14,1348
2023-07-27,15,1445
2023-07-27,16,1455
2023-07-27,17,1409
2023-07-27,18,1395
2023-07-27,19,1271
2023-07-27,20,1021
2023-07-27,21,880
2023-07-27,22,686
2023-07-27,23,530
2023-07-28,0,354
2023-07-28,1,190
2023-07-28,2,132
2023-07-28,3,81
2023-07-28,4,123
2023-07-28,5,192
2023-07-28,6,411
2023-07-28,7,669
2023-07-28,8,787
2023-07-28,9,865
2023-07-28,10,1117
2023-07-28,11,1220
2023-07-28,12,1272
2023-07-28,13,1208
2023-07-28,14,1282
2023-07-28,15,1292
2023-07-28,16,1243
2023-07-28,17,1365
2023-07-28,18,1308
2023-07-28,19,1148
2023-07-28,20,876
2023-07-28,21,804
2023-07-28,22,743
2023-07-28,23,734
2023-07-29,0,585
2023-07-29,1,411
2023-07-29,2,281
2023-07-29,3,233
2023-07-29,4,168
2023-07-29,5,144
2023-07-29,6,191
2023-07-29,7,240
2023-07-29,8,389
2023-07-29,9,579
2023-07-29,10,734
2023-07-29,11,761
2023-07-29,12,790
2023-07-29,13,822
2023-07-29,14,950
2023-07-29,15,1081
2023-07-29,16,1096
2023-07-29,17,1100
2023-07-29,18,1034
2023-07-29,19,903
2023-07-29,20,788
2023-07-29,21,798
2023-07-29,22,774
2023-07-29,23,722
2023-07-30,0,568
2023-07-30,1,394
2023-07-30,2,254
2023-07-30,3,178
2023-07-30,4,153
2023-07-30,5,153
2023-07-30,6,199
2023-07-30,7,239
2023-07-30,8,361
2023-07-30,9,513
2023-07-30,10,686
2023-07-30,11,737
2023-07-30,12,817
2023-07-30,13,804
2023-07-30,14,772
2023-07-30,15,743
2023-07-30,16,779
2023-07-30,17,750
2023-07-30,18,715
2023-07-30,19,758
2023-07-30,20,750
2023-07-30,21,531
2023-07-30,22,474
2023-07-30,23,403
2023-07-31,0,308
2023-07-31,1,193
2023-07-31,2,89
2023-07-31,3,99
2023-07-31,4,116
2023-07-31,5,179
2023-07-31,6,331
2023-07-31,7,571
2023-07-31,8,921
2023-07-31,9,984
2023-07-31,10,958
2023-07-31,11,966
2023-07-31,12,1105
2023-07-31,13,1120
2023-07-31,14,1065
2023-07-31,15,1153
2023-07-31,16,1188
2023-07-31,17,1103
2023-07-31,18,963
2023-07-31,19,898
2023-07-31,20,738
2023-07-31,21,580
2023-07-31,22,547
2023-07-31,23,444
2023-08-01,0,275
2023-08-01,1,142
2023-08-01,2,71
2023-08-01,3,51
2023-08-01,4,74
2023-08-01,5,156
2023-08-01,6,323
2023-08-01,7,671
2023-08-01,8,1139
2023-08-01,9,1180
2023-08-01,10,1040
2023-08-01,11,1136
2023-08-01,12,1252
2023-08-01,13,1194
2023-08-01,14,1185
2023-08-01,15,1174
2023-08-01,16,1281
2023-08-01,17,1398
2023-08-01,18,1241
2023-08-01,19,1033
2023-08-01,20,923
2023-08-01,21,709
2023-08-01,22,551
2023-08-01,23,415
2023-08-02,0,237
2023-08-02,1,143
2023-08-02,2,108
2023-08-02,3,59
2023-08-02,4,73
2023-08-02,5,144
2023-08-02,6,320
2023-08-02,7,715
2023-08-02,8,1133
2023-08-02,9,1205
2023-08-02,10,1058
2023-08-02,11,1153
2023-08-02,12,1256
2023-08-02,13,1194
2023-08-02,14,1257
2023-08-02,15,1271
2023-08-02,16,1404
2023-08-02,17,1510
2023-08-02,18,1433
2023-08-02,19,1280
2023-08-02,20,1044
2023-08-02,21,837
2023-08-02,22,717
2023-08-02,23,508
2023-08-03,0,331
2023-08-03,1,164
2023-08-03,2,106
2023-08-03,3,65
2023-08-03,4,93
2023-08-03,5,207
2023-08-03,6,368
2023-08-03,7,698
2023-08-03,8,1148
2023-08-03,9,1195
2023-08-03,10,1157
2023-08-03,11,1241
2023-08-03,12,1331
2023-08-03,13,1391
2023-08-03,14,1272
2023-08-03,15,1333
2023-08-03,16,1470
2023-08-03,17,1420
2023-08-03,18,1327
2023-08-03,19,1175
2023-08-03,20,1078
2023-08-03,21,966
2023-08-03,22,850
2023-08-03,23,725
2023-08-04,0,479
2023-08-04,1,277
2023-08-04,2,155
2023-08-04,3,120
2023-08-04,4,117
2023-08-04,5,173
2023-08-04,6,336
2023-08-04,7,560
2023-08-04,8,838
2023-08-04,9,957
2023-08-04,10,1043
2023-08-04,11,1156
2023-08-04,12,1241
2023-08-04,13,1236
2023-08-04,14,1290
2023-08-04,15,1319
2023-08-04,16,1333
2023-08-04,17,1338
2023-08-04,18,1250
2023-08-04,19,1048
2023-08-04,20,890
2023-08-04,21,826
2023-08-04,22,768
2023-08-04,23,666
2023-08-05,0,463
2023-08-05,1,353
2023-08-05,2,258
2023-08-05,3,166
2023-08-05,4,122
2023-08-05,5,152
2023-08-05,6,191
2023-08-05,7,255
2023-08-05,8,384
2023-08-05,9,603
2023-08-05,10,885
2023-08-05,11,1043
2023-08-05,12,1056
2023-08-05,13,1096
2023-08-05,14,1100
2023-08-05,15,1071
2023-08-05,16,1069
2023-08-05,17,1055
2023-08-05,18,1024
2023-08-05,19,896
2023-08-05,20,788
2023-08-05,21,795
2023-08-05,22,795
2023-08-05,23,635
2023-08-06,0,501
2023-08-06,1,409
2023-08-06,2,264
2023-08-06,3,175
2023-08-06,4,150
2023-08-06,5,203
2023-08-06,6,226
2023-08-06,7,326
2023-08-06,8,410
2023-08-06,9,567
2023-08-06,10,806
2023-08-06,11,838
2023-08-06,12,907
2023-08-06,13,909
2023-08-06,14,900
2023-08-06,15,943
2023-08-06,16,871
2023-08-06,17,895
2023-08-06,18,860
2023-08-06,19,816
2023-08-06,20,707
2023-08-06,21,684
2023-08-06,22,593
2023-08-06,23,561
2023-08-07,0,338
2023-08-07,1,176
2023-08-07,2,148
2023-08-07,3,151
2023-08-07,4,180
2023-08-07,5,307
2023-08-07,6,502
2023-08-07,7,636
2023-08-07,8,990
2023-08-07,9,1047
2023-08-07,10,1114
2023-08-07,11,1145
2023-08-07,12,1288
2023-08-07,13,1244
2023-08-07,14,1192
2023-08-07,15,1282
2023-08-07,16,1199
2023-08-07,17,1210
2023-08-07,18,1198
2023-08-07,19,979
2023-08-07,20,836
2023-08-07,21,600
2023-08-07,22,472
2023-08-07,23,390
2023-08-08,0,272
2023-08-08,1,186
2023-08-08,2,115
2023-08-08,3,73
2023-08-08,4,91
2023-08-08,5,156
2023-08-08,6,326
2023-08-08,7,694
2023-08-08,8,1133
2023-08-08,9,1185
2023-08-08,10,1069
2023-08-08,11,1122
2023-08-08,12,1176
2023-08-08,13,1184
2023-08-08,14,1228
2023-08-08,15,1328
2023-08-08,16,1380
2023-08-08,17,1405
2023-08-08,18,1244
2023-08-08,19,1093
2023-08-08,20,887
2023-08-08,21,700
2023-08-08,22,560
2023-08-08,23,370
2023-08-09,0,243
2023-08-09,1,156
2023-08-09,2,66
2023-08-09,3,73
2023-08-09,4,119
2023-08-09,5,177
2023-08-09,6,337
2023-08-09,7,669
2023-08-09,8,1159
2023-08-09,9,1207
2023-08-09,10,1037
2023-08-09,11,1146
2023-08-09,12,1238
2023-08-09,13,1312
2023-08-09,14,1317
2023-08-09,15,1333
2023-08-09,16,1482
2023-08-09,17,1488
2023-08-09,18,1367
2023-08-09,19,1079
2023-08-09,20,963
2023-08-09,21,804
2023-08-09,22,674
2023-08-09,23,478
2023-08-10,0,365
2023-08-10,1,210
2023-08-10,2,81
2023-08-10,3,64
2023-08-10,4,95
2023-08-10,5,167
2023-08-10,6,348
2023-08-10,7,697
2023-08-10,8,1071
2023-08-10,9,1175
2023-08-10,10,1089
2023-08-10,11,1136
2023-08-10,12,1241
2023-08-10,13,1293
2023-08-10,14,1345
2023-08-10,15,1388
2023-08-10,16,1566
2023-08-10,17,1458
2023-08-10,18,1370
2023-08-10,19,1262
2023-08-10,20,1012
2023-08-10,21,829
2023-08-10,22,675
2023-08-10,23,497
2023-08-11,0,318
2023-08-11,1,193
2023-08-11,2,122
2023-08-11,3,56
2023-08-11,4,92
2023-08-11,5,160
2023-08-11,6,329
2023-08-11,7,557
2023-08-11,8,791
2023-08-11,9,945
2023-08-11,10,955
2023-08-11,11,1085
2023-08-11,12,1185
2023-08-11,13,1153
2023-08-11,14,1274
2023-08-11,15,1268
2023-08-11,16,1337
2023-08-11,17,1353
2023-08-11,18,1363
2023-08-11,19,1158
2023-08-11,20,961
2023-08-11,21,726
2023-08-11,22,735
2023-08-11,23,687
2023-08-12,0,482
2023-08-12,1,384
2023-08-12,2,241
2023-08-12,3,168
2023-08-12,4,121
2023-08-12,5,128
2023-08-12,6,152
2023-08-12,7,217
2023-08-12,8,349
2023-08-12,9,580
2023-08-12,10,797
2023-08-12,11,863
2023-08-12,12,951
2023-08-12,13,958
2023-08-12,14,949
2023-08-12,15,1012
2023-08-12,16,1104
2023-08-12,17,1207
2023-08-12,18,1062
2023-08-12,19,922
2023-08-12,20,861
2023-08-12,21,783
2023-08-12,22,726
2023-08-12,23,718
2023-08-13,0,639
2023-08-13,1,361
2023-08-13,2,257
2023-08-13,3,203
2023-08-13,4,166
2023-08-13,5,205
2023-08-13,6,243
2023-08-13,7,298
2023-08-13,8,390
2023-08-13,9,510
2023-08-13,10,760
2023-08-13,11,836
2023-08-13,12,872
2023-08-13,13,924
2023-08-13,14,918
2023-08-13,15,919
2023-08-13,16,920
2023-08-13,17,947
2023-08-13,18,789
2023-08-13,19,784
2023-08-13,20,801
2023-08-13,21,638
2023-08-13,22,495
2023-08-13,23,340
2023-08-14,0,265
2023-08-14,1,172
2023-08-14,2,105
2023-08-14,3,66
2023-08-14,4,108
2023-08-14,5,209
2023-08-14,6,402
2023-08-14,7,611
2023-08-14,8,972
2023-08-14,9,1070
2023-08-14,10,978
2023-08-14,11,1029
2023-08-14,12,1374
2023-08-14,13,1201
2023-08-14,14,1116
2023-08-14,15,1248
2023-08-14,16,1320
2023-08-14,17,1405
2023-08-14,18,1507
2023-08-14,19,1149
2023-08-14,20,832
2023-08-14,21,712
2023-08-14,22,579
2023-08-14,23,563
2023-08-15,0,493
2023-08-15,1,327
2023-08-15,2,117
2023-08-15,3,87
2023-08-15,4,94
2023-08-15,5,155
2023-08-15,6,408
2023-08-15,7,931
2023-08-15,8,1234
2023-08-15,9,1286
2023-08-15,10,1190
2023-08-15,11,1154
2023-08-15,12,1175
2023-08-15,13,1161
2023-08-15,14,1204
2023-08-15,15,1281
2023-08-15,16,1285
2023-08-15,17,1344
2023-08-15,18,1245
2023-08-15,19,1095
2023-08-15,20,941
2023-08-15,21,835
2023-08-15,22,611
2023-08-15,23,452
2023-08-16,0,274
2023-08-16,1,144
2023-08-16,2,69
2023-08-16,3,51
2023-08-16,4,88
2023-08-16,5,145
2023-08-16,6,365
2023-08-16,7,791
2023-08-16,8,1053
2023-08-16,9,1149
2023-08-16,10,1106
2023-08-16,11,1073
2023-08-16,12,1192
2023-08-16,13,1268
2023-08-16,14,1270
2023-08-16,15,1280
2023-08-16,16,1328
2023-08-16,17,1402
2023-08-16,18,1392
2023-08-16,19,1207
2023-08-16,20,1049
2023-08-16,21,781
2023-08-16,22,656
2023-08-16,23,464
2023-08-17,0,288
2023-08-17,1,127
2023-08-17,2,89
2023-08-17,3,53
2023-08-17,4,84
2023-08-17,5,165
2023-08-17,6,400
2023-08-17,7,828
2023-08-17,8,1211
2023-08-17,9,1153
2023-08-17,10,984
2023-08-17,11,1188
2023-08-17,12,1211
2023-08-17,13,1293
2023-08-17,14,1242
2023-08-17,15,1276
2023-08-17,16,1457
2023-08-17,17,1489
2023-08-17,18,1338
2023-08-17,19,1198
2023-08-17,20,1017
2023-08-17,21,908
2023-08-17,22,698
2023-08-17,23,488
2023-08-18,0,411
2023-08-18,1,242
2023-08-18,2,114
2023-08-18,3,76
2023-08-18,4,96
2023-08-18,5,185
2023-08-18,6,331
2023-08-18,7,597
2023-08-18,8,850
2023-08-18,9,981
2023-08-18,10,1069
2023-08-18,11,1161
2023-08-18,12,1278
2023-08-18,13,1185
2023-08-18,14,1266
2023-08-18,15,1449
2023-08-18,16,1371
2023-08-18,17,1432
2023-08-18,18,1288
2023-08-18,19,1249
2023-08-18,20,979
2023-08-18,21,758
2023-08-18,22,568
2023-08-18,23,446
2023-08-19,0,370
2023-08-19,1,266
2023-08-19,2,182
2023-08-19,3,121
2023-08-19,4,95
2023-08-19,5,148
2023-08-19,6,213
2023-08-19,7,277
2023-08-19,8,414
2023-08-19,9,611
2023-08-19,10,854
2023-08-19,11,893
2023-08-19,12,927
2023-08-19,13,936
2023-08-19,14,905
2023-08-19,15,1015
2023-08-19,16,1085
2023-08-19,17,1077
2023-08-19,18,1013
2023-08-19,19,968
2023-08-19,20,878
2023-08-19,21,686
2023-08-19,22,571
2023-08-19,23,539
2023-08-20,0,419
2023-08-20,1,334
2023-08-20,2,203
2023-08-20,3,131
2023-08-20,4,139
2023-08-20,5,188
2023-08-20,6,222
2023-08-20,7,281
2023-08-20,8,393
2023-08-20,9,609
2023-08-20,10,777
2023-08-20,11,886
2023-08-20,12,971
2023-08-20,13,908
2023-08-20,14,890
2023-08-20,15,930
2023-08-20,16,971
2023-08-20,17,907
2023-08-20,18,852
2023-08-20,19,817
2023-08-20,20,837
2023-08-20,21,647
2023-08-20,22,425
2023-08-20,23,252
2023-08-21,0,216
2023-08-21,1,198
2023-08-21,2,88
2023-08-21,3,54
2023-08-21,4,95
2023-08-21,5,209
2023-08-21,6,370
2023-08-21,7,709
2023-08-21,8,1014
2023-08-21,9,1082
2023-08-21,10,1084
2023-08-21,11,984
2023-08-21,12,1083
2023-08-21,13,1094
2023-08-21,14,1216
2023-08-21,15,1290
2023-08-21,16,1116
2023-08-21,17,1175
2023-08-21,18,1031
2023-08-21,19,917
2023-08-21,20,786
2023-08-21,21,613
2023-08-21,22,459
2023-08-21,23,334
2023-08-22,0,242
2023-08-22,1,119
2023-08-22,2,80
2023-08-22,3,64
2023-08-22,4,58
2023-08-22,5,141
2023-08-22,6,289
2023-08-22,7,762
2023-08-22,8,1117
2023-08-22,9,1133
2023-08-22,10,995
2023-08-22,11,1077
2023-08-22,12,1125
2023-08-22,13,1131
2023-08-22,14,1223
2023-08-22,15,1236
2023-08-22,16,1277
2023-08-22,17,1355
2023-08-22,18,1197
2023-08-22,19,1059
2023-08-22,20,823
2023-08-22,21,610
2023-08-22,22,464
2023-08-22,23,293
2023-08-23,0,169
2023-08-23,1,83
2023-08-23,2,38
2023-08-23,3,42
2023-08-23,4,86
2023-08-23,5,166
2023-08-23,6,329
2023-08-23,7,786
2023-08-23,8,1282
2023-08-23,9,1226
2023-08-23,10,1103
2023-08-23,11,1132
2023-08-23,12,1250
2023-08-23,13,1238
2023-08-23,14,1311
2023-08-23,15,1383
2023-08-23,16,1420
2023-08-23,17,1491
2023-08-23,18,1261
2023-08-23,19,1133
2023-08-23,20,952
2023-08-23,21,707
2023-08-23,22,469
2023-08-23,23,366
2023-08-24,0,252
2023-08-24,1,125
2023-08-24,2,56
2023-08-24,3,53
2023-08-24,4,90
2023-08-24,5,180
2023-08-24,6,354
2023-08-24,7,850
2023-08-24,8,1204
2023-08-24,9,1177
2023-08-24,10,1047
2023-08-24,11,1101
2023-08-24,12,1257
2023-08-24,13,1295
2023-08-24,14,1337
2023-08-24,15,1472
2023-08-24,16,1547
2023-08-24,17,1488
2023-08-24,18,1332
2023-08-24,19,1248
2023-08-24,20,1018
2023-08-24,21,792
2023-08-24,22,622
2023-08-24,23,611
2023-08-25,0,392
2023-08-25,1,197
2023-08-25,2,97
2023-08-25,3,60
2023-08-25,4,96
2023-08-25,5,186
2023-08-25,6,370
2023-08-25,7,582
2023-08-25,8,803
2023-08-25,9,914
2023-08-25,10,929
2023-08-25,11,1012
2023-08-25,12,1130
2023-08-25,13,1189
2023-08-25,14,1179
2023-08-25,15,1287
2023-08-25,16,1297
2023-08-25,17,1345
2023-08-25,18,1242
2023-08-25,19,1061
2023-08-25,20,844
2023-08-25,21,705
2023-08-25,22,665
2023-08-25,23,569
2023-08-26,0,483
2023-08-26,1,304
2023-08-26,2,182
2023-08-26,3,115
2023-08-26,4,102
2023-08-26,5,86
2023-08-26,6,166
2023-08-26,7,233
2023-08-26,8,310
2023-08-26,9,481
2023-08-26,10,648
2023-08-26,11,785
2023-08-26,12,827
2023-08-26,13,786
2023-08-26,14,814
2023-08-26,15,945
2023-08-26,16,929
2023-08-26,17,908
2023-08-26,18,890
2023-08-26,19,882
2023-08-26,20,738
2023-08-26,21,591
2023-08-26,22,460
2023-08-26,23,442
2023-08-27,0,334
2023-08-27,1,278
2023-08-27,2,192
2023-08-27,3,132
2023-08-27,4,132
2023-08-27,5,156
2023-08-27,6,219
2023-08-27,7,280
2023-08-27,8,346
2023-08-27,9,521
2023-08-27,10,665
2023-08-27,11,748
2023-08-27,12,859
2023-08-27,13,801
2023-08-27,14,780
2023-08-27,15,838
2023-08-27,16,704
2023-08-27,17,726
2023-08-27,18,808
2023-08-27,19,797
2023-08-27,20,794
2023-08-27,21,620
2023-08-27,22,407
2023-08-27,23,343
2023-08-28,0,277
2023-08-28,1,161
2023-08-28,2,86
2023-08-28,3,72
2023-08-28,4,116
2023-08-28,5,194
2023-08-28,6,344
2023-08-28,7,664
2023-08-28,8,989
2023-08-28,9,1081
2023-08-28,10,969
2023-08-28,11,1012
2023-08-28,12,1068
2023-08-28,13,1042
2023-08-28,14,1258
2023-08-28,15,1257
2023-08-28,16,1155
2023-08-28,17,1170
2023-08-28,18,1018
2023-08-28,19,857
2023-08-28,20,771
2023-08-28,21,621
2023-08-28,22,523
2023-08-28,23,332
2023-08-29,0,203
2023-08-29,1,118
2023-08-29,2,50
2023-08-29,3,48
2023-08-29,4,70
2023-08-29,5,137
2023-08-29,6,289
2023-08-29,7,761
2023-08-29,8,1170
2023-08-29,9,1137
2023-08-29,10,999
2023-08-29,11,1037
2023-08-29,12,1097
2023-08-29,13,1093
2023-08-29,14,1109
2023-08-29,15,1176
2023-08-29,16,1176
2023-08-29,17,1233
2023-08-29,18,1111
2023-08-29,19,956
2023-08-29,20,856
2023-08-29,21,662
2023-08-29,22,511
2023-08-29,23,353
2023-08-30,0,210
2023-08-30,1,126
2023-08-30,2,65
2023-08-30,3,49
2023-08-30,4,79
2023-08-30,5,147
2023-08-30,6,319
2023-08-30,7,729
2023-08-30,8,1103
2023-08-30,9,1118
2023-08-30,10,1031
2023-08-30,11,1076
2023-08-30,12,1210
2023-08-30,13,1126
2023-08-30,14,1122
2023-08-30,15,1252
2023-08-30,16,1250
2023-08-30,17,1348
2023-08-30,18,1206
2023-08-30,19,1080
2023-08-30,20,873
2023-08-30,21,690
2023-08-30,22,534
2023-08-30,23,344
2023-08-31,0,220
2023-08-31,1,125
2023-08-31,2,61
2023-08-31,3,60
2023-08-31,4,107
2023-08-31,5,161
2023-08-31,6,347
2023-08-31,7,722
2023-08-31,8,988
2023-08-31,9,1035
2023-08-31,10,963
2023-08-31,11,1058
2023-08-31,12,1217
2023-08-31,13,1151
2023-08-31,14,1181
2023-08-31,15,1343
2023-08-31,16,1319
2023-08-31,17,1368
2023-08-31,18,1277
2023-08-31,19,1147
2023-08-31,20,1039
2023-08-31,21,818
2023-08-31,22,504
2023-08-31,23,428
2023-09-01,0,325
2023-09-01,1,178
2023-09-01,2,110
2023-09-01,3,72
2023-09-01,4,130
2023-09-01,5,184
2023-09-01,6,370
2023-09-01,7,578
2023-09-01,8,794
2023-09-01,9,912
2023-09-01,10,972
2023-09-01,11,1091
2023-09-01,12,1118
2023-09-01,13,1153
2023-09-01,14,1352
2023-09-01,15,1317
2023-09-01,16,1266
2023-09-01,17,1241
2023-09-01,18,1134
2023-09-01,19,1005
2023-09-01,20,861
2023-09-01,21,708
2023-09-01,22,589
2023-09-01,23,488
2023-09-02,0,440
2023-09-02,1,297
2023-09-02,2,201
2023-09-02,3,138
2023-09-02,4,109
2023-09-02,5,110
2023-09-02,6,171
2023-09-02,7,230
2023-09-02,8,338
2023-09-02,9,519
2023-09-02,10,633
2023-09-02,11,757
2023-09-02,12,759
2023-09-02,13,834
2023-09-02,14,850
2023-09-02,15,947
2023-09-02,16,928
2023-09-02,17,907
2023-09-02,18,854
2023-09-02,19,778
2023-09-02,20,724
2023-09-02,21,606
2023-09-02,22,590
2023-09-02,23,449
2023-09-03,0,360
2023-09-03,1,243
2023-09-03,2,190
2023-09-03,3,130
2023-09-03,4,145
2023-09-03,5,122
2023-09-03,6,135
2023-09-03,7,176
2023-09-03,8,275
2023-09-03,9,429
2023-09-03,10,600
2023-09-03,11,666
2023-09-03,12,708
2023-09-03,13,748
2023-09-03,14,815
2023-09-03,15,904
2023-09-03,16,950
2023-09-03,17,895
2023-09-03,18,734
2023-09-03,19,778
2023-09-03,20,669
2023-09-03,21,524
2023-09-03,22,452
2023-09-03,23,377
2023-09-04,0,270
2023-09-04,1,183
2023-09-04,2,117
2023-09-04,3,110
2023-09-04,4,155
2023-09-04,5,136
2023-09-04,6,204
2023-09-04,7,262
2023-09-04,8,293
2023-09-04,9,457
2023-09-04,10,605
2023-09-04,11,774
2023-09-04,12,881
2023-09-04,13,808
2023-09-04,14,859
2023-09-04,15,901
2023-09-04,16,852
2023-09-04,17,834
2023-09-04,18,768
2023-09-04,19,791
2023-09-04,20,771
2023-09-04,21,611
2023-09-04,22,449
2023-09-04,23,315
2023-09-05,0,281
2023-09-05,1,160
2023-09-05,2,67
2023-09-05,3,63
2023-09-05,4,97
2023-09-05,5,223
2023-09-05,6,416
2023-09-05,7,789
2023-09-05,8,1114
2023-09-05,9,1158
2023-09-05,10,1114
2023-09-05,11,1098
2023-09-05,12,1126
2023-09-05,13,1209
2023-09-05,14,1338
2023-09-05,15,1346
2023-09-05,16,1338
2023-09-05,17,1296
2023-09-05,18,1174
2023-09-05,19,1062
2023-09-05,20,807
2023-09-05,21,554
2023-09-05,22,430
2023-09-05,23,329
2023-09-06,0,275
2023-09-06,1,134
2023-09-06,2,78
2023-09-06,3,59
2023-09-06,4,90
2023-09-06,5,168
2023-09-06,6,351
2023-09-06,7,891
2023-09-06,8,1246
2023-09-06,9,1204
2023-09-06,10,1103
2023-09-06,11,1296
2023-09-06,12,1345
2023-09-06,13,1263
2023-09-06,14,1243
2023-09-06,15,1337
2023-09-06,16,1365
2023-09-06,17,1426
2023-09-06,18,1312
2023-09-06,19,1163
2023-09-06,20,963
2023-09-06,21,644
2023-09-06,22,438
2023-09-06,23,311
2023-09-07,0,216
2023-09-07,1,111
2023-09-07,2,53
2023-09-07,3,46
2023-09-07,4,63
2023-09-07,5,152
2023-09-07,6,348
2023-09-07,7,740
2023-09-07,8,1245
2023-09-07,9,1264
2023-09-07,10,1156
2023-09-07,11,1199
2023-09-07,12,1253
2023-09-07,13,1311
2023-09-07,14,1412
2023-09-07,15,1356
2023-09-07,16,1445
2023-09-07,17,1581
2023-09-07,18,1530
2023-09-07,19,1336
2023-09-07,20,1072
2023-09-07,21,808
2023-09-07,22,679
2023-09-07,23,602
2023-09-08,0,432
2023-09-08,1,226
2023-09-08,2,143
2023-09-08,3,111
2023-09-08,4,117
2023-09-08,5,169
2023-09-08,6,400
2023-09-08,7,715
2023-09-08,8,1094
2023-09-08,9,1307
2023-09-08,10,1251
2023-09-08,11,1351
2023-09-08,12,1310
2023-09-08,13,1255
2023-09-08,14,1341
2023-09-08,15,1388
2023-09-08,16,1372
2023-09-08,17,1432
2023-09-08,18,1324
2023-09-08,19,1090
2023-09-08,20,874
2023-09-08,21,769
2023-09-08,22,718
2023-09-08,23,610
2023-09-09,0,528
2023-09-09,1,339
2023-09-09,2,202
2023-09-09,3,111
2023-09-09,4,103
2023-09-09,5,119
2023-09-09,6,180
2023-09-09,7,311
2023-09-09,8,440
2023-09-09,9,591
2023-09-09,10,748
2023-09-09,11,921
2023-09-09,12,1005
2023-09-09,13,978
2023-09-09,14,1045
2023-09-09,15,989
2023-09-09,16,1029
2023-09-09,17,1140
2023-09-09,18,1132
2023-09-09,19,992
2023-09-09,20,870
2023-09-09,21,669
2023-09-09,22,667
2023-09-09,23,579
2023-09-10,0,495
2023-09-10,1,286
2023-09-10,2,190
2023-09-10,3,138
2023-09-10,4,158
2023-09-10,5,192
2023-09-10,6,251
2023-09-10,7,339
2023-09-10,8,474
2023-09-10,9,697
2023-09-10,10,821
2023-09-10,11,1032
2023-09-10,12,1127
2023-09-10,13,1121
2023-09-10,14,1106
2023-09-10,15,1190
2023-09-10,16,1034
2023-09-10,17,1075
2023-09-10,18,1079
2023-09-10,19,1126
2023-09-10,20,973
2023-09-10,21,764
2023-09-10,22,553
2023-09-10,23,412
2023-09-11,0,371
2023-09-11,1,179
2023-09-11,2,76
2023-09-11,3,86
2023-09-11,4,145
2023-09-11,5,260
2023-09-11,6,464
2023-09-11,7,771
2023-09-11,8,1168
2023-09-11,9,1339
2023-09-11,10,1392
2023-09-11,11,1349
2023-09-11,12,1455
2023-09-11,13,1469
2023-09-11,14,1571
2023-09-11,15,1642
2023-09-11,16,1619
2023-09-11,17,1597
2023-09-11,18,1409
2023-09-11,19,1144
2023-09-11,20,978
2023-09-11,21,738
2023-09-11,22,547
2023-09-11,23,421
2023-09-12,0,309
2023-09-12,1,168
2023-09-12,2,63
2023-09-12,3,46
2023-09-12,4,93
2023-09-12,5,167
2023-09-12,6,364
2023-09-12,7,859
2023-09-12,8,1392
2023-09-12,9,1539
2023-09-12,10,1353
2023-09-12,11,1314
2023-09-12,12,1391
2023-09-12,13,1476
2023-09-12,14,1417
2023-09-12,15,1470
2023-09-12,16,1404
2023-09-12,17,1592
2023-09-12,18,1519
2023-09-12,19,1299
2023-09-12,20,1057
2023-09-12,21,749
2023-09-12,22,618
2023-09-12,23,381
2023-09-13,0,257
2023-09-13,1,114
2023-09-13,2,51
2023-09-13,3,45
2023-09-13,4,94
2023-09-13,5,204
2023-09-13,6,427
2023-09-13,7,889
2023-09-13,8,1234
2023-09-13,9,1407
2023-09-13,10,1307
2023-09-13,11,1363
2023-09-13,12,1474
2023-09-13,13,1528
2023-09-13,14,1563
2023-09-13,15,1523
2023-09-13,16,1597
2023-09-13,17,1615
2023-09-13,18,1531
2023-09-13,19,1334
2023-09-13,20,1131
2023-09-13,21,964
2023-09-13,22,627
2023-09-13,23,415
2023-09-14,0,325
2023-09-14,1,166
2023-09-14,2,61
2023-09-14,3,88
2023-09-14,4,130
2023-09-14,5,220
2023-09-14,6,490
2023-09-14,7,834
2023-09-14,8,1105
2023-09-14,9,1194
2023-09-14,10,1213
2023-09-14,11,1356
2023-09-14,12,1424
2023-09-14,13,1429
2023-09-14,14,1611
2023-09-14,15,1583
2023-09-14,16,1482
2023-09-14,17,1540
2023-09-14,18,1489
2023-09-14,19,1411
2023-09-14,20,1205
2023-09-14,21,992
2023-09-14,22,666
2023-09-14,23,517
2023-09-15,0,411
2023-09-15,1,216
2023-09-15,2,126
2023-09-15,3,113
2023-09-15,4,139
2023-09-15,5,248
2023-09-15,6,442
2023-09-15,7,737
2023-09-15,8,917
2023-09-15,9,1064
2023-09-15,10,1116
2023-09-15,11,1178
2023-09-15,12,1259
2023-09-15,13,1294
2023-09-15,14,1320
2023-09-15,15,1394
2023-09-15,16,1392
2023-09-15,17,1423
2023-09-15,18,1371
2023-09-15,19,1241
2023-09-15,20,1001
2023-09-15,21,796
2023-09-15,22,584
2023-09-15,23,444
2023-09-16,0,419
2023-09-16,1,290
2023-09-16,2,173
2023-09-16,3,120
2023-09-16,4,105
2023-09-16,5,120
2023-09-16,6,168
2023-09-16,7,232
2023-09-16,8,374
2023-09-16,9,521
2023-09-16,10,622
2023-09-16,11,722
2023-09-16,12,856
2023-09-16,13,908
2023-09-16,14,967
2023-09-16,15,946
2023-09-16,16,884
2023-09-16,17,873
2023-09-16,18,842
2023-09-16,19,757
2023-09-16,20,550
2023-09-16,21,459
2023-09-16,22,428
2023-09-16,23,383
2023-09-17,0,314
2023-09-17,1,290
2023-09-17,2,222
2023-09-17,3,134
2023-09-17,4,161
2023-09-17,5,138
2023-09-17,6,239
2023-09-17,7,292
2023-09-17,8,429
2023-09-17,9,556
2023-09-17,10,670
2023-09-17,11,805
2023-09-17,12,870
2023-09-17,13,717
2023-09-17,14,819
2023-09-17,15,905
2023-09-17,16,831
2023-09-17,17,851
2023-09-17,18,762
2023-09-17,19,835
2023-09-17,20,870
2023-09-17,21,751
2023-09-17,22,543
2023-09-17,23,364
2023-09-18,0,263
2023-09-18,1,126
2023-09-18,2,61
2023-09-18,3,57
2023-09-18,4,93
2023-09-18,5,194
2023-09-18,6,404
2023-09-18,7,780
2023-09-18,8,1080
2023-09-18,9,1164
2023-09-18,10,1181
2023-09-18,11,1189
2023-09-18,12,1324
2023-09-18,13,1333
2023-09-18,14,1326
2023-09-18,15,1428
2023-09-18,16,1357
2023-09-18,17,1394
2023-09-18,18,1215
2023-09-18,19,1085
2023-09-18,20,943
2023-09-18,21,740
2023-09-18,22,500
2023-09-18,23,332
2023-09-19,0,209
2023-09-19,1,118
2023-09-19,2,66
2023-09-19,3,63
2023-09-19,4,72
2023-09-19,5,153
2023-09-19,6,344
2023-09-19,7,887
2023-09-19,8,1456
2023-09-19,9,1603
2023-09-19,10,1274
2023-09-19,11,1219
2023-09-19,12,1360
2023-09-19,13,1248
2023-09-19,14,1386
2023-09-19,15,1561
2023-09-19,16,1521
2023-09-19,17,1722
2023-09-19,18,1573
2023-09-19,19,1357
2023-09-19,20,1067
2023-09-19,21,750
2023-09-19,22,596
2023-09-19,23,366
2023-09-20,0,219
2023-09-20,1,104
2023-09-20,2,45
2023-09-20,3,46
2023-09-20,4,112
2023-09-20,5,161
2023-09-20,6,422
2023-09-20,7,907
2023-09-20,8,1327
2023-09-20,9,1368
2023-09-20,10,1243
2023-09-20,11,1283
2023-09-20,12,1324
2023-09-20,13,1400
2023-09-20,14,1478
2023-09-20,15,1663
2023-09-20,16,1521
2023-09-20,17,1592
2023-09-20,18,1530
2023-09-20,19,1295
2023-09-20,20,1163
2023-09-20,21,892
2023-09-20,22,622
2023-09-20,23,385
2023-09-21,0,300
2023-09-21,1,112
2023-09-21,2,60
2023-09-21,3,58
2023-09-21,4,133
2023-09-21,5,239
2023-09-21,6,488
2023-09-21,7,771
2023-09-21,8,1111
2023-09-21,9,1285
2023-09-21,10,1272
2023-09-21,11,1303
2023-09-21,12,1365
2023-09-21,13,1469
2023-09-21,14,1637
2023-09-21,15,1735
2023-09-21,16,1604
2023-09-21,17,1614
2023-09-21,18,1534
2023-09-21,19,1463
2023-09-21,20,1405
2023-09-21,21,1064
2023-09-21,22,802
2023-09-21,23,582
2023-09-22,0,396
2023-09-22,1,214
2023-09-22,2,95
2023-09-22,3,79
2023-09-22,4,119
2023-09-22,5,230
2023-09-22,6,404
2023-09-22,7,680
2023-09-22,8,964
2023-09-22,9,1012
2023-09-22,10,1133
2023-09-22,11,1292
2023-09-22,12,1368
2023-09-22,13,1333
2023-09-22,14,1429
2023-09-22,15,1477
2023-09-22,16,1500
2023-09-22,17,1575
2023-09-22,18,1590
2023-09-22,19,1372
2023-09-22,20,1074
2023-09-22,21,888
2023-09-22,22,723
2023-09-22,23,610
2023-09-23,0,446
2023-09-23,1,262
2023-09-23,2,170
2023-09-23,3,129
2023-09-23,4,92
2023-09-23,5,141
2023-09-23,6,171
2023-09-23,7,288
2023-09-23,8,441
2023-09-23,9,632
2023-09-23,10,758
2023-09-23,11,858
2023-09-23,12,972
2023-09-23,13,970
2023-09-23,14,951
2023-09-23,15,945
2023-09-23,16,1082
2023-09-23,17,1122
2023-09-23,18,1075
2023-09-23,19,1025
2023-09-23,20,780
2023-09-23,21,635
2023-09-23,22,619
2023-09-23,23,516
2023-09-24,0,358
2023-09-24,1,258
2023-09-24,2,216
2023-09-24,3,162
2023-09-24,4,175
2023-09-24,5,268
2023-09-24,6,314
2023-09-24,7,320
2023-09-24,8,412
2023-09-24,9,544
2023-09-24,10,701
2023-09-24,11,813
2023-09-24,12,846
2023-09-24,13,883
2023-09-24,14,958
2023-09-24,15,1004
2023-09-24,16,952
2023-09-24,17,910
2023-09-24,18,809
2023-09-24,19,894
2023-09-24,20,892
2023-09-24,21,596
2023-09-24,22,497
2023-09-24,23,360
2023-09-25,0,296
2023-09-25,1,178
2023-09-25,2,76
2023-09-25,3,72
2023-09-25,4,120
2023-09-25,5,215
2023-09-25,6,383
2023-09-25,7,675
2023-09-25,8,1101
2023-09-25,9,1177
2023-09-25,10,1139
2023-09-25,11,1079
2023-09-25,12,1101
2023-09-25,13,1111
2023-09-25,14,1231
2023-09-25,15,1234
2023-09-25,16,1312
2023-09-25,17,1210
2023-09-25,18,1122
2023-09-25,19,1013
2023-09-25,20,887
2023-09-25,21,721
2023-09-25,22,470
2023-09-25,23,305
2023-09-26,0,276
2023-09-26,1,151
2023-09-26,2,73
2023-09-26,3,54
2023-09-26,4,89
2023-09-26,5,157
2023-09-26,6,339
2023-09-26,7,842
2023-09-26,8,1429
2023-09-26,9,1573
2023-09-26,10,1361
2023-09-26,11,1383
2023-09-26,12,1374
2023-09-26,13,1377
2023-09-26,14,1367
2023-09-26,15,1332
2023-09-26,16,1437
2023-09-26,17,1484
2023-09-26,18,1330
2023-09-26,19,1188
2023-09-26,20,997
2023-09-26,21,721
2023-09-26,22,444
2023-09-26,23,326
2023-09-27,0,187
2023-09-27,1,90
2023-09-27,2,48
2023-09-27,3,47
2023-09-27,4,89
2023-09-27,5,184
2023-09-27,6,417
2023-09-27,7,936
2023-09-27,8,1368
2023-09-27,9,1332
2023-09-27,10,1181
2023-09-27,11,1198
2023-09-27,12,1263
2023-09-27,13,1284
2023-09-27,14,1386
2023-09-27,15,1484
2023-09-27,16,1492
2023-09-27,17,1561
2023-09-27,18,1483
2023-09-27,19,1275
2023-09-27,20,1118
2023-09-27,21,740
2023-09-27,22,558
2023-09-27,23,343
2023-09-28,0,237
2023-09-28,1,102
2023-09-28,2,64
2023-09-28,3,59
2023-09-28,4,104
2023-09-28,5,211
2023-09-28,6,440
2023-09-28,7,924
2023-09-28,8,1169
2023-09-28,9,1157
2023-09-28,10,1190
2023-09-28,11,1165
2023-09-28,12,1337
2023-09-28,13,1469
2023-09-28,14,1545
2023-09-28,15,1656
2023-09-28,16,1534
2023-09-28,17,1541
2023-09-28,18,1543
2023-09-28,19,1407
2023-09-28,20,1214
2023-09-28,21,900
2023-09-28,22,698
2023-09-28,23,484
2023-09-29,0,328
2023-09-29,1,171
2023-09-29,2,99
2023-09-29,3,78
2023-09-29,4,142
2023-09-29,5,238
2023-09-29,6,399
2023-09-29,7,736
2023-09-29,8,933
2023-09-29,9,1047
2023-09-29,10,1169
2023-09-29,11,1245
2023-09-29,12,1297
2023-09-29,13,1346
2023-09-29,14,1435
2023-09-29,15,1425
2023-09-29,16,1349
2023-09-29,17,1445
2023-09-29,18,1390
2023-09-29,19,1297
2023-09-29,20,1024
2023-09-29,21,868
2023-09-29,22,638
2023-09-29,23,524
2023-09-30,0,402
2023-09-30,1,237
2023-09-30,2,162
2023-09-30,3,127
2023-09-30,4,93
2023-09-30,5,106
2023-09-30,6,146
2023-09-30,7,296
2023-09-30,8,403
2023-09-30,9,589
2023-09-30,10,739
2023-09-30,11,821
2023-09-30,12,803
2023-09-30,13,903
2023-09-30,14,973
2023-09-30,15,977
2023-09-30,16,991
2023-09-30,17,1002
2023-09-30,18,994
2023-09-30,19,963
2023-09-30,20,778
2023-09-30,21,586
2023-09-30,22,478
2023-09-30,23,409
2023-10-01,0,305
2023-10-01,1,227
2023-10-01,2,158
2023-10-01,3,131
2023-10-01,4,139
2023-10-01,5,152
2023-10-01,6,207
2023-10-01,7,352
2023-10-01,8,438
2023-10-01,9,616
2023-10-01,10,845
2023-10-01,11,949
2023-10-01,12,1040
2023-10-01,13,1029
2023-10-01,14,1062
2023-10-01,15,1155
2023-10-01,16,1121
2023-10-01,17,1103
2023-10-01,18,1042
2023-10-01,19,994
2023-10-01,20,882
2023-10-01,21,703
2023-10-01,22,481
2023-10-01,23,450
2023-10-02,0,355
2023-10-02,1,165
2023-10-02,2,68
2023-10-02,3,67
2023-10-02,4,97
2023-10-02,5,203
2023-10-02,6,453
2023-10-02,7,864
2023-10-02,8,1211
2023-10-02,9,1281
2023-10-02,10,1253
2023-10-02,11,1340
2023-10-02,12,1393
2023-10-02,13,1421
2023-10-02,14,1495
2023-10-02,15,1530
2023-10-02,16,1448
2023-10-02,17,1568
2023-10-02,18,1528
2023-10-02,19,1317
2023-10-02,20,1031
2023-10-02,21,736
2023-10-02,22,546
2023-10-02,23,405
2023-10-03,0,308
2023-10-03,1,106
2023-10-03,2,44
2023-10-03,3,56
2023-10-03,4,89
2023-10-03,5,153
2023-10-03,6,373
2023-10-03,7,925
2023-10-03,8,1433
2023-10-03,9,1468
2023-10-03,10,1446
2023-10-03,11,1415
2023-10-03,12,1567
2023-10-03,13,1579
2023-10-03,14,1603
2023-10-03,15,1640
2023-10-03,16,1747
2023-10-03,17,1700
2023-10-03,18,1602
2023-10-03,19,1379
2023-10-03,20,1135
2023-10-03,21,812
2023-10-03,22,619
2023-10-03,23,345
2023-10-04,0,241
2023-10-04,1,128
2023-10-04,2,92
2023-10-04,3,73
2023-10-04,4,129
2023-10-04,5,229
2023-10-04,6,455
2023-10-04,7,969
2023-10-04,8,1200
2023-10-04,9,1474
2023-10-04,10,1416
2023-10-04,11,1504
2023-10-04,12,1586
2023-10-04,13,1646
2023-10-04,14,1641
2023-10-04,15,1637
2023-10-04,16,1559
2023-10-04,17,1490
2023-10-04,18,1505
2023-10-04,19,1373
2023-10-04,20,1073
2023-10-04,21,854
2023-10-04,22,604
2023-10-04,23,437
2023-10-05,0,266
2023-10-05,1,155
2023-10-05,2,77
2023-10-05,3,85
2023-10-05,4,120
2023-10-05,5,204
2023-10-05,6,493
2023-10-05,7,861
2023-10-05,8,1171
2023-10-05,9,1291
2023-10-05,10,1310
2023-10-05,11,1359
2023-10-05,12,1565
2023-10-05,13,1459
2023-10-05,14,1575
2023-10-05,15,1627
2023-10-05,16,1600
2023-10-05,17,1664
2023-10-05,18,1607
2023-10-05,19,1477
2023-10-05,20,1275
2023-10-05,21,891
2023-10-05,22,762
2023-10-05,23,559
2023-10-06,0,365
2023-10-06,1,181
2023-10-06,2,96
2023-10-06,3,87
2023-10-06,4,144
2023-10-06,5,213
2023-10-06,6,379
2023-10-06,7,734
2023-10-06,8,1036
2023-10-06,9,1199
2023-10-06,10,1277
2023-10-06,11,1399
2023-10-06,12,1477
2023-10-06,13,1610
2023-10-06,14,1760
2023-10-06,15,1686
2023-10-06,16,1599
2023-10-06,17,1776
2023-10-06,18,1659
2023-10-06,19,1506
2023-10-06,20,1221
2023-10-06,21,891
2023-10-06,22,653
2023-10-06,23,547
2023-10-07,0,417
2023-10-07,1,284
2023-10-07,2,176
2023-10-07,3,133
2023-10-07,4,122
2023-10-07,5,124
2023-10-07,6,215
2023-10-07,7,331
2023-10-07,8,537
2023-10-07,9,760
2023-10-07,10,967
2023-10-07,11,1031
2023-10-07,12,1051
2023-10-07,13,1004
2023-10-07,14,1037
2023-10-07,15,1073
2023-10-07,16,1109
2023-10-07,17,1141
2023-10-07,18,1073
2023-10-07,19,1020
2023-10-07,20,740
2023-10-07,21,567
2023-10-07,22,560
2023-10-07,23,511
2023-10-08,0,367
2023-10-08,1,261
2023-10-08,2,204
2023-10-08,3,142
2023-10-08,4,133
2023-10-08,5,207
2023-10-08,6,282
2023-10-08,7,307
2023-10-08,8,336
2023-10-08,9,424
2023-10-08,10,555
2023-10-08,11,677
2023-10-08,12,677
2023-10-08,13,831
2023-10-08,14,1013
2023-10-08,15,1105
2023-10-08,16,1117
2023-10-08,17,1195
2023-10-08,18,1069
2023-10-08,19,1023
2023-10-08,20,937
2023-10-08,21,710
2023-10-08,22,589
2023-10-08,23,404
2023-10-09,0,328
2023-10-09,1,152
2023-10-09,2,75
2023-10-09,3,102
2023-10-09,4,218
2023-10-09,5,415
2023-10-09,6,551
2023-10-09,7,797
2023-10-09,8,1005
2023-10-09,9,1194
2023-10-09,10,1365
2023-10-09,11,1399
2023-10-09,12,1454
2023-10-09,13,1418
2023-10-09,14,1412
2023-10-09,15,1398
2023-10-09,16,1360
2023-10-09,17,1362
2023-10-09,18,1258
2023-10-09,19,1152
2023-10-09,20,999
2023-10-09,21,641
2023-10-09,22,470
2023-10-09,23,335
2023-10-10,0,260
2023-10-10,1,127
2023-10-10,2,37
2023-10-10,3,61
2023-10-10,4,118
2023-10-10,5,237
2023-10-10,6,467
2023-10-10,7,858
2023-10-10,8,1274
2023-10-10,9,1416
2023-10-10,10,1279
2023-10-10,11,1328
2023-10-10,12,1346
2023-10-10,13,1475
2023-10-10,14,1493
2023-10-10,15,1518
2023-10-10,16,1550
2023-10-10,17,1691
2023-10-10,18,1509
2023-10-10,19,1262
2023-10-10,20,1046
2023-10-10,21,675
2023-10-10,22,509
2023-10-10,23,365
2023-10-11,0,193
2023-10-11,1,92
2023-10-11,2,44
2023-10-11,3,56
2023-10-11,4,85
2023-10-11,5,183
2023-10-11,6,408
2023-10-11,7,956
2023-10-11,8,1387
2023-10-11,9,1553
2023-10-11,10,1275
2023-10-11,11,1421
2023-10-11,12,1527
2023-10-11,13,1628
2023-10-11,14,1691
2023-10-11,15,1850
2023-10-11,16,1764
2023-10-11,17,1805
2023-10-11,18,1725
2023-10-11,19,1499
2023-10-11,20,1173
2023-10-11,21,943
2023-10-11,22,653
2023-10-11,23,387
2023-10-12,0,306
2023-10-12,1,123
2023-10-12,2,62
2023-10-12,3,74
2023-10-12,4,108
2023-10-12,5,253
2023-10-12,6,466
2023-10-12,7,877
2023-10-12,8,1207
2023-10-12,9,1363
2023-10-12,10,1275
2023-10-12,11,1414
2023-10-12,12,1432
2023-10-12,13,1534
2023-10-12,14,1580
2023-10-12,15,1674
2023-10-12,16,1625
2023-10-12,17,1858
2023-10-12,18,1740
2023-10-12,19,1597
2023-10-12,20,1398
2023-10-12,21,1011
2023-10-12,22,798
2023-10-12,23,567
2023-10-13,0,436
2023-10-13,1,221
2023-10-13,2,127
2023-10-13,3,81
2023-10-13,4,138
2023-10-13,5,242
2023-10-13,6,434
2023-10-13,7,735
2023-10-13,8,950
2023-10-13,9,1146
2023-10-13,10,1252
2023-10-13,11,1390
2023-10-13,12,1519
2023-10-13,13,1433
2023-10-13,14,1584
2023-10-13,15,1704
2023-10-13,16,1617
2023-10-13,17,1596
2023-10-13,18,1566
2023-10-13,19,1430
2023-10-13,20,1048
2023-10-13,21,821
2023-10-13,22,666
2023-10-13,23,541
2023-10-14,0,490
2023-10-14,1,293
2023-10-14,2,203
2023-10-14,3,136
2023-10-14,4,125
2023-10-14,5,171
2023-10-14,6,234
2023-10-14,7,400
2023-10-14,8,510
2023-10-14,9,806
2023-10-14,10,977
2023-10-14,11,1119
2023-10-14,12,1061
2023-10-14,13,1048
2023-10-14,14,1040
2023-10-14,15,939
2023-10-14,16,997
2023-10-14,17,1010
2023-10-14,18,964
2023-10-14,19,954
2023-10-14,20,767
2023-10-14,21,600
2023-10-14,22,532
2023-10-14,23,498
2023-10-15,0,428
2023-10-15,1,281
2023-10-15,2,227
2023-10-15,3,167
2023-10-15,4,180
2023-10-15,5,198
2023-10-15,6,261
2023-10-15,7,351
2023-10-15,8,495
2023-10-15,9,672
2023-10-15,10,971
2023-10-15,11,1012
2023-10-15,12,956
2023-10-15,13,926
2023-10-15,14,1006
2023-10-15,15,1053
2023-10-15,16,1052
2023-10-15,17,1049
2023-10-15,18,937
2023-10-15,19,876
2023-10-15,20,811
2023-10-15,21,615
2023-10-15,22,465
2023-10-15,23,384
2023-10-16,0,371
2023-10-16,1,189
2023-10-16,2,90
2023-10-16,3,63
2023-10-16,4,125
2023-10-16,5,222
2023-10-16,6,473
2023-10-16,7,752
2023-10-16,8,1132
2023-10-16,9,1221
2023-10-16,10,1252
2023-10-16,11,1240
2023-10-16,12,1212
2023-10-16,13,1324
2023-10-16,14,1297
2023-10-16,15,1349
2023-10-16,16,1324
2023-10-16,17,1325
2023-10-16,18,1136
2023-10-16,19,1110
2023-10-16,20,982
2023-10-16,21,684
2023-10-16,22,434
2023-10-16,23,310
2023-10-17,0,245
2023-10-17,1,105
2023-10-17,2,43
2023-10-17,3,47
2023-10-17,4,80
2023-10-17,5,164
2023-10-17,6,361
2023-10-17,7,871
2023-10-17,8,1172
2023-10-17,9,1329
2023-10-17,10,1214
2023-10-17,11,1274
2023-10-17,12,1227
2023-10-17,13,1271
2023-10-17,14,1426
2023-10-17,15,1380
2023-10-17,16,1376
2023-10-17,17,1486
2023-10-17,18,1460
2023-10-17,19,1281
2023-10-17,20,1005
2023-10-17,21,679
2023-10-17,22,537
2023-10-17,23,306
2023-10-18,0,195
2023-10-18,1,104
2023-10-18,2,53
2023-10-18,3,55
2023-10-18,4,80
2023-10-18,5,190
2023-10-18,6,425
2023-10-18,7,912
2023-10-18,8,1290
2023-10-18,9,1285
2023-10-18,10,1219
2023-10-18,11,1361
2023-10-18,12,1319
2023-10-18,13,1481
2023-10-18,14,1446
2023-10-18,15,1536
2023-10-18,16,1475
2023-10-18,17,1599
2023-10-18,18,1424
2023-10-18,19,1316
2023-10-18,20,1135
2023-10-18,21,841
2023-10-18,22,581
2023-10-18,23,487
2023-10-19,0,297
2023-10-19,1,121
2023-10-19,2,53
2023-10-19,3,64
2023-10-19,4,108
2023-10-19,5,225
2023-10-19,6,427
2023-10-19,7,866
2023-10-19,8,1156
2023-10-19,9,1260
2023-10-19,10,1165
2023-10-19,11,1245
2023-10-19,12,1300
2023-10-19,13,1320
2023-10-19,14,1395
2023-10-19,15,1515
2023-10-19,16,1509
2023-10-19,17,1653
2023-10-19,18,1598
2023-10-19,19,1485
2023-10-19,20,1211
2023-10-19,21,991
2023-10-19,22,677
2023-10-19,23,457
2023-10-20,0,389
2023-10-20,1,183
2023-10-20,2,79
2023-10-20,3,66
2023-10-20,4,126
2023-10-20,5,229
2023-10-20,6,442
2023-10-20,7,699
2023-10-20,8,867
2023-10-20,9,1018
2023-10-20,10,1059
2023-10-20,11,1255
2023-10-20,12,1238
2023-10-20,13,1265
2023-10-20,14,1374
2023-10-20,15,1361
2023-10-20,16,1308
2023-10-20,17,1361
2023-10-20,18,1487
2023-10-20,19,1341
2023-10-20,20,1019
2023-10-20,21,758
2023-10-20,22,575
2023-10-20,23,521
2023-10-21,0,418
2023-10-21,1,270
2023-10-21,2,167
2023-10-21,3,135
2023-10-21,4,110
2023-10-21,5,143
2023-10-21,6,167
2023-10-21,7,269
2023-10-21,8,409
2023-10-21,9,549
2023-10-21,10,807
2023-10-21,11,859
2023-10-21,12,902
2023-10-21,13,946
2023-10-21,14,1021
2023-10-21,15,1026
2023-10-21,16,1045
2023-10-21,17,1090
2023-10-21,18,1037
2023-10-21,19,898
2023-10-21,20,841
2023-10-21,21,634
2023-10-21,22,678
2023-10-21,23,530
2023-10-22,0,436
2023-10-22,1,306
2023-10-22,2,222
2023-10-22,3,150
2023-10-22,4,155
2023-10-22,5,184
2023-10-22,6,248
2023-10-22,7,357
2023-10-22,8,494
2023-10-22,9,715
2023-10-22,10,968
2023-10-22,11,1018
2023-10-22,12,1001
2023-10-22,13,1014
2023-10-22,14,1050
2023-10-22,15,1085
2023-10-22,16,1086
2023-10-22,17,1112
2023-10-22,18,942
2023-10-22,19,874
2023-10-22,20,900
2023-10-22,21,646
2023-10-22,22,473
2023-10-22,23,424
2023-10-23,0,359
2023-10-23,1,152
2023-10-23,2,65
2023-10-23,3,70
2023-10-23,4,137
2023-10-23,5,229
2023-10-23,6,461
2023-10-23,7,788
2023-10-23,8,1176
2023-10-23,9,1233
2023-10-23,10,1231
2023-10-23,11,1194
2023-10-23,12,1307
2023-10-23,13,1340
2023-10-23,14,1302
2023-10-23,15,1323
2023-10-23,16,1296
2023-10-23,17,1400
2023-10-23,18,1221
2023-10-23,19,1127
2023-10-23,20,993
2023-10-23,21,721
2023-10-23,22,476
2023-10-23,23,344
2023-10-24,0,214
2023-10-24,1,107
2023-10-24,2,64
2023-10-24,3,48
2023-10-24,4,95
2023-10-24,5,165
2023-10-24,6,363
2023-10-24,7,864
2023-10-24,8,1346
2023-10-24,9,1396
2023-10-24,10,1245
2023-10-24,11,1173
2023-10-24,12,1268
2023-10-24,13,1285
2023-10-24,14,1337
2023-10-24,15,1422
2023-10-24,16,1483
2023-10-24,17,1505
2023-10-24,18,1462
2023-10-24,19,1213
2023-10-24,20,993
2023-10-24,21,677
2023-10-24,22,525
2023-10-24,23,378
2023-10-25,0,235
2023-10-25,1,118
2023-10-25,2,61
2023-10-25,3,64
2023-10-25,4,107
2023-10-25,5,201
2023-10-25,6,453
2023-10-25,7,893
2023-10-25,8,1200
2023-10-25,9,1378
2023-10-25,10,1263
2023-10-25,11,1303
2023-10-25,12,1362
2023-10-25,13,1460
2023-10-25,14,1495
2023-10-25,15,1463
2023-10-25,16,1599
2023-10-25,17,1661
2023-10-25,18,1657
2023-10-25,19,1412
2023-10-25,20,1083
2023-10-25,21,779
2023-10-25,22,586
2023-10-25,23,447
2023-10-26,0,244
2023-10-26,1,119
2023-10-26,2,96
2023-10-26,3,76
2023-10-26,4,112
2023-10-26,5,235
2023-10-26,6,429
2023-10-26,7,822
2023-10-26,8,1195
2023-10-26,9,1278
2023-10-26,10,1148
2023-10-26,11,1197
2023-10-26,12,1251
2023-10-26,13,1350
2023-10-26,14,1482
2023-10-26,15,1608
2023-10-26,16,1472
2023-10-26,17,1534
2023-10-26,18,1549
2023-10-26,19,1306
2023-10-26,20,1183
2023-10-26,21,1091
2023-10-26,22,753
2023-10-26,23,605
2023-10-27,0,340
2023-10-27,1,181
2023-10-27,2,77
2023-10-27,3,63
2023-10-27,4,103
2023-10-27,5,220
2023-10-27,6,418
2023-10-27,7,642
2023-10-27,8,913
2023-10-27,9,982
2023-10-27,10,1008
2023-10-27,11,1203
2023-10-27,12,1203
2023-10-27,13,1293
2023-10-27,14,1363
2023-10-27,15,1379
2023-10-27,16,1240
2023-10-27,17,1394
2023-10-27,18,1536
2023-10-27,19,1478
2023-10-27,20,1162
2023-10-27,21,805
2023-10-27,22,658
2023-10-27,23,570
2023-10-28,0,416
2023-10-28,1,369
2023-10-28,2,267
2023-10-28,3,166
2023-10-28,4,128
2023-10-28,5,137
2023-10-28,6,182
2023-10-28,7,258
2023-10-28,8,380
2023-10-28,9,542
2023-10-28,10,702
2023-10-28,11,817
2023-10-28,12,844
2023-10-28,13,782
2023-10-28,14,844
2023-10-28,15,856
2023-10-28,16,878
2023-10-28,17,881
2023-10-28,18,912
2023-10-28,19,970
2023-10-28,20,843
2023-10-28,21,658
2023-10-28,22,630
2023-10-28,23,556
2023-10-29,0,538
2023-10-29,1,470
2023-10-29,2,341
2023-10-29,3,254
2023-10-29,4,195
2023-10-29,5,190
2023-10-29,6,211
2023-10-29,7,290
2023-10-29,8,348
2023-10-29,9,540
2023-10-29,10,681
2023-10-29,11,747
2023-10-29,12,830
2023-10-29,13,783
2023-10-29,14,788
2023-10-29,15,898
2023-10-29,16,789
2023-10-29,17,892
2023-10-29,18,796
2023-10-29,19,800
2023-10-29,20,607
2023-10-29,21,581
2023-10-29,22,430
2023-10-29,23,322
2023-10-30,0,268
2023-10-30,1,157
2023-10-30,2,79
2023-10-30,3,66
2023-10-30,4,111
2023-10-30,5,191
2023-10-30,6,357
2023-10-30,7,748
2023-10-30,8,961
2023-10-30,9,1050
2023-10-30,10,906
2023-10-30,11,932
2023-10-30,12,962
2023-10-30,13,1005
2023-10-30,14,1034
2023-10-30,15,1086
2023-10-30,16,1122
2023-10-30,17,1129
2023-10-30,18,1067
2023-10-30,19,900
2023-10-30,20,656
2023-10-30,21,501
2023-10-30,22,381
2023-10-30,23,267
2023-10-31,0,184
2023-10-31,1,96
2023-10-31,2,33
2023-10-31,3,43
2023-10-31,4,93
2023-10-31,5,145
2023-10-31,6,338
2023-10-31,7,701
2023-10-31,8,1069
2023-10-31,9,1080
2023-10-31,10,930
2023-10-31,11,1030
2023-10-31,12,1030
2023-10-31,13,1064
2023-10-31,14,1127
2023-10-31,15,1301
2023-10-31,16,1220
2023-10-31,17,1180
2023-10-31,18,979
2023-10-31,19,887
2023-10-31,20,636
2023-10-31,21,448
2023-10-31,22,356
2023-10-31,23,280
2023-11-01,0,174
2023-11-01,1,98
2023-11-01,2,46
2023-11-01,3,43
2023-11-01,4,86
2023-11-01,5,178
2023-11-01,6,368
2023-11-01,7,881
2023-11-01,8,1324
2023-11-01,9,1424
2023-11-01,10,1232
2023-11-01,11,1194
2023-11-01,12,1348
2023-11-01,13,1373
2023-11-01,14,1343
2023-11-01,15,1339
2023-11-01,16,1402
2023-11-01,17,1417
2023-11-01,18,1279
2023-11-01,19,1167
2023-11-01,20,922
2023-11-01,21,708
2023-11-01,22,452
2023-11-01,23,300
2023-11-02,0,230
2023-11-02,1,108
2023-11-02,2,55
2023-11-02,3,57
2023-11-02,4,81
2023-11-02,5,158
2023-11-02,6,376
2023-11-02,7,772
2023-11-02,8,1212
2023-11-02,9,1228
2023-11-02,10,1073
2023-11-02,11,1166
2023-11-02,12,1172
2023-11-02,13,1204
2023-11-02,14,1289
2023-11-02,15,1379
2023-11-02,16,1440
2023-11-02,17,1542
2023-11-02,18,1394
2023-11-02,19,1306
2023-11-02,20,1087
2023-11-02,21,849
2023-11-02,22,614
2023-11-02,23,480
2023-11-03,0,327
2023-11-03,1,155
2023-11-03,2,105
2023-11-03,3,77
2023-11-03,4,111
2023-11-03,5,187
2023-11-03,6,363
2023-11-03,7,613
2023-11-03,8,934
2023-11-03,9,972
2023-11-03,10,1082
2023-11-03,11,1209
2023-11-03,12,1269
2023-11-03,13,1276
2023-11-03,14,1336
2023-11-03,15,1334
2023-11-03,16,1382
2023-11-03,17,1461
2023-11-03,18,1420
2023-11-03,19,1204
2023-11-03,20,905
2023-11-03,21,785
2023-11-03,22,708
2023-11-03,23,458
2023-11-04,0,392
2023-11-04,1,259
2023-11-04,2,177
2023-11-04,3,130
2023-11-04,4,128
2023-11-04,5,123
2023-11-04,6,182
2023-11-04,7,222
2023-11-04,8,373
2023-11-04,9,592
2023-11-04,10,742
2023-11-04,11,826
2023-11-04,12,819
2023-11-04,13,891
2023-11-04,14,865
2023-11-04,15,948
2023-11-04,16,966
2023-11-04,17,1071
2023-11-04,18,1138
2023-11-04,19,993
2023-11-04,20,769
2023-11-04,21,698
2023-11-04,22,675
2023-11-04,23,531
2023-11-05,0,371
2023-11-05,1,511
2023-11-05,2,149
2023-11-05,3,108
2023-11-05,4,156
2023-11-05,5,185
2023-11-05,6,327
2023-11-05,7,352
2023-11-05,8,465
2023-11-05,9,661
2023-11-05,10,867
2023-11-05,11,989
2023-11-05,12,933
2023-11-05,13,1009
2023-11-05,14,979
2023-11-05,15,941
2023-11-05,16,947
2023-11-05,17,961
2023-11-05,18,905
2023-11-05,19,873
2023-11-05,20,833
2023-11-05,21,602
2023-11-05,22,474
2023-11-05,23,351
2023-11-06,0,336
2023-11-06,1,152
2023-11-06,2,67
2023-11-06,3,60
2023-11-06,4,111
2023-11-06,5,224
2023-11-06,6,424
2023-11-06,7,808
2023-11-06,8,1158
2023-11-06,9,1254
2023-11-06,10,1200
2023-11-06,11,1185
2023-11-06,12,1260
2023-11-06,13,1258
2023-11-06,14,1256
2023-11-06,15,1317
2023-11-06,16,1395
2023-11-06,17,1486
2023-11-06,18,1358
2023-11-06,19,1101
2023-11-06,20,976
2023-11-06,21,674
2023-11-06,22,394
2023-11-06,23,326
2023-11-07,0,221
2023-11-07,1,106
2023-11-07,2,55
2023-11-07,3,45
2023-11-07,4,110
2023-11-07,5,178
2023-11-07,6,388
2023-11-07,7,856
2023-11-07,8,1341
2023-11-07,9,1370
2023-11-07,10,1197
2023-11-07,11,1231
2023-11-07,12,1265
2023-11-07,13,1288
2023-11-07,14,1286
2023-11-07,15,1373
2023-11-07,16,1488
2023-11-07,17,1601
2023-11-07,18,1375
2023-11-07,19,1222
2023-11-07,20,983
2023-11-07,21,735
2023-11-07,22,529
2023-11-07,23,362
2023-11-08,0,193
2023-11-08,1,90
2023-11-08,2,51
2023-11-08,3,47
2023-11-08,4,109
2023-11-08,5,213
2023-11-08,6,416
2023-11-08,7,885
2023-11-08,8,1372
2023-11-08,9,1505
2023-11-08,10,1362
2023-11-08,11,1327
2023-11-08,12,1419
2023-11-08,13,1445
2023-11-08,14,1441
2023-11-08,15,1432
2023-11-08,16,1656
2023-11-08,17,1697
2023-11-08,18,1554
2023-11-08,19,1293
2023-11-08,20,1090
2023-11-08,21,830
2023-11-08,22,561
2023-11-08,23,401
2023-11-09,0,197
2023-11-09,1,110
2023-11-09,2,64
2023-11-09,3,56
2023-11-09,4,136
2023-11-09,5,235
2023-11-09,6,448
2023-11-09,7,829
2023-11-09,8,1195
2023-11-09,9,1285
2023-11-09,10,1166
2023-11-09,11,1326
2023-11-09,12,1419
2023-11-09,13,1449
2023-11-09,14,1551
2023-11-09,15,1565
2023-11-09,16,1533
2023-11-09,17,1438
2023-11-09,18,1398
2023-11-09,19,1294
2023-11-09,20,1140
2023-11-09,21,954
2023-11-09,22,844
2023-11-09,23,710
2023-11-10,0,432
2023-11-10,1,203
2023-11-10,2,84
2023-11-10,3,92
2023-11-10,4,144
2023-11-10,5,227
2023-11-10,6,372
2023-11-10,7,605
2023-11-10,8,856
2023-11-10,9,947
2023-11-10,10,963
2023-11-10,11,1113
2023-11-10,12,1177
2023-11-10,13,1286
2023-11-10,14,1315
2023-11-10,15,1303
2023-11-10,16,1322
2023-11-10,17,1330
2023-11-10,18,1284
2023-11-10,19,1220
2023-11-10,20,950
2023-11-10,21,656
2023-11-10,22,590
2023-11-10,23,466
2023-11-11,0,383
2023-11-11,1,247
2023-11-11,2,182
2023-11-11,3,127
2023-11-11,4,100
2023-11-11,5,122
2023-11-11,6,217
2023-11-11,7,299
2023-11-11,8,395
2023-11-11,9,539
2023-11-11,10,666
2023-11-11,11,761
2023-11-11,12,800
2023-11-11,13,891
2023-11-11,14,920
2023-11-11,15,936
2023-11-11,16,933
2023-11-11,17,1020
2023-11-11,18,889
2023-11-11,19,823
2023-11-11,20,657
2023-11-11,21,591
2023-11-11,22,506
2023-11-11,23,488
2023-11-12,0,363
2023-11-12,1,243
2023-11-12,2,216
2023-11-12,3,132
2023-11-12,4,118
2023-11-12,5,163
2023-11-12,6,253
2023-11-12,7,375
2023-11-12,8,424
2023-11-12,9,579
2023-11-12,10,760
2023-11-12,11,848
2023-11-12,12,993
2023-11-12,13,1053
2023-11-12,14,1023
2023-11-12,15,956
2023-11-12,16,884
2023-11-12,17,1038
2023-11-12,18,919
2023-11-12,19,870
2023-11-12,20,902
2023-11-12,21,610
2023-11-12,22,463
2023-11-12,23,396
2023-11-13,0,310
2023-11-13,1,132
2023-11-13,2,59
2023-11-13,3,57
2023-11-13,4,135
2023-11-13,5,208
2023-11-13,6,471
2023-11-13,7,838
2023-11-13,8,1242
2023-11-13,9,1264
2023-11-13,10,1222
2023-11-13,11,1225
2023-11-13,12,1299
2023-11-13,13,1362
2023-11-13,14,1361
2023-11-13,15,1338
2023-11-13,16,1329
2023-11-13,17,1430
2023-11-13,18,1268
2023-11-13,19,1101
2023-11-13,20,870
2023-11-13,21,615
2023-11-13,22,491
2023-11-13,23,381
2023-11-14,0,262
2023-11-14,1,117
2023-11-14,2,50
2023-11-14,3,47
2023-11-14,4,103
2023-11-14,5,180
2023-11-14,6,375
2023-11-14,7,868
2023-11-14,8,1340
2023-11-14,9,1350
2023-11-14,10,1160
2023-11-14,11,1181
2023-11-14,12,1307
2023-11-14,13,1330
2023-11-14,14,1233
2023-11-14,15,1322
2023-11-14,16,1384
2023-11-14,17,1531
2023-11-14,18,1419
2023-11-14,19,1149
2023-11-14,20,907
2023-11-14,21,673
2023-11-14,22,521
2023-11-14,23,391
2023-11-15,0,254
2023-11-15,1,106
2023-11-15,2,52
2023-11-15,3,50
2023-11-15,4,127
2023-11-15,5,178
2023-11-15,6,470
2023-11-15,7,796
2023-11-15,8,1121
2023-11-15,9,1316
2023-11-15,10,1213
2023-11-15,11,1289
2023-11-15,12,1422
2023-11-15,13,1518
2023-11-15,14,1330
2023-11-15,15,1450
2023-11-15,16,1430
2023-11-15,17,1500
2023-11-15,18,1402
2023-11-15,19,1275
2023-11-15,20,989
2023-11-15,21,695
2023-11-15,22,610
2023-11-15,23,366
2023-11-16,0,241
2023-11-16,1,132
2023-11-16,2,63
2023-11-16,3,58
2023-11-16,4,103
2023-11-16,5,211
2023-11-16,6,446
2023-11-16,7,846
2023-11-16,8,1260
2023-11-16,9,1259
2023-11-16,10,1127
2023-11-16,11,1196
2023-11-16,12,1306
2023-11-16,13,1438
2023-11-16,14,1514
2023-11-16,15,1470
2023-11-16,16,1502
2023-11-16,17,1497
2023-11-16,18,1443
2023-11-16,19,1404
2023-11-16,20,1083
2023-11-16,21,839
2023-11-16,22,695
2023-11-16,23,445
2023-11-17,0,312
2023-11-17,1,163
2023-11-17,2,79
2023-11-17,3,66
2023-11-17,4,125
2023-11-17,5,196
2023-11-17,6,395
2023-11-17,7,637
2023-11-17,8,978
2023-11-17,9,1098
2023-11-17,10,1068
2023-11-17,11,1112
2023-11-17,12,1173
2023-11-17,13,1232
2023-11-17,14,1299
2023-11-17,15,1382
2023-11-17,16,1388
2023-11-17,17,1501
2023-11-17,18,1331
2023-11-17,19,1125
2023-11-17,20,984
2023-11-17,21,768
2023-11-17,22,640
2023-11-17,23,526
2023-11-18,0,384
2023-11-18,1,250
2023-11-18,2,219
2023-11-18,3,135
2023-11-18,4,136
2023-11-18,5,141
2023-11-18,6,197
2023-11-18,7,267
2023-11-18,8,379
2023-11-18,9,523
2023-11-18,10,710
2023-11-18,11,827
2023-11-18,12,792
2023-11-18,13,938
2023-11-18,14,869
2023-11-18,15,815
2023-11-18,16,726
2023-11-18,17,742
2023-11-18,18,688
2023-11-18,19,665
2023-11-18,20,629
2023-11-18,21,537
2023-11-18,22,538
2023-11-18,23,449
2023-11-19,0,348
2023-11-19,1,256
2023-11-19,2,205
2023-11-19,3,124
2023-11-19,4,133
2023-11-19,5,151
2023-11-19,6,259
2023-11-19,7,277
2023-11-19,8,378
2023-11-19,9,505
2023-11-19,10,570
2023-11-19,11,682
2023-11-19,12,771
2023-11-19,13,733
2023-11-19,14,637
2023-11-19,15,629
2023-11-19,16,667
2023-11-19,17,755
2023-11-19,18,604
2023-11-19,19,579
2023-11-19,20,555
2023-11-19,21,362
2023-11-19,22,296
2023-11-19,23,198
2023-11-20,0,169
2023-11-20,1,88
2023-11-20,2,57
2023-11-20,3,67
2023-11-20,4,101
2023-11-20,5,170
2023-11-20,6,309
2023-11-20,7,586
2023-11-20,8,800
2023-11-20,9,924
2023-11-20,10,904
2023-11-20,11,951
2023-11-20,12,960
2023-11-20,13,953
2023-11-20,14,960
2023-11-20,15,1044
2023-11-20,16,1077
2023-11-20,17,1179
2023-11-20,18,975
2023-11-20,19,701
2023-11-20,20,548
2023-11-20,21,431
2023-11-20,22,311
2023-11-20,23,217
2023-11-21,0,174
2023-11-21,1,85
2023-11-21,2,58
2023-11-21,3,49
2023-11-21,4,96
2023-11-21,5,168
2023-11-21,6,358
2023-11-21,7,594
2023-11-21,8,865
2023-11-21,9,955
2023-11-21,10,862
2023-11-21,11,903
2023-11-21,12,1028
2023-11-21,13,1115
2023-11-21,14,1086
2023-11-21,15,1108
2023-11-21,16,1119
2023-11-21,17,1151
2023-11-21,18,877
2023-11-21,19,775
2023-11-21,20,579
2023-11-21,21,444
2023-11-21,22,356
2023-11-21,23,248
2023-11-22,0,163
2023-11-22,1,104
2023-11-22,2,51
2023-11-22,3,54
2023-11-22,4,91
2023-11-22,5,178
2023-11-22,6,275
2023-11-22,7,428
2023-11-22,8,641
2023-11-22,9,743
2023-11-22,10,805
2023-11-22,11,867
2023-11-22,12,971
2023-11-22,13,1017
2023-11-22,14,1085
2023-11-22,15,1047
2023-11-22,16,985
2023-11-22,17,882
2023-11-22,18,704
2023-11-22,19,699
2023-11-22,20,521
2023-11-22,21,400
2023-11-22,22,293
2023-11-22,23,244
2023-11-23,0,276
2023-11-23,1,199
2023-11-23,2,123
2023-11-23,3,104
2023-11-23,4,89
2023-11-23,5,108
2023-11-23,6,128
2023-11-23,7,203
2023-11-23,8,221
2023-11-23,9,328
2023-11-23,10,364
2023-11-23,11,405
2023-11-23,12,485
2023-11-23,13,496
2023-11-23,14,590
2023-11-23,15,533
2023-11-23,16,473
2023-11-23,17,500
2023-11-23,18,374
2023-11-23,19,328
2023-11-23,20,281
2023-11-23,21,233
2023-11-23,22,203
2023-11-23,23,119
2023-11-24,0,79
2023-11-24,1,42
2023-11-24,2,28
2023-11-24,3,30
2023-11-24,4,57
2023-11-24,5,76
2023-11-24,6,145
2023-11-24,7,229
2023-11-24,8,377
2023-11-24,9,527
2023-11-24,10,604
2023-11-24,11,760
2023-11-24,12,876
2023-11-24,13,868
2023-11-24,14,909
2023-11-24,15,944
2023-11-24,16,907
2023-11-24,17,954
2023-11-24,18,954
2023-11-24,19,886
2023-11-24,20,726
2023-11-24,21,550
2023-11-24,22,475
2023-11-24,23,370
2023-11-25,0,274
2023-11-25,1,155
2023-11-25,2,112
2023-11-25,3,78
2023-11-25,4,84
2023-11-25,5,124
2023-11-25,6,163
2023-11-25,7,265
2023-11-25,8,466
2023-11-25,9,647
2023-11-25,10,700
2023-11-25,11,803
2023-11-25,12,1023
2023-11-25,13,1119
2023-11-25,14,1094
2023-11-25,15,1081
2023-11-25,16,1150
2023-11-25,17,1172
2023-11-25,18,1207
2023-11-25,19,1111
2023-11-25,20,923
2023-11-25,21,667
2023-11-25,22,594
2023-11-25,23,400
2023-11-26,0,333
2023-11-26,1,259
2023-11-26,2,143
2023-11-26,3,89
2023-11-26,4,96
2023-11-26,5,158
2023-11-26,6,220
2023-11-26,7,306
2023-11-26,8,613
2023-11-26,9,783
2023-11-26,10,764
2023-11-26,11,817
2023-11-26,12,968
2023-11-26,13,1031
2023-11-26,14,917
2023-11-26,15,1020
2023-11-26,16,1033
2023-11-26,17,1162
2023-11-26,18,1273
2023-11-26,19,1150
2023-11-26,20,1080
2023-11-26,21,764
2023-11-26,22,565
2023-11-26,23,476
2023-11-27,0,409
2023-11-27,1,238
2023-11-27,2,118
2023-11-27,3,70
2023-11-27,4,112
2023-11-27,5,182
2023-11-27,6,400
2023-11-27,7,796
2023-11-27,8,1207
2023-11-27,9,1404
2023-11-27,10,1309
2023-11-27,11,1228
2023-11-27,12,1256
2023-11-27,13,1338
2023-11-27,14,1335
2023-11-27,15,1453
2023-11-27,16,1455
2023-11-27,17,1608
2023-11-27,18,1565
2023-11-27,19,1472
2023-11-27,20,1085
2023-11-27,21,818
2023-11-27,22,579
2023-11-27,23,386
2023-11-28,0,277
2023-11-28,1,151
2023-11-28,2,72
2023-11-28,3,56
2023-11-28,4,97
2023-11-28,5,159
2023-11-28,6,414
2023-11-28,7,933
2023-11-28,8,1392
2023-11-28,9,1463
2023-11-28,10,1346
2023-11-28,11,1399
2023-11-28,12,1305
2023-11-28,13,1401
2023-11-28,14,1426
2023-11-28,15,1491
2023-11-28,16,1812
2023-11-28,17,1855
2023-11-28,18,1662
2023-11-28,19,1510
2023-11-28,20,1004
2023-11-28,21,754
2023-11-28,22,628
2023-11-28,23,407
2023-11-29,0,281
2023-11-29,1,153
2023-11-29,2,70
2023-11-29,3,59
2023-11-29,4,93
2023-11-29,5,183
2023-11-29,6,439
2023-11-29,7,978
2023-11-29,8,1316
2023-11-29,9,1469
2023-11-29,10,1317
2023-11-29,11,1355
2023-11-29,12,1417
2023-11-29,13,1469
2023-11-29,14,1466
2023-11-29,15,1479
2023-11-29,16,1475
2023-11-29,17,1539
2023-11-29,18,1370
2023-11-29,19,1270
2023-11-29,20,891
2023-11-29,21,604
2023-11-29,22,502
2023-11-29,23,301
2023-11-30,0,232
2023-11-30,1,132
2023-11-30,2,72
2023-11-30,3,44
2023-11-30,4,111
2023-11-30,5,213
2023-11-30,6,448
2023-11-30,7,903
2023-11-30,8,1177
2023-11-30,9,1229
2023-11-30,10,1179
2023-11-30,11,1272
2023-11-30,12,1239
2023-11-30,13,1328
2023-11-30,14,1414
2023-11-30,15,1312
2023-11-30,16,1412
2023-11-30,17,1536
2023-11-30,18,1355
2023-11-30,19,1200
2023-11-30,20,917
2023-11-30,21,772
2023-11-30,22,634
2023-11-30,23,401
2023-12-01,0,263
2023-12-01,1,129
2023-12-01,2,69
2023-12-01,3,66
2023-12-01,4,102
2023-12-01,5,173
2023-12-01,6,379
2023-12-01,7,782
2023-12-01,8,1064
2023-12-01,9,1133
2023-12-01,10,1145
2023-12-01,11,1149
2023-12-01,12,1220
2023-12-01,13,1231
2023-12-01,14,1313
2023-12-01,15,1368
2023-12-01,16,1334
2023-12-01,17,1527
2023-12-01,18,1418
2023-12-01,19,1118
2023-12-01,20,864
2023-12-01,21,636
2023-12-01,22,595
2023-12-01,23,477
2023-12-02,0,363
2023-12-02,1,243
2023-12-02,2,193
2023-12-02,3,124
2023-12-02,4,104
2023-12-02,5,97
2023-12-02,6,155
2023-12-02,7,221
2023-12-02,8,312
2023-12-02,9,498
2023-12-02,10,644
2023-12-02,11,738
2023-12-02,12,763
2023-12-02,13,853
2023-12-02,14,857
2023-12-02,15,873
2023-12-02,16,862
2023-12-02,17,947
2023-12-02,18,974
2023-12-02,19,853
2023-12-02,20,665
2023-12-02,21,522
2023-12-02,22,560
2023-12-02,23,561
2023-12-03,0,381
2023-12-03,1,320
2023-12-03,2,241
2023-12-03,3,135
2023-12-03,4,138
2023-12-03,5,122
2023-12-03,6,187
2023-12-03,7,205
2023-12-03,8,342
2023-12-03,9,468
2023-12-03,10,623
2023-12-03,11,669
2023-12-03,12,766
2023-12-03,13,811
2023-12-03,14,736
2023-12-03,15,710
2023-12-03,16,774
2023-12-03,17,757
2023-12-03,18,698
2023-12-03,19,646
2023-12-03,20,626
2023-12-03,21,477
2023-12-03,22,409
2023-12-03,23,303
2023-12-04,0,198
2023-12-04,1,106
2023-12-04,2,52
2023-12-04,3,50
2023-12-04,4,94
2023-12-04,5,172
2023-12-04,6,379
2023-12-04,7,656
2023-12-04,8,933
2023-12-04,9,1063
2023-12-04,10,1029
2023-12-04,11,987
2023-12-04,12,1137
2023-12-04,13,1215
2023-12-04,14,1076
2023-12-04,15,1177
2023-12-04,16,1187
2023-12-04,17,1143
2023-12-04,18,982
2023-12-04,19,858
2023-12-04,20,752
2023-12-04,21,530
2023-12-04,22,316
2023-12-04,23,243
2023-12-05,0,180
2023-12-05,1,98
2023-12-05,2,58
2023-12-05,3,38
2023-12-05,4,73
2023-12-05,5,142
2023-12-05,6,335
2023-12-05,7,809
2023-12-05,8,1331
2023-12-05,9,1391
2023-12-05,10,1157
2023-12-05,11,1143
2023-12-05,12,1230
2023-12-05,13,1245
2023-12-05,14,1246
2023-12-05,15,1343
2023-12-05,16,1356
2023-12-05,17,1460
2023-12-05,18,1394
2023-12-05,19,1025
2023-12-05,20,801
2023-12-05,21,621
2023-12-05,22,532
2023-12-05,23,320
2023-12-06,0,157
2023-12-06,1,83
2023-12-06,2,45
2023-12-06,3,33
2023-12-06,4,84
2023-12-06,5,144
2023-12-06,6,348
2023-12-06,7,847
2023-12-06,8,1289
2023-12-06,9,1352
2023-12-06,10,1146
2023-12-06,11,1159
2023-12-06,12,1264
2023-12-06,13,1292
2023-12-06,14,1270
2023-12-06,15,1363
2023-12-06,16,1477
2023-12-06,17,1540
2023-12-06,18,1425
2023-12-06,19,1222
2023-12-06,20,974
2023-12-06,21,830
2023-12-06,22,614
2023-12-06,23,356
2023-12-07,0,241
2023-12-07,1,83
2023-12-07,2,33
2023-12-07,3,41
2023-12-07,4,99
2023-12-07,5,164
2023-12-07,6,347
2023-12-07,7,783
2023-12-07,8,1161
2023-12-07,9,1284
2023-12-07,10,1141
2023-12-07,11,1260
2023-12-07,12,1269
2023-12-07,13,1366
2023-12-07,14,1401
2023-12-07,15,1395
2023-12-07,16,1482
2023-12-07,17,1598
2023-12-07,18,1576
2023-12-07,19,1360
2023-12-07,20,1126
2023-12-07,21,917
2023-12-07,22,785
2023-12-07,23,532
2023-12-08,0,328
2023-12-08,1,189
2023-12-08,2,108
2023-12-08,3,76
2023-12-08,4,109
2023-12-08,5,171
2023-12-08,6,319
2023-12-08,7,582
2023-12-08,8,938
2023-12-08,9,1062
2023-12-08,10,1127
2023-12-08,11,1196
2023-12-08,12,1216
2023-12-08,13,1331
2023-12-08,14,1296
2023-12-08,15,1420
2023-12-08,16,1387
2023-12-08,17,1473
2023-12-08,18,1498
2023-12-08,19,1244
2023-12-08,20,897
2023-12-08,21,700
2023-12-08,22,681
2023-12-08,23,598
2023-12-09,0,407
2023-12-09,1,269
2023-12-09,2,192
2023-12-09,3,132
2023-12-09,4,104
2023-12-09,5,82
2023-12-09,6,166
2023-12-09,7,210
2023-12-09,8,307
2023-12-09,9,514
2023-12-09,10,675
2023-12-09,11,751
2023-12-09,12,870
2023-12-09,13,840
2023-12-09,14,918
2023-12-09,15,946
2023-12-09,16,1004
2023-12-09,17,1066
2023-12-09,18,1082
2023-12-09,19,1032
2023-12-09,20,755
2023-12-09,21,671
2023-12-09,22,696
2023-12-09,23,558
2023-12-10,0,414
2023-12-10,1,277
2023-12-10,2,192
2023-12-10,3,150
2023-12-10,4,116
2023-12-10,5,115
2023-12-10,6,189
2023-12-10,7,233
2023-12-10,8,349
2023-12-10,9,551
2023-12-10,10,759
2023-12-10,11,812
2023-12-10,12,725
2023-12-10,13,745
2023-12-10,14,726
2023-12-10,15,858
2023-12-10,16,930
2023-12-10,17,934
2023-12-10,18,716
2023-12-10,19,700
2023-12-10,20,739
2023-12-10,21,485
2023-12-10,22,361
2023-12-10,23,261
2023-12-11,0,184
2023-12-11,1,134
2023-12-11,2,69
2023-12-11,3,52
2023-12-11,4,98
2023-12-11,5,177
2023-12-11,6,375
2023-12-11,7,674
2023-12-11,8,946
2023-12-11,9,1137
2023-12-11,10,1038
2023-12-11,11,1010
2023-12-11,12,1032
2023-12-11,13,1065
2023-12-11,14,1118
2023-12-11,15,1176
2023-12-11,16,1186
2023-12-11,17,1291
2023-12-11,18,1100
2023-12-11,19,916
2023-12-11,20,774
2023-12-11,21,468
2023-12-11,22,317
2023-12-11,23,238
2023-12-12,0,173
2023-12-12,1,88
2023-12-12,2,50
2023-12-12,3,40
2023-12-12,4,76
2023-12-12,5,152
2023-12-12,6,329
2023-12-12,7,789
2023-12-12,8,1315
2023-12-12,9,1351
2023-12-12,10,1139
2023-12-12,11,1203
2023-12-12,12,1203
2023-12-12,13,1245
2023-12-12,14,1169
2023-12-12,15,1222
2023-12-12,16,1333
2023-12-12,17,1461
2023-12-12,18,1314
2023-12-12,19,1097
2023-12-12,20,845
2023-12-12,21,646
2023-12-12,22,487
2023-12-12,23,310
2023-12-13,0,204
2023-12-13,1,86
2023-12-13,2,57
2023-12-13,3,46
2023-12-13,4,76
2023-12-13,5,155
2023-12-13,6,338
2023-12-13,7,807
2023-12-13,8,1261
2023-12-13,9,1312
2023-12-13,10,1136
2023-12-13,11,1190
2023-12-13,12,1182
2023-12-13,13,1284
2023-12-13,14,1273
2023-12-13,15,1316
2023-12-13,16,1511
2023-12-13,17,1593
2023-12-13,18,1475
2023-12-13,19,1261
2023-12-13,20,962
2023-12-13,21,713
2023-12-13,22,609
2023-12-13,23,410
2023-12-14,0,237
2023-12-14,1,129
2023-12-14,2,53
2023-12-14,3,43
2023-12-14,4,74
2023-12-14,5,155
2023-12-14,6,353
2023-12-14,7,778
2023-12-14,8,1218
2023-12-14,9,1202
2023-12-14,10,1063
2023-12-14,11,1111
2023-12-14,12,1241
2023-12-14,13,1282
2023-12-14,14,1287
2023-12-14,15,1338
2023-12-14,16,1429
2023-12-14,17,1548
2023-12-14,18,1389
2023-12-14,19,1356
2023-12-14,20,1079
2023-12-14,21,926
2023-12-14,22,852
2023-12-14,23,613
2023-12-15,0,358
2023-12-15,1,207
2023-12-15,2,97
2023-12-15,3,81
2023-12-15,4,101
2023-12-15,5,171
2023-12-15,6,340
2023-12-15,7,572
2023-12-15,8,874
2023-12-15,9,924
2023-12-15,10,1020
2023-12-15,11,1010
2023-12-15,12,1112
2023-12-15,13,1138
2023-12-15,14,1212
2023-12-15,15,1164
2023-12-15,16,1269
2023-12-15,17,1414
2023-12-15,18,1407
2023-12-15,19,1223
2023-12-15,20,865
2023-12-15,21,749
2023-12-15,22,663
2023-12-15,23,475
2023-12-16,0,416
2023-12-16,1,318
2023-12-16,2,212
2023-12-16,3,138
2023-12-16,4,83
2023-12-16,5,98
2023-12-16,6,138
2023-12-16,7,201
2023-12-16,8,267
2023-12-16,9,473
2023-12-16,10,645
2023-12-16,11,792
2023-12-16,12,822
2023-12-16,13,837
2023-12-16,14,823
2023-12-16,15,981
2023-12-16,16,1006
2023-12-16,17,947
2023-12-16,18,957
2023-12-16,19,946
2023-12-16,20,662
2023-12-16,21,569
2023-12-16,22,545
2023-12-16,23,462
2023-12-17,0,417
2023-12-17,1,266
2023-12-17,2,196
2023-12-17,3,133
2023-12-17,4,125
2023-12-17,5,108
2023-12-17,6,153
2023-12-17,7,181
2023-12-17,8,252
2023-12-17,9,398
2023-12-17,10,577
2023-12-17,11,615
2023-12-17,12,634
2023-12-17,13,650
2023-12-17,14,666
2023-12-17,15,729
2023-12-17,16,745
2023-12-17,17,762
2023-12-17,18,670
2023-12-17,19,603
2023-12-17,20,507
2023-12-17,21,417
2023-12-17,22,301
2023-12-17,23,223
2023-12-18,0,160
2023-12-18,1,83
2023-12-18,2,51
2023-12-18,3,64
2023-12-18,4,86
2023-12-18,5,170
2023-12-18,6,267
2023-12-18,7,610
2023-12-18,8,929
2023-12-18,9,926
2023-12-18,10,941
2023-12-18,11,969
2023-12-18,12,991
2023-12-18,13,1046
2023-12-18,14,973
2023-12-18,15,1032
2023-12-18,16,1117
2023-12-18,17,1174
2023-12-18,18,940
2023-12-18,19,726
2023-12-18,20,579
2023-12-18,21,389
2023-12-18,22,328
2023-12-18,23,229
2023-12-19,0,155
2023-12-19,1,80
2023-12-19,2,51
2023-12-19,3,53
2023-12-19,4,78
2023-12-19,5,153
2023-12-19,6,320
2023-12-19,7,680
2023-12-19,8,1034
2023-12-19,9,1140
2023-12-19,10,1011
2023-12-19,11,1108
2023-12-19,12,1126
2023-12-19,13,1214
2023-12-19,14,1171
2023-12-19,15,1297
2023-12-19,16,1291
2023-12-19,17,1347
2023-12-19,18,1136
2023-12-19,19,900
2023-12-19,20,682
2023-12-19,21,556
2023-12-19,22,491
2023-12-19,23,257
2023-12-20,0,182
2023-12-20,1,97
2023-12-20,2,52
2023-12-20,3,51
2023-12-20,4,88
2023-12-20,5,148
2023-12-20,6,289
2023-12-20,7,644
2023-12-20,8,955
2023-12-20,9,1132
2023-12-20,10,1019
2023-12-20,11,1068
2023-12-20,12,1072
2023-12-20,13,1131
2023-12-20,14,1112
2023-12-20,15,1223
2023-12-20,16,1363
2023-12-20,17,1356
2023-12-20,18,1161
2023-12-20,19,1009
2023-12-20,20,791
2023-12-20,21,645
2023-12-20,22,479
2023-12-20,23,292
2023-12-21,0,196
2023-12-21,1,120
2023-12-21,2,60
2023-12-21,3,63
2023-12-21,4,81
2023-12-21,5,151
2023-12-21,6,293
2023-12-21,7,566
2023-12-21,8,838
2023-12-21,9,901
2023-12-21,10,944
2023-12-21,11,1049
2023-12-21,12,1152
2023-12-21,13,1126
2023-12-21,14,1189
2023-12-21,15,1261
2023-12-21,16,1321
2023-12-21,17,1349
2023-12-21,18,1177
2023-12-21,19,882
2023-12-21,20,684
2023-12-21,21,608
2023-12-21,22,542
2023-12-21,23,376
2023-12-22,0,258
2023-12-22,1,154
2023-12-22,2,88
2023-12-22,3,89
2023-12-22,4,122
2023-12-22,5,170
2023-12-22,6,268
2023-12-22,7,402
2023-12-22,8,585
2023-12-22,9,735
2023-12-22,10,813
2023-12-22,11,909
2023-12-22,12,1073
2023-12-22,13,1037
2023-12-22,14,1052
2023-12-22,15,1124
2023-12-22,16,1171
2023-12-22,17,1173
2023-12-22,18,1024
2023-12-22,19,852
2023-12-22,20,636
2023-12-22,21,568
2023-12-22,22,523
2023-12-22,23,316
2023-12-23,0,257
2023-12-23,1,195
2023-12-23,2,136
2023-12-23,3,106
2023-12-23,4,133
2023-12-23,5,150
2023-12-23,6,191
2023-12-23,7,221
2023-12-23,8,282
2023-12-23,9,433
2023-12-23,10,536
2023-12-23,11,649
2023-12-23,12,633
2023-12-23,13,663
2023-12-23,14,691
2023-12-23,15,699
2023-12-23,16,677
2023-12-23,17,678
2023-12-23,18,606
2023-12-23,19,588
2023-12-23,20,470
2023-12-23,21,434
2023-12-23,22,398
2023-12-23,23,258
2023-12-24,0,190
2023-12-24,1,108
2023-12-24,2,87
2023-12-24,3,94
2023-12-24,4,105
2023-12-24,5,124
2023-12-24,6,152
2023-12-24,7,211
2023-12-24,8,254
2023-12-24,9,315
2023-12-24,10,429
2023-12-24,11,436
2023-12-24,12,434
2023-12-24,13,530
2023-12-24,14,594
2023-12-24,15,529
2023-12-24,16,559
2023-12-24,17,535
2023-12-24,18,540
2023-12-24,19,489
2023-12-24,20,335
2023-12-24,21,267
2023-12-24,22,195
2023-12-24,23,164
2023-12-25,0,88
2023-12-25,1,83
2023-12-25,2,42
2023-12-25,3,40
2023-12-25,4,37
2023-12-25,5,68
2023-12-25,6,92
2023-12-25,7,135
2023-12-25,8,147
2023-12-25,9,198
2023-12-25,10,234
2023-12-25,11,257
2023-12-25,12,347
2023-12-25,13,335
2023-12-25,14,347
2023-12-25,15,360
2023-12-25,16,381
2023-12-25,17,379
2023-12-25,18,336
2023-12-25,19,340
2023-12-25,20,327
2023-12-25,21,221
2023-12-25,22,179
2023-12-25,23,156
2023-12-26,0,108
2023-12-26,1,56
2023-12-26,2,48
2023-12-26,3,48
2023-12-26,4,62
2023-12-26,5,107
2023-12-26,6,163
2023-12-26,7,303
2023-12-26,8,425
2023-12-26,9,553
2023-12-26,10,589
2023-12-26,11,669
2023-12-26,12,730
2023-12-26,13,770
2023-12-26,14,757
2023-12-26,15,825
2023-12-26,16,819
2023-12-26,17,846
2023-12-26,18,814
2023-12-26,19,677
2023-12-26,20,522
2023-12-26,21,429
2023-12-26,22,331
2023-12-26,23,217
2023-12-27,0,180
2023-12-27,1,91
2023-12-27,2,65
2023-12-27,3,58
2023-12-27,4,57
2023-12-27,5,108
2023-12-27,6,196
2023-12-27,7,387
2023-12-27,8,582
2023-12-27,9,688
2023-12-27,10,754
2023-12-27,11,861
2023-12-27,12,893
2023-12-27,13,1031
2023-12-27,14,932
2023-12-27,15,955
2023-12-27,16,993
2023-12-27,17,1029
2023-12-27,18,879
2023-12-27,19,719
2023-12-27,20,686
2023-12-27,21,458
2023-12-27,22,365
2023-12-27,23,301
2023-12-28,0,226
2023-12-28,1,106
2023-12-28,2,62
2023-12-28,3,62
2023-12-28,4,58
2023-12-28,5,124
2023-12-28,6,218
2023-12-28,7,367
2023-12-28,8,563
2023-12-28,9,644
2023-12-28,10,762
2023-12-28,11,858
2023-12-28,12,928
2023-12-28,13,1057
2023-12-28,14,1086
2023-12-28,15,1025
2023-12-28,16,1072
2023-12-28,17,1114
2023-12-28,18,951
2023-12-28,19,803
2023-12-28,20,613
2023-12-28,21,509
2023-12-28,22,409
2023-12-28,23,304
2023-12-29,0,230
2023-12-29,1,137
2023-12-29,2,97
2023-12-29,3,87
2023-12-29,4,81
2023-12-29,5,109
2023-12-29,6,214
2023-12-29,7,383
2023-12-29,8,502
2023-12-29,9,710
2023-12-29,10,808
2023-12-29,11,832
2023-12-29,12,892
2023-12-29,13,936
2023-12-29,14,1011
2023-12-29,15,1023
2023-12-29,16,939
2023-12-29,17,920
2023-12-29,18,847
2023-12-29,19,792
2023-12-29,20,710
2023-12-29,21,573
2023-12-29,22,395
2023-12-29,23,301
2023-12-30,0,230
2023-12-30,1,217
2023-12-30,2,148
2023-12-30,3,99
2023-12-30,4,97
2023-12-30,5,112
2023-12-30,6,125
2023-12-30,7,144
2023-12-30,8,265
2023-12-30,9,413
2023-12-30,10,553
2023-12-30,11,669
2023-12-30,12,680
2023-12-30,13,791
2023-12-30,14,756
2023-12-30,15,798
2023-12-30,16,764
2023-12-30,17,840
2023-12-30,18,852
2023-12-30,19,719
2023-12-30,20,696
2023-12-30,21,533
2023-12-30,22,433
2023-12-30,23,351
2023-12-31,0,283
2023-12-31,1,184
2023-12-31,2,132
2023-12-31,3,101
2023-12-31,4,85
2023-12-31,5,93
2023-12-31,6,124
2023-12-31,7,178
2023-12-31,8,270
2023-12-31,9,403
2023-12-31,10,580
2023-12-31,11,615
2023-12-31,12,562
2023-12-31,13,626
2023-12-31,14,650
2023-12-31,15,733
2023-12-31,16,723
2023-12-31,17,780
2023-12-31,18,803
2023-12-31,19,864
2023-12-31,20,781
2023-12-31,21,573
2023-12-31,22,459
2023-12-31,23,381
