day,hour,num_trips
2024-01-01,0,462
2024-01-01,1,522
2024-01-01,2,490
2024-01-01,3,269
2024-01-01,4,150
2024-01-01,5,115
2024-01-01,6,126
2024-01-01,7,117
2024-01-01,8,161
2024-01-01,9,257
2024-01-01,10,324
2024-01-01,11,458
2024-01-01,12,503
2024-01-01,13,583
2024-01-01,14,587
2024-01-01,15,531
2024-01-01,16,570
2024-01-01,17,580
2024-01-01,18,543
2024-01-01,19,586
2024-01-01,20,621
2024-01-01,21,408
2024-01-01,22,322
2024-01-01,23,226
2024-01-02,0,215
2024-01-02,1,110
2024-01-02,2,47
2024-01-02,3,36
2024-01-02,4,53
2024-01-02,5,136
2024-01-02,6,294
2024-01-02,7,466
2024-01-02,8,661
2024-01-02,9,729
2024-01-02,10,790
2024-01-02,11,769
2024-01-02,12,837
2024-01-02,13,929
2024-01-02,14,871
2024-01-02,15,874
2024-01-02,16,908
2024-01-02,17,942
2024-01-02,18,769
2024-01-02,19,707
2024-01-02,20,587
2024-01-02,21,479
2024-01-02,22,350
2024-01-02,23,248
2024-01-03,0,231
2024-01-03,1,130
2024-01-03,2,59
2024-01-03,3,49
2024-01-03,4,47
2024-01-03,5,115
2024-01-03,6,249
2024-01-03,7,510
2024-01-03,8,809
2024-01-03,9,870
2024-01-03,10,845
2024-01-03,11,873
2024-01-03,12,859
2024-01-03,13,930
2024-01-03,14,939
2024-01-03,15,947
2024-01-03,16,1021
2024-01-03,17,981
2024-01-03,18,822
2024-01-03,19,698
2024-01-03,20,589
2024-01-03,21,376
2024-01-03,22,250
2024-01-03,23,250
2024-01-04,0,242
2024-01-04,1,112
2024-01-04,2,45
2024-01-04,3,34
2024-01-04,4,47
2024-01-04,5,125
2024-01-04,6,252
2024-01-04,7,513
2024-01-04,8,768
2024-01-04,9,851
2024-01-04,10,790
2024-01-04,11,829
2024-01-04,12,927
2024-01-04,13,1007
2024-01-04,14,994
2024-01-04,15,1024
2024-01-04,16,986
2024-01-04,17,1074
2024-01-04,18,844
2024-01-04,19,758
2024-01-04,20,644
2024-01-04,21,376
2024-01-04,22,328
2024-01-04,23,255
2024-01-05,0,187
2024-01-05,1,90
2024-01-05,2,59
2024-01-05,3,51
2024-01-05,4,63
2024-01-05,5,101
2024-01-05,6,212
2024-01-05,7,403
2024-01-05,8,626
2024-01-05,9,739
2024-01-05,10,743
2024-01-05,11,805
2024-01-05,12,828
2024-01-05,13,908
2024-01-05,14,916
2024-01-05,15,967
2024-01-05,16,951
2024-01-05,17,978
2024-01-05,18,816
2024-01-05,19,782
2024-01-05,20,623
2024-01-05,21,434
2024-01-05,22,388
2024-01-05,23,283
2024-01-06,0,227
2024-01-06,1,169
2024-01-06,2,89
2024-01-06,3,71
2024-01-06,4,70
2024-01-06,5,68
2024-01-06,6,123
2024-01-06,7,172
2024-01-06,8,230
2024-01-06,9,414
2024-01-06,10,531
2024-01-06,11,545
2024-01-06,12,586
2024-01-06,13,589
2024-01-06,14,637
2024-01-06,15,654
2024-01-06,16,647
2024-01-06,17,647
2024-01-06,18,586
2024-01-06,19,610
2024-01-06,20,504
2024-01-06,21,408
2024-01-06,22,397
2024-01-06,23,316
2024-01-07,0,269
2024-01-07,1,235
2024-01-07,2,148
2024-01-07,3,80
2024-01-07,4,75
2024-01-07,5,77
2024-01-07,6,147
2024-01-07,7,200
2024-01-07,8,250
2024-01-07,9,400
2024-01-07,10,449
2024-01-07,11,504
2024-01-07,12,552
2024-01-07,13,603
2024-01-07,14,615
2024-01-07,15,599
2024-01-07,16,548
2024-01-07,17,531
2024-01-07,18,548
2024-01-07,19,513
2024-01-07,20,493
2024-01-07,21,458
2024-01-07,22,260
2024-01-07,23,232
2024-01-08,0,239
2024-01-08,1,111
2024-01-08,2,53
2024-01-08,3,48
2024-01-08,4,63
2024-01-08,5,161
2024-01-08,6,302
2024-01-08,7,577
2024-01-08,8,822
2024-01-08,9,932
2024-01-08,10,877
2024-01-08,11,889
2024-01-08,12,867
2024-01-08,13,971
2024-01-08,14,903
2024-01-08,15,889
2024-01-08,16,973
2024-01-08,17,968
2024-01-08,18,823
2024-01-08,19,692
2024-01-08,20,603
2024-01-08,21,370
2024-01-08,22,306
2024-01-08,23,217
2024-01-09,0,178
2024-01-09,1,72
2024-01-09,2,60
2024-01-09,3,55
2024-01-09,4,60
2024-01-09,5,138
2024-01-09,6,268
2024-01-09,7,662
2024-01-09,8,968
2024-01-09,9,993
2024-01-09,10,908
2024-01-09,11,894
2024-01-09,12,904
2024-01-09,13,984
2024-01-09,14,938
2024-01-09,15,980
2024-01-09,16,1020
2024-01-09,17,1045
2024-01-09,18,834
2024-01-09,19,636
2024-01-09,20,563
2024-01-09,21,513
2024-01-09,22,460
2024-01-09,23,242
2024-01-10,0,177
2024-01-10,1,98
2024-01-10,2,52
2024-01-10,3,58
2024-01-10,4,78
2024-01-10,5,144
2024-01-10,6,260
2024-01-10,7,664
2024-01-10,8,1085
2024-01-10,9,1067
2024-01-10,10,896
2024-01-10,11,895
2024-01-10,12,947
2024-01-10,13,1084
2024-01-10,14,1032
2024-01-10,15,1035
2024-01-10,16,1119
2024-01-10,17,1156
2024-01-10,18,962
2024-01-10,19,909
2024-01-10,20,699
2024-01-10,21,499
2024-01-10,22,326
2024-01-10,23,246
2024-01-11,0,152
2024-01-11,1,71
2024-01-11,2,54
2024-01-11,3,41
2024-01-11,4,72
2024-01-11,5,141
2024-01-11,6,287
2024-01-11,7,662
2024-01-11,8,1069
2024-01-11,9,1124
2024-01-11,10,973
2024-01-11,11,1031
2024-01-11,12,980
2024-01-11,13,1006
2024-01-11,14,1063
2024-01-11,15,1144
2024-01-11,16,1242
2024-01-11,17,1328
2024-01-11,18,1131
2024-01-11,19,1054
2024-01-11,20,864
2024-01-11,21,524
2024-01-11,22,426
2024-01-11,23,309
2024-01-12,0,196
2024-01-12,1,91
2024-01-12,2,60
2024-01-12,3,66
2024-01-12,4,66
2024-01-12,5,139
2024-01-12,6,267
2024-01-12,7,378
2024-01-12,8,466
2024-01-12,9,571
2024-01-12,10,578
2024-01-12,11,636
2024-01-12,12,657
2024-01-12,13,778
2024-01-12,14,802
2024-01-12,15,858
2024-01-12,16,739
2024-01-12,17,651
2024-01-12,18,678
2024-01-12,19,535
2024-01-12,20,438
2024-01-12,21,365
2024-01-12,22,343
2024-01-12,23,247
2024-01-13,0,205
2024-01-13,1,141
2024-01-13,2,86
2024-01-13,3,85
2024-01-13,4,64
2024-01-13,5,90
2024-01-13,6,140
2024-01-13,7,166
2024-01-13,8,238
2024-01-13,9,376
2024-01-13,10,471
2024-01-13,11,503
2024-01-13,12,598
2024-01-13,13,613
2024-01-13,14,600
2024-01-13,15,646
2024-01-13,16,634
2024-01-13,17,620
2024-01-13,18,834
2024-01-13,19,631
2024-01-13,20,465
2024-01-13,21,455
2024-01-13,22,574
2024-01-13,23,441
2024-01-14,0,339
2024-01-14,1,246
2024-01-14,2,140
2024-01-14,3,88
2024-01-14,4,70
2024-01-14,5,58
2024-01-14,6,134
2024-01-14,7,195
2024-01-14,8,231
2024-01-14,9,305
2024-01-14,10,450
2024-01-14,11,525
2024-01-14,12,527
2024-01-14,13,465
2024-01-14,14,514
2024-01-14,15,518
2024-01-14,16,533
2024-01-14,17,509
2024-01-14,18,511
2024-01-14,19,459
2024-01-14,20,409
2024-01-14,21,416
2024-01-14,22,466
2024-01-14,23,428
2024-01-15,0,332
2024-01-15,1,241
2024-01-15,2,137
2024-01-15,3,81
2024-01-15,4,60
2024-01-15,5,117
2024-01-15,6,191
2024-01-15,7,312
2024-01-15,8,416
2024-01-15,9,553
2024-01-15,10,605
2024-01-15,11,655
2024-01-15,12,648
2024-01-15,13,649
2024-01-15,14,702
2024-01-15,15,759
2024-01-15,16,755
2024-01-15,17,773
2024-01-15,18,631
2024-01-15,19,618
2024-01-15,20,568
2024-01-15,21,527
2024-01-15,22,426
2024-01-15,23,299
2024-01-16,0,221
2024-01-16,1,193
2024-01-16,2,128
2024-01-16,3,89
2024-01-16,4,61
2024-01-16,5,148
2024-01-16,6,314
2024-01-16,7,582
2024-01-16,8,878
2024-01-16,9,892
2024-01-16,10,872
2024-01-16,11,823
2024-01-16,12,867
2024-01-16,13,805
2024-01-16,14,844
2024-01-16,15,889
2024-01-16,16,948
2024-01-16,17,1064
2024-01-16,18,881
2024-01-16,19,725
2024-01-16,20,579
2024-01-16,21,394
2024-01-16,22,369
2024-01-16,23,293
2024-01-17,0,207
2024-01-17,1,146
2024-01-17,2,67
2024-01-17,3,54
2024-01-17,4,65
2024-01-17,5,143
2024-01-17,6,327
2024-01-17,7,775
2024-01-17,8,1193
2024-01-17,9,1178
2024-01-17,10,1026
2024-01-17,11,912
2024-01-17,12,950
2024-01-17,13,1004
2024-01-17,14,1013
2024-01-17,15,1149
2024-01-17,16,1232
2024-01-17,17,1370
2024-01-17,18,1096
2024-01-17,19,881
2024-01-17,20,674
2024-01-17,21,545
2024-01-17,22,330
2024-01-17,23,287
2024-01-18,0,190
2024-01-18,1,59
2024-01-18,2,29
2024-01-18,3,34
2024-01-18,4,44
2024-01-18,5,140
2024-01-18,6,333
2024-01-18,7,674
2024-01-18,8,1058
2024-01-18,9,1085
2024-01-18,10,940
2024-01-18,11,946
2024-01-18,12,944
2024-01-18,13,947
2024-01-18,14,1048
2024-01-18,15,1215
2024-01-18,16,1230
2024-01-18,17,1344
2024-01-18,18,1172
2024-01-18,19,1062
2024-01-18,20,832
2024-01-18,21,604
2024-01-18,22,494
2024-01-18,23,353
2024-01-19,0,229
2024-01-19,1,86
2024-01-19,2,37
2024-01-19,3,39
2024-01-19,4,55
2024-01-19,5,148
2024-01-19,6,306
2024-01-19,7,581
2024-01-19,8,850
2024-01-19,9,899
2024-01-19,10,784
2024-01-19,11,841
2024-01-19,12,925
2024-01-19,13,953
2024-01-19,14,929
2024-01-19,15,1128
2024-01-19,16,1186
2024-01-19,17,1327
2024-01-19,18,1298
2024-01-19,19,1125
2024-01-19,20,758
2024-01-19,21,649
2024-01-19,22,569
2024-01-19,23,500
2024-01-20,0,342
2024-01-20,1,226
2024-01-20,2,122
2024-01-20,3,74
2024-01-20,4,63
2024-01-20,5,77
2024-01-20,6,136
2024-01-20,7,184
2024-01-20,8,282
2024-01-20,9,420
2024-01-20,10,551
2024-01-20,11,616
2024-01-20,12,672
2024-01-20,13,762
2024-01-20,14,811
2024-01-20,15,811
2024-01-20,16,777
2024-01-20,17,867
2024-01-20,18,1007
2024-01-20,19,867
2024-01-20,20,631
2024-01-20,21,550
2024-01-20,22,535
2024-01-20,23,434
2024-01-21,0,323
2024-01-21,1,232
2024-01-21,2,167
2024-01-21,3,88
2024-01-21,4,97
2024-01-21,5,78
2024-01-21,6,149
2024-01-21,7,199
2024-01-21,8,335
2024-01-21,9,493
2024-01-21,10,636
2024-01-21,11,771
2024-01-21,12,843
2024-01-21,13,897
2024-01-21,14,958
2024-01-21,15,915
2024-01-21,16,938
2024-01-21,17,996
2024-01-21,18,1010
2024-01-21,19,886
2024-01-21,20,813
2024-01-21,21,588
2024-01-21,22,409
2024-01-21,23,339
2024-01-22,0,220
2024-01-22,1,116
2024-01-22,2,47
2024-01-22,3,48
2024-01-22,4,56
2024-01-22,5,160
2024-01-22,6,329
2024-01-22,7,702
2024-01-22,8,1210
2024-01-22,9,1292
2024-01-22,10,1175
2024-01-22,11,1130
2024-01-22,12,1170
2024-01-22,13,1179
2024-01-22,14,1209
2024-01-22,15,1220
2024-01-22,16,1326
2024-01-22,17,1415
2024-01-22,18,1359
2024-01-22,19,1210
2024-01-22,20,857
2024-01-22,21,606
2024-01-22,22,418
2024-01-22,23,330
2024-01-23,0,194
2024-01-23,1,99
2024-01-23,2,47
2024-01-23,3,51
2024-01-23,4,75
2024-01-23,5,148
2024-01-23,6,403
2024-01-23,7,767
2024-01-23,8,1107
2024-01-23,9,1315
2024-01-23,10,1137
2024-01-23,11,1200
2024-01-23,12,1354
2024-01-23,13,1281
2024-01-23,14,1247
2024-01-23,15,1279
2024-01-23,16,1318
2024-01-23,17,1362
2024-01-23,18,1297
2024-01-23,19,1115
2024-01-23,20,806
2024-01-23,21,534
2024-01-23,22,391
2024-01-23,23,238
2024-01-24,0,144
2024-01-24,1,50
2024-01-24,2,42
2024-01-24,3,66
2024-01-24,4,94
2024-01-24,5,193
2024-01-24,6,404
2024-01-24,7,722
2024-01-24,8,1011
2024-01-24,9,1177
2024-01-24,10,1213
2024-01-24,11,1271
2024-01-24,12,1352
2024-01-24,13,1296
2024-01-24,14,1337
2024-01-24,15,1341
2024-01-24,16,1366
2024-01-24,17,1363
2024-01-24,18,1192
2024-01-24,19,1109
2024-01-24,20,807
2024-01-24,21,623
2024-01-24,22,399
2024-01-24,23,286
2024-01-25,0,154
2024-01-25,1,62
2024-01-25,2,30
2024-01-25,3,56
2024-01-25,4,101
2024-01-25,5,172
2024-01-25,6,400
2024-01-25,7,754
2024-01-25,8,1003
2024-01-25,9,1065
2024-01-25,10,1066
2024-01-25,11,1065
2024-01-25,12,1111
2024-01-25,13,1131
2024-01-25,14,1203
2024-01-25,15,1218
2024-01-25,16,1278
2024-01-25,17,1305
2024-01-25,18,1234
2024-01-25,19,1157
2024-01-25,20,1003
2024-01-25,21,790
2024-01-25,22,566
2024-01-25,23,343
2024-01-26,0,224
2024-01-26,1,128
2024-01-26,2,61
2024-01-26,3,46
2024-01-26,4,84
2024-01-26,5,157
2024-01-26,6,291
2024-01-26,7,528
2024-01-26,8,792
2024-01-26,9,871
2024-01-26,10,903
2024-01-26,11,945
2024-01-26,12,1027
2024-01-26,13,1071
2024-01-26,14,1139
2024-01-26,15,1204
2024-01-26,16,1201
2024-01-26,17,1263
2024-01-26,18,1298
2024-01-26,19,994
2024-01-26,20,704
2024-01-26,21,536
2024-01-26,22,454
2024-01-26,23,377
2024-01-27,0,294
2024-01-27,1,223
2024-01-27,2,124
2024-01-27,3,95
2024-01-27,4,77
2024-01-27,5,86
2024-01-27,6,133
2024-01-27,7,192
2024-01-27,8,231
2024-01-27,9,383
2024-01-27,10,443
2024-01-27,11,556
2024-01-27,12,594
2024-01-27,13,683
2024-01-27,14,645
2024-01-27,15,628
2024-01-27,16,693
2024-01-27,17,655
2024-01-27,18,745
2024-01-27,19,652
2024-01-27,20,521
2024-01-27,21,517
2024-01-27,22,412
2024-01-27,23,410
2024-01-28,0,281
2024-01-28,1,212
2024-01-28,2,145
2024-01-28,3,93
2024-01-28,4,102
2024-01-28,5,75
2024-01-28,6,129
2024-01-28,7,168
2024-01-28,8,233
2024-01-28,9,370
2024-01-28,10,431
2024-01-28,11,490
2024-01-28,12,569
2024-01-28,13,551
2024-01-28,14,633
2024-01-28,15,639
2024-01-28,16,611
2024-01-28,17,619
2024-01-28,18,638
2024-01-28,19,632
2024-01-28,20,573
2024-01-28,21,528
2024-01-28,22,276
2024-01-28,23,292
2024-01-29,0,240
2024-01-29,1,64
2024-01-29,2,39
2024-01-29,3,53
2024-01-29,4,72
2024-01-29,5,151
2024-01-29,6,288
2024-01-29,7,586
2024-01-29,8,904
2024-01-29,9,1030
2024-01-29,10,919
2024-01-29,11,899
2024-01-29,12,980
2024-01-29,13,943
2024-01-29,14,922
2024-01-29,15,979
2024-01-29,16,1000
2024-01-29,17,1031
2024-01-29,18,927
2024-01-29,19,678
2024-01-29,20,625
2024-01-29,21,405
2024-01-29,22,396
2024-01-29,23,253
2024-01-30,0,155
2024-01-30,1,75
2024-01-30,2,35
2024-01-30,3,32
2024-01-30,4,61
2024-01-30,5,121
2024-01-30,6,314
2024-01-30,7,725
2024-01-30,8,1055
2024-01-30,9,1046
2024-01-30,10,929
2024-01-30,11,956
2024-01-30,12,930
2024-01-30,13,980
2024-01-30,14,997
2024-01-30,15,1078
2024-01-30,16,1099
2024-01-30,17,1171
2024-01-30,18,1006
2024-01-30,19,866
2024-01-30,20,589
2024-01-30,21,440
2024-01-30,22,356
2024-01-30,23,235
2024-01-31,0,116
2024-01-31,1,57
2024-01-31,2,23
2024-01-31,3,43
2024-01-31,4,68
2024-01-31,5,120
2024-01-31,6,311
2024-01-31,7,708
2024-01-31,8,1095
2024-01-31,9,1026
2024-01-31,10,902
2024-01-31,11,962
2024-01-31,12,1077
2024-01-31,13,1038
2024-01-31,14,1077
2024-01-31,15,1074
2024-01-31,16,1157
2024-01-31,17,1240
2024-01-31,18,1149
2024-01-31,19,944
2024-01-31,20,750
2024-01-31,21,553
2024-01-31,22,377
2024-01-31,23,248
2024-02-01,0,168
2024-02-01,1,79
2024-02-01,2,42
2024-02-01,3,42
2024-02-01,4,87
2024-02-01,5,151
2024-02-01,6,342
2024-02-01,7,726
2024-02-01,8,1071
2024-02-01,9,1050
2024-02-01,10,962
2024-02-01,11,1021
2024-02-01,12,1027
2024-02-01,13,1058
2024-02-01,14,1140
2024-02-01,15,1165
2024-02-01,16,1285
2024-02-01,17,1418
2024-02-01,18,1126
2024-02-01,19,1122
2024-02-01,20,932
2024-02-01,21,645
2024-02-01,22,444
2024-02-01,23,270
2024-02-02,0,218
2024-02-02,1,156
2024-02-02,2,60
2024-02-02,3,60
2024-02-02,4,82
2024-02-02,5,129
2024-02-02,6,316
2024-02-02,7,563
2024-02-02,8,771
2024-02-02,9,877
2024-02-02,10,886
2024-02-02,11,874
2024-02-02,12,988
2024-02-02,13,1045
2024-02-02,14,1084
2024-02-02,15,1031
2024-02-02,16,1059
2024-02-02,17,1127
2024-02-02,18,1025
2024-02-02,19,890
2024-02-02,20,753
2024-02-02,21,515
2024-02-02,22,361
2024-02-02,23,294
2024-02-03,0,316
2024-02-03,1,209
2024-02-03,2,113
2024-02-03,3,98
2024-02-03,4,74
2024-02-03,5,95
2024-02-03,6,135
2024-02-03,7,151
2024-02-03,8,311
2024-02-03,9,460
2024-02-03,10,520
2024-02-03,11,626
2024-02-03,12,609
2024-02-03,13,668
2024-02-03,14,667
2024-02-03,15,636
2024-02-03,16,726
2024-02-03,17,707
2024-02-03,18,688
2024-02-03,19,733
2024-02-03,20,590
2024-02-03,21,476
2024-02-03,22,466
2024-02-03,23,383
2024-02-04,0,279
2024-02-04,1,216
2024-02-04,2,159
2024-02-04,3,95
2024-02-04,4,80
2024-02-04,5,74
2024-02-04,6,138
2024-02-04,7,172
2024-02-04,8,281
2024-02-04,9,399
2024-02-04,10,488
2024-02-04,11,511
2024-02-04,12,555
2024-02-04,13,562
2024-02-04,14,642
2024-02-04,15,623
2024-02-04,16,712
2024-02-04,17,664
2024-02-04,18,688
2024-02-04,19,684
2024-02-04,20,665
2024-02-04,21,439
2024-02-04,22,348
2024-02-04,23,262
2024-02-05,0,221
2024-02-05,1,94
2024-02-05,2,65
2024-02-05,3,52
2024-02-05,4,69
2024-02-05,5,174
2024-02-05,6,326
2024-02-05,7,605
2024-02-05,8,881
2024-02-05,9,1041
2024-02-05,10,978
2024-02-05,11,1000
2024-02-05,12,1020
2024-02-05,13,991
2024-02-05,14,1002
2024-02-05,15,1107
2024-02-05,16,1058
2024-02-05,17,1072
2024-02-05,18,1019
2024-02-05,19,817
2024-02-05,20,663
2024-02-05,21,443
2024-02-05,22,339
2024-02-05,23,230
2024-02-06,0,170
2024-02-06,1,85
2024-02-06,2,37
2024-02-06,3,45
2024-02-06,4,64
2024-02-06,5,147
2024-02-06,6,328
2024-02-06,7,714
2024-02-06,8,1093
2024-02-06,9,1227
2024-02-06,10,994
2024-02-06,11,971
2024-02-06,12,1039
2024-02-06,13,1075
2024-02-06,14,1032
2024-02-06,15,1073
2024-02-06,16,1265
2024-02-06,17,1196
2024-02-06,18,1059
2024-02-06,19,873
2024-02-06,20,586
2024-02-06,21,481
2024-02-06,22,343
2024-02-06,23,270
2024-02-07,0,128
2024-02-07,1,44
2024-02-07,2,26
2024-02-07,3,45
2024-02-07,4,76
2024-02-07,5,140
2024-02-07,6,311
2024-02-07,7,680
2024-02-07,8,1072
2024-02-07,9,1085
2024-02-07,10,963
2024-02-07,11,1014
2024-02-07,12,1003
2024-02-07,13,1089
2024-02-07,14,1042
2024-02-07,15,1083
2024-02-07,16,1194
2024-02-07,17,1246
2024-02-07,18,1070
2024-02-07,19,904
2024-02-07,20,700
2024-02-07,21,506
2024-02-07,22,325
2024-02-07,23,260
2024-02-08,0,145
2024-02-08,1,62
2024-02-08,2,43
2024-02-08,3,34
2024-02-08,4,70
2024-02-08,5,151
2024-02-08,6,315
2024-02-08,7,665
2024-02-08,8,1035
2024-02-08,9,1041
2024-02-08,10,953
2024-02-08,11,1012
2024-02-08,12,1027
2024-02-08,13,1048
2024-02-08,14,1132
2024-02-08,15,1113
2024-02-08,16,1241
2024-02-08,17,1359
2024-02-08,18,1210
2024-02-08,19,959
2024-02-08,20,769
2024-02-08,21,703
2024-02-08,22,603
2024-02-08,23,397
2024-02-09,0,192
2024-02-09,1,78
2024-02-09,2,62
2024-02-09,3,65
2024-02-09,4,87
2024-02-09,5,147
2024-02-09,6,263
2024-02-09,7,509
2024-02-09,8,728
2024-02-09,9,860
2024-02-09,10,789
2024-02-09,11,839
2024-02-09,12,906
2024-02-09,13,1010
2024-02-09,14,1070
2024-02-09,15,991
2024-02-09,16,1020
2024-02-09,17,1110
2024-02-09,18,1095
2024-02-09,19,954
2024-02-09,20,647
2024-02-09,21,572
2024-02-09,22,492
2024-02-09,23,435
2024-02-10,0,263
2024-02-10,1,215
2024-02-10,2,127
2024-02-10,3,101
2024-02-10,4,86
2024-02-10,5,104
2024-02-10,6,127
2024-02-10,7,179
2024-02-10,8,246
2024-02-10,9,423
2024-02-10,10,488
2024-02-10,11,594
2024-02-10,12,585
2024-02-10,13,626
2024-02-10,14,669
2024-02-10,15,648
2024-02-10,16,700
2024-02-10,17,748
2024-02-10,18,771
2024-02-10,19,666
2024-02-10,20,542
2024-02-10,21,425
2024-02-10,22,415
2024-02-10,23,351
2024-02-11,0,271
2024-02-11,1,194
2024-02-11,2,136
2024-02-11,3,111
2024-02-11,4,81
2024-02-11,5,71
2024-02-11,6,133
2024-02-11,7,189
2024-02-11,8,263
2024-02-11,9,381
2024-02-11,10,441
2024-02-11,11,519
2024-02-11,12,568
2024-02-11,13,595
2024-02-11,14,641
2024-02-11,15,630
2024-02-11,16,739
2024-02-11,17,788
2024-02-11,18,609
2024-02-11,19,640
2024-02-11,20,518
2024-02-11,21,392
2024-02-11,22,512
2024-02-11,23,290
2024-02-12,0,140
2024-02-12,1,76
2024-02-12,2,38
2024-02-12,3,57
2024-02-12,4,86
2024-02-12,5,174
2024-02-12,6,322
2024-02-12,7,596
2024-02-12,8,938
2024-02-12,9,1049
2024-02-12,10,910
2024-02-12,11,912
2024-02-12,12,895
2024-02-12,13,978
2024-02-12,14,980
2024-02-12,15,995
2024-02-12,16,987
2024-02-12,17,1027
2024-02-12,18,898
2024-02-12,19,826
2024-02-12,20,643
2024-02-12,21,484
2024-02-12,22,359
2024-02-12,23,293
2024-02-13,0,186
2024-02-13,1,89
2024-02-13,2,37
2024-02-13,3,37
2024-02-13,4,59
2024-02-13,5,138
2024-02-13,6,296
2024-02-13,7,702
2024-02-13,8,1096
2024-02-13,9,1117
2024-02-13,10,932
2024-02-13,11,960
2024-02-13,12,985
2024-02-13,13,1058
2024-02-13,14,1033
2024-02-13,15,1073
2024-02-13,16,1191
2024-02-13,17,1248
2024-02-13,18,1207
2024-02-13,19,968
2024-02-13,20,683
2024-02-13,21,512
2024-02-13,22,427
2024-02-13,23,286
2024-02-14,0,140
2024-02-14,1,54
2024-02-14,2,31
2024-02-14,3,45
2024-02-14,4,76
2024-02-14,5,148
2024-02-14,6,348
2024-02-14,7,712
2024-02-14,8,1138
2024-02-14,9,1189
2024-02-14,10,1030
2024-02-14,11,1095
2024-02-14,12,1215
2024-02-14,13,1167
2024-02-14,14,1145
2024-02-14,15,1235
2024-02-14,16,1354
2024-02-14,17,1339
2024-02-14,18,1249
2024-02-14,19,1089
2024-02-14,20,794
2024-02-14,21,534
2024-02-14,22,426
2024-02-14,23,279
2024-02-15,0,122
2024-02-15,1,85
2024-02-15,2,36
2024-02-15,3,37
2024-02-15,4,76
2024-02-15,5,162
2024-02-15,6,378
2024-02-15,7,735
2024-02-15,8,1166
2024-02-15,9,1104
2024-02-15,10,1001
2024-02-15,11,1062
2024-02-15,12,1092
2024-02-15,13,1109
2024-02-15,14,1104
2024-02-15,15,1093
2024-02-15,16,1188
2024-02-15,17,1312
2024-02-15,18,1303
2024-02-15,19,1145
2024-02-15,20,855
2024-02-15,21,670
2024-02-15,22,567
2024-02-15,23,389
2024-02-16,0,198
2024-02-16,1,92
2024-02-16,2,61
2024-02-16,3,51
2024-02-16,4,76
2024-02-16,5,137
2024-02-16,6,281
2024-02-16,7,505
2024-02-16,8,792
2024-02-16,9,945
2024-02-16,10,927
2024-02-16,11,937
2024-02-16,12,1010
2024-02-16,13,1051
2024-02-16,14,1095
2024-02-16,15,1099
2024-02-16,16,1105
2024-02-16,17,1114
2024-02-16,18,1109
2024-02-16,19,959
2024-02-16,20,766
2024-02-16,21,551
2024-02-16,22,484
2024-02-16,23,421
2024-02-17,0,274
2024-02-17,1,192
2024-02-17,2,153
2024-02-17,3,110
2024-02-17,4,87
2024-02-17,5,114
2024-02-17,6,133
2024-02-17,7,214
2024-02-17,8,296
2024-02-17,9,505
2024-02-17,10,608
2024-02-17,11,703
2024-02-17,12,830
2024-02-17,13,858
2024-02-17,14,841
2024-02-17,15,732
2024-02-17,16,775
2024-02-17,17,820
2024-02-17,18,863
2024-02-17,19,833
2024-02-17,20,622
2024-02-17,21,545
2024-02-17,22,458
2024-02-17,23,348
2024-02-18,0,337
2024-02-18,1,196
2024-02-18,2,169
2024-02-18,3,136
2024-02-18,4,107
2024-02-18,5,97
2024-02-18,6,161
2024-02-18,7,189
2024-02-18,8,279
2024-02-18,9,419
2024-02-18,10,558
2024-02-18,11,622
2024-02-18,12,698
2024-02-18,13,699
2024-02-18,14,702
2024-02-18,15,686
2024-02-18,16,741
2024-02-18,17,695
2024-02-18,18,719
2024-02-18,19,639
2024-02-18,20,492
2024-02-18,21,374
2024-02-18,22,304
2024-02-18,23,270
2024-02-19,0,191
2024-02-19,1,120
2024-02-19,2,51
2024-02-19,3,53
2024-02-19,4,63
2024-02-19,5,112
2024-02-19,6,239
2024-02-19,7,412
2024-02-19,8,607
2024-02-19,9,745
2024-02-19,10,800
2024-02-19,11,853
2024-02-19,12,816
2024-02-19,13,951
2024-02-19,14,1027
2024-02-19,15,912
2024-02-19,16,870
2024-02-19,17,874
2024-02-19,18,902
2024-02-19,19,802
2024-02-19,20,668
2024-02-19,21,420
2024-02-19,22,355
2024-02-19,23,304
2024-02-20,0,198
2024-02-20,1,63
2024-02-20,2,41
2024-02-20,3,57
2024-02-20,4,62
2024-02-20,5,160
2024-02-20,6,306
2024-02-20,7,749
2024-02-20,8,1134
2024-02-20,9,1210
2024-02-20,10,989
2024-02-20,11,1081
2024-02-20,12,1025
2024-02-20,13,1026
2024-02-20,14,1095
2024-02-20,15,1108
2024-02-20,16,1195
2024-02-20,17,1184
2024-02-20,18,1051
2024-02-20,19,859
2024-02-20,20,702
2024-02-20,21,499
2024-02-20,22,386
2024-02-20,23,272
2024-02-21,0,165
2024-02-21,1,64
2024-02-21,2,36
2024-02-21,3,39
2024-02-21,4,73
2024-02-21,5,183
2024-02-21,6,343
2024-02-21,7,779
2024-02-21,8,1157
2024-02-21,9,1127
2024-02-21,10,1101
2024-02-21,11,1165
2024-02-21,12,1197
2024-02-21,13,1202
2024-02-21,14,1216
2024-02-21,15,1256
2024-02-21,16,1463
2024-02-21,17,1423
2024-02-21,18,1308
2024-02-21,19,1116
2024-02-21,20,852
2024-02-21,21,680
2024-02-21,22,452
2024-02-21,23,299
2024-02-22,0,187
2024-02-22,1,72
2024-02-22,2,40
2024-02-22,3,44
2024-02-22,4,80
2024-02-22,5,160
2024-02-22,6,400
2024-02-22,7,853
2024-02-22,8,1253
2024-02-22,9,1332
2024-02-22,10,1163
2024-02-22,11,1145
2024-02-22,12,1230
2024-02-22,13,1211
2024-02-22,14,1247
2024-02-22,15,1252
2024-02-22,16,1426
2024-02-22,17,1545
2024-02-22,18,1622
2024-02-22,19,1335
2024-02-22,20,1066
2024-02-22,21,729
2024-02-22,22,573
2024-02-22,23,325
2024-02-23,0,242
2024-02-23,1,128
2024-02-23,2,55
2024-02-23,3,59
2024-02-23,4,89
2024-02-23,5,180
2024-02-23,6,320
2024-02-23,7,673
2024-02-23,8,1006
2024-02-23,9,1040
2024-02-23,10,981
2024-02-23,11,1039
2024-02-23,12,1081
2024-02-23,13,1209
2024-02-23,14,1311
2024-02-23,15,1290
2024-02-23,16,1354
2024-02-23,17,1591
2024-02-23,18,1635
2024-02-23,19,1463
2024-02-23,20,924
2024-02-23,21,714
2024-02-23,22,702
2024-02-23,23,494
2024-02-24,0,314
2024-02-24,1,187
2024-02-24,2,130
2024-02-24,3,106
2024-02-24,4,84
2024-02-24,5,95
2024-02-24,6,208
2024-02-24,7,288
2024-02-24,8,458
2024-02-24,9,592
2024-02-24,10,726
2024-02-24,11,833
2024-02-24,12,815
2024-02-24,13,822
2024-02-24,14,884
2024-02-24,15,871
2024-02-24,16,946
2024-02-24,17,951
2024-02-24,18,1049
2024-02-24,19,937
2024-02-24,20,727
2024-02-24,21,635
2024-02-24,22,560
2024-02-24,23,517
2024-02-25,0,385
2024-02-25,1,258
2024-02-25,2,162
2024-02-25,3,115
2024-02-25,4,116
2024-02-25,5,154
2024-02-25,6,202
2024-02-25,7,264
2024-02-25,8,396
2024-02-25,9,564
2024-02-25,10,626
2024-02-25,11,711
2024-02-25,12,667
2024-02-25,13,754
2024-02-25,14,733
2024-02-25,15,744
2024-02-25,16,710
2024-02-25,17,796
2024-02-25,18,772
2024-02-25,19,699
2024-02-25,20,692
2024-02-25,21,467
2024-02-25,22,380
2024-02-25,23,349
2024-02-26,0,231
2024-02-26,1,74
2024-02-26,2,45
2024-02-26,3,44
2024-02-26,4,72
2024-02-26,5,214
2024-02-26,6,362
2024-02-26,7,627
2024-02-26,8,916
2024-02-26,9,1012
2024-02-26,10,1001
2024-02-26,11,953
2024-02-26,12,967
2024-02-26,13,1018
2024-02-26,14,1081
2024-02-26,15,1047
2024-02-26,16,1121
2024-02-26,17,1049
2024-02-26,18,981
2024-02-26,19,868
2024-02-26,20,746
2024-02-26,21,485
2024-02-26,22,340
2024-02-26,23,269
2024-02-27,0,214
2024-02-27,1,123
2024-02-27,2,44
2024-02-27,3,34
2024-02-27,4,78
2024-02-27,5,153
2024-02-27,6,302
2024-02-27,7,756
2024-02-27,8,1181
2024-02-27,9,1152
2024-02-27,10,915
2024-02-27,11,999
2024-02-27,12,966
2024-02-27,13,1021
2024-02-27,14,1101
2024-02-27,15,1111
2024-02-27,16,1160
2024-02-27,17,1196
2024-02-27,18,1047
2024-02-27,19,853
2024-02-27,20,650
2024-02-27,21,515
2024-02-27,22,524
2024-02-27,23,451
2024-02-28,0,331
2024-02-28,1,182
2024-02-28,2,84
2024-02-28,3,51
2024-02-28,4,78
2024-02-28,5,154
2024-02-28,6,352
2024-02-28,7,849
2024-02-28,8,1275
2024-02-28,9,1230
2024-02-28,10,1101
2024-02-28,11,1105
2024-02-28,12,1129
2024-02-28,13,1144
2024-02-28,14,1113
2024-02-28,15,1221
2024-02-28,16,1294
2024-02-28,17,1444
2024-02-28,18,1312
2024-02-28,19,1032
2024-02-28,20,870
2024-02-28,21,651
2024-02-28,22,467
2024-02-28,23,361
2024-02-29,0,229
2024-02-29,1,96
2024-02-29,2,38
2024-02-29,3,39
2024-02-29,4,91
2024-02-29,5,169
2024-02-29,6,370
2024-02-29,7,814
2024-02-29,8,1121
2024-02-29,9,1123
2024-02-29,10,984
2024-02-29,11,1085
2024-02-29,12,1093
2024-02-29,13,1165
2024-02-29,14,1195
2024-02-29,15,1312
2024-02-29,16,1321
2024-02-29,17,1433
2024-02-29,18,1319
2024-02-29,19,1215
2024-02-29,20,978
2024-02-29,21,708
2024-02-29,22,582
2024-02-29,23,454
2024-03-01,0,272
2024-03-01,1,120
2024-03-01,2,60
2024-03-01,3,67
2024-03-01,4,103
2024-03-01,5,174
2024-03-01,6,348
2024-03-01,7,593
2024-03-01,8,876
2024-03-01,9,1040
2024-03-01,10,935
2024-03-01,11,1008
2024-03-01,12,1087
2024-03-01,13,1143
2024-03-01,14,1189
2024-03-01,15,1199
2024-03-01,16,1175
2024-03-01,17,1191
2024-03-01,18,1132
2024-03-01,19,916
2024-03-01,20,773
2024-03-01,21,551
2024-03-01,22,463
2024-03-01,23,381
2024-03-02,0,291
2024-03-02,1,170
2024-03-02,2,120
2024-03-02,3,102
2024-03-02,4,92
2024-03-02,5,88
2024-03-02,6,146
2024-03-02,7,223
2024-03-02,8,303
2024-03-02,9,449
2024-03-02,10,583
2024-03-02,11,616
2024-03-02,12,714
2024-03-02,13,728
2024-03-02,14,749
2024-03-02,15,692
2024-03-02,16,727
2024-03-02,17,805
2024-03-02,18,933
2024-03-02,19,769
2024-03-02,20,570
2024-03-02,21,546
2024-03-02,22,522
2024-03-02,23,456
2024-03-03,0,346
2024-03-03,1,218
2024-03-03,2,190
2024-03-03,3,111
2024-03-03,4,97
2024-03-03,5,113
2024-03-03,6,171
2024-03-03,7,217
2024-03-03,8,337
2024-03-03,9,472
2024-03-03,10,572
2024-03-03,11,616
2024-03-03,12,767
2024-03-03,13,709
2024-03-03,14,745
2024-03-03,15,747
2024-03-03,16,676
2024-03-03,17,718
2024-03-03,18,724
2024-03-03,19,668
2024-03-03,20,629
2024-03-03,21,531
2024-03-03,22,379
2024-03-03,23,310
2024-03-04,0,232
2024-03-04,1,123
2024-03-04,2,75
2024-03-04,3,61
2024-03-04,4,80
2024-03-04,5,154
2024-03-04,6,322
2024-03-04,7,601
2024-03-04,8,904
2024-03-04,9,1088
2024-03-04,10,970
2024-03-04,11,1079
2024-03-04,12,939
2024-03-04,13,1097
2024-03-04,14,1119
2024-03-04,15,1073
2024-03-04,16,1012
2024-03-04,17,1080
2024-03-04,18,983
2024-03-04,19,865
2024-03-04,20,734
2024-03-04,21,457
2024-03-04,22,347
2024-03-04,23,366
2024-03-05,0,241
2024-03-05,1,92
2024-03-05,2,50
2024-03-05,3,74
2024-03-05,4,81
2024-03-05,5,175
2024-03-05,6,398
2024-03-05,7,915
2024-03-05,8,1318
2024-03-05,9,1289
2024-03-05,10,1074
2024-03-05,11,1110
2024-03-05,12,1098
2024-03-05,13,1111
2024-03-05,14,1181
2024-03-05,15,1301
2024-03-05,16,1390
2024-03-05,17,1455
2024-03-05,18,1237
2024-03-05,19,1000
2024-03-05,20,747
2024-03-05,21,565
2024-03-05,22,399
2024-03-05,23,338
2024-03-06,0,210
2024-03-06,1,68
2024-03-06,2,44
2024-03-06,3,47
2024-03-06,4,86
2024-03-06,5,166
2024-03-06,6,354
2024-03-06,7,738
2024-03-06,8,1263
2024-03-06,9,1215
2024-03-06,10,1075
2024-03-06,11,1170
2024-03-06,12,1132
2024-03-06,13,1158
2024-03-06,14,1188
2024-03-06,15,1309
2024-03-06,16,1357
2024-03-06,17,1482
2024-03-06,18,1285
2024-03-06,19,1090
2024-03-06,20,890
2024-03-06,21,639
2024-03-06,22,501
2024-03-06,23,385
2024-03-07,0,240
2024-03-07,1,91
2024-03-07,2,43
2024-03-07,3,42
2024-03-07,4,83
2024-03-07,5,169
2024-03-07,6,362
2024-03-07,7,805
2024-03-07,8,1139
2024-03-07,9,1059
2024-03-07,10,1007
2024-03-07,11,1072
2024-03-07,12,1126
2024-03-07,13,1211
2024-03-07,14,1244
2024-03-07,15,1257
2024-03-07,16,1312
2024-03-07,17,1472
2024-03-07,18,1251
2024-03-07,19,1164
2024-03-07,20,1016
2024-03-07,21,766
2024-03-07,22,558
2024-03-07,23,490
2024-03-08,0,301
2024-03-08,1,148
2024-03-08,2,78
2024-03-08,3,70
2024-03-08,4,103
2024-03-08,5,209
2024-03-08,6,370
2024-03-08,7,644
2024-03-08,8,955
2024-03-08,9,933
2024-03-08,10,1014
2024-03-08,11,1174
2024-03-08,12,1246
2024-03-08,13,1206
2024-03-08,14,1275
2024-03-08,15,1346
2024-03-08,16,1332
2024-03-08,17,1483
2024-03-08,18,1471
2024-03-08,19,1131
2024-03-08,20,838
2024-03-08,21,660
2024-03-08,22,539
2024-03-08,23,428
2024-03-09,0,297
2024-03-09,1,212
2024-03-09,2,144
2024-03-09,3,107
2024-03-09,4,88
2024-03-09,5,109
2024-03-09,6,206
2024-03-09,7,232
2024-03-09,8,312
2024-03-09,9,498
2024-03-09,10,659
2024-03-09,11,668
2024-03-09,12,704
2024-03-09,13,678
2024-03-09,14,742
2024-03-09,15,742
2024-03-09,16,810
2024-03-09,17,876
2024-03-09,18,952
2024-03-09,19,818
2024-03-09,20,609
2024-03-09,21,593
2024-03-09,22,555
2024-03-09,23,537
2024-03-10,0,439
2024-03-10,1,275
2024-03-10,3,251
2024-03-10,4,200
2024-03-10,5,138
2024-03-10,6,194
2024-03-10,7,228
2024-03-10,8,320
2024-03-10,9,396
2024-03-10,10,607
2024-03-10,11,610
2024-03-10,12,682
2024-03-10,13,741
2024-03-10,14,685
2024-03-10,15,692
2024-03-10,16,701
2024-03-10,17,667
2024-03-10,18,680
2024-03-10,19,656
2024-03-10,20,660
2024-03-10,21,563
2024-03-10,22,404
2024-03-10,23,387
2024-03-11,0,294
2024-03-11,1,194
2024-03-11,2,94
2024-03-11,3,75
2024-03-11,4,95
2024-03-11,5,201
2024-03-11,6,364
2024-03-11,7,689
2024-03-11,8,1010
2024-03-11,9,1015
2024-03-11,10,926
2024-03-11,11,1039
2024-03-11,12,1042
2024-03-11,13,1084
2024-03-11,14,1076
2024-03-11,15,1041
2024-03-11,16,1133
2024-03-11,17,1219
2024-03-11,18,1053
2024-03-11,19,921
2024-03-11,20,711
2024-03-11,21,634
2024-03-11,22,404
2024-03-11,23,281
2024-03-12,0,188
2024-03-12,1,104
2024-03-12,2,50
2024-03-12,3,41
2024-03-12,4,64
2024-03-12,5,165
2024-03-12,6,331
2024-03-12,7,795
2024-03-12,8,1161
2024-03-12,9,1259
2024-03-12,10,1037
2024-03-12,11,1105
2024-03-12,12,1061
2024-03-12,13,1146
2024-03-12,14,1145
2024-03-12,15,1184
2024-03-12,16,1246
2024-03-12,17,1304
2024-03-12,18,1139
2024-03-12,19,1049
2024-03-12,20,802
2024-03-12,21,583
2024-03-12,22,453
2024-03-12,23,319
2024-03-13,0,138
2024-03-13,1,72
2024-03-13,2,51
2024-03-13,3,58
2024-03-13,4,88
2024-03-13,5,178
2024-03-13,6,357
2024-03-13,7,852
2024-03-13,8,1226
2024-03-13,9,1224
2024-03-13,10,1112
2024-03-13,11,1073
2024-03-13,12,1211
2024-03-13,13,1272
2024-03-13,14,1354
2024-03-13,15,1380
2024-03-13,16,1398
2024-03-13,17,1436
2024-03-13,18,1228
2024-03-13,19,1157
2024-03-13,20,955
2024-03-13,21,721
2024-03-13,22,572
2024-03-13,23,392
2024-03-14,0,226
2024-03-14,1,97
2024-03-14,2,51
2024-03-14,3,65
2024-03-14,4,98
2024-03-14,5,192
2024-03-14,6,439
2024-03-14,7,948
2024-03-14,8,1243
2024-03-14,9,1184
2024-03-14,10,1104
2024-03-14,11,1220
2024-03-14,12,1244
2024-03-14,13,1160
2024-03-14,14,1274
2024-03-14,15,1382
2024-03-14,16,1488
2024-03-14,17,1602
2024-03-14,18,1422
2024-03-14,19,1254
2024-03-14,20,1000
2024-03-14,21,886
2024-03-14,22,671
2024-03-14,23,627
2024-03-15,0,387
2024-03-15,1,179
2024-03-15,2,101
2024-03-15,3,89
2024-03-15,4,111
2024-03-15,5,208
2024-03-15,6,372
2024-03-15,7,669
2024-03-15,8,950
2024-03-15,9,1168
2024-03-15,10,1084
2024-03-15,11,1274
2024-03-15,12,1247
2024-03-15,13,1235
2024-03-15,14,1257
2024-03-15,15,1432
2024-03-15,16,1390
2024-03-15,17,1482
2024-03-15,18,1541
2024-03-15,19,1312
2024-03-15,20,1047
2024-03-15,21,808
2024-03-15,22,752
2024-03-15,23,628
2024-03-16,0,394
2024-03-16,1,231
2024-03-16,2,162
2024-03-16,3,102
2024-03-16,4,85
2024-03-16,5,118
2024-03-16,6,201
2024-03-16,7,323
2024-03-16,8,599
2024-03-16,9,866
2024-03-16,10,909
2024-03-16,11,951
2024-03-16,12,1062
2024-03-16,13,1077
2024-03-16,14,1152
2024-03-16,15,1226
2024-03-16,16,1289
2024-03-16,17,1403
2024-03-16,18,1300
2024-03-16,19,1256
2024-03-16,20,1109
2024-03-16,21,971
2024-03-16,22,859
2024-03-16,23,706
2024-03-17,0,455
2024-03-17,1,304
2024-03-17,2,228
2024-03-17,3,156
2024-03-17,4,159
2024-03-17,5,163
2024-03-17,6,226
2024-03-17,7,330
2024-03-17,8,595
2024-03-17,9,743
2024-03-17,10,826
2024-03-17,11,918
2024-03-17,12,936
2024-03-17,13,908
2024-03-17,14,915
2024-03-17,15,949
2024-03-17,16,977
2024-03-17,17,998
2024-03-17,18,955
2024-03-17,19,875
2024-03-17,20,891
2024-03-17,21,661
2024-03-17,22,500
2024-03-17,23,378
2024-03-18,0,308
2024-03-18,1,158
2024-03-18,2,85
2024-03-18,3,89
2024-03-18,4,127
2024-03-18,5,255
2024-03-18,6,474
2024-03-18,7,856
2024-03-18,8,1193
2024-03-18,9,1376
2024-03-18,10,1260
2024-03-18,11,1156
2024-03-18,12,1260
2024-03-18,13,1468
2024-03-18,14,1409
2024-03-18,15,1470
2024-03-18,16,1452
2024-03-18,17,1470
2024-03-18,18,1362
2024-03-18,19,1119
2024-03-18,20,909
2024-03-18,21,691
2024-03-18,22,528
2024-03-18,23,344
2024-03-19,0,241
2024-03-19,1,131
2024-03-19,2,63
2024-03-19,3,76
2024-03-19,4,131
2024-03-19,5,240
2024-03-19,6,485
2024-03-19,7,971
2024-03-19,8,1209
2024-03-19,9,1328
2024-03-19,10,1247
2024-03-19,11,1371
2024-03-19,12,1316
2024-03-19,13,1386
2024-03-19,14,1433
2024-03-19,15,1433
2024-03-19,16,1491
2024-03-19,17,1395
2024-03-19,18,1239
2024-03-19,19,1164
2024-03-19,20,924
2024-03-19,21,702
2024-03-19,22,546
2024-03-19,23,383
2024-03-20,0,189
2024-03-20,1,104
2024-03-20,2,39
2024-03-20,3,57
2024-03-20,4,110
2024-03-20,5,207
2024-03-20,6,466
2024-03-20,7,864
2024-03-20,8,1164
2024-03-20,9,1297
2024-03-20,10,1135
2024-03-20,11,1230
2024-03-20,12,1261
2024-03-20,13,1296
2024-03-20,14,1417
2024-03-20,15,1418
2024-03-20,16,1503
2024-03-20,17,1522
2024-03-20,18,1343
2024-03-20,19,1220
2024-03-20,20,1059
2024-03-20,21,713
2024-03-20,22,563
2024-03-20,23,408
2024-03-21,0,236
2024-03-21,1,91
2024-03-21,2,47
2024-03-21,3,53
2024-03-21,4,101
2024-03-21,5,208
2024-03-21,6,432
2024-03-21,7,836
2024-03-21,8,1142
2024-03-21,9,1272
2024-03-21,10,1102
2024-03-21,11,1135
2024-03-21,12,1301
2024-03-21,13,1353
2024-03-21,14,1397
2024-03-21,15,1473
2024-03-21,16,1495
2024-03-21,17,1480
2024-03-21,18,1333
2024-03-21,19,1210
2024-03-21,20,1063
2024-03-21,21,760
2024-03-21,22,640
2024-03-21,23,417
2024-03-22,0,275
2024-03-22,1,139
2024-03-22,2,73
2024-03-22,3,78
2024-03-22,4,103
2024-03-22,5,194
2024-03-22,6,400
2024-03-22,7,740
2024-03-22,8,919
2024-03-22,9,1034
2024-03-22,10,1005
2024-03-22,11,1002
2024-03-22,12,1163
2024-03-22,13,1084
2024-03-22,14,1219
2024-03-22,15,1370
2024-03-22,16,1314
2024-03-22,17,1406
2024-03-22,18,1283
2024-03-22,19,1095
2024-03-22,20,859
2024-03-22,21,719
2024-03-22,22,621
2024-03-22,23,480
2024-03-23,0,273
2024-03-23,1,194
2024-03-23,2,134
2024-03-23,3,104
2024-03-23,4,86
2024-03-23,5,130
2024-03-23,6,162
2024-03-23,7,206
2024-03-23,8,326
2024-03-23,9,522
2024-03-23,10,638
2024-03-23,11,707
2024-03-23,12,818
2024-03-23,13,801
2024-03-23,14,831
2024-03-23,15,800
2024-03-23,16,841
2024-03-23,17,903
2024-03-23,18,920
2024-03-23,19,922
2024-03-23,20,661
2024-03-23,21,596
2024-03-23,22,632
2024-03-23,23,539
2024-03-24,0,345
2024-03-24,1,255
2024-03-24,2,154
2024-03-24,3,115
2024-03-24,4,117
2024-03-24,5,135
2024-03-24,6,203
2024-03-24,7,324
2024-03-24,8,423
2024-03-24,9,569
2024-03-24,10,800
2024-03-24,11,919
2024-03-24,12,860
2024-03-24,13,928
2024-03-24,14,837
2024-03-24,15,815
2024-03-24,16,828
2024-03-24,17,883
2024-03-24,18,804
2024-03-24,19,829
2024-03-24,20,686
2024-03-24,21,615
2024-03-24,22,521
2024-03-24,23,377
2024-03-25,0,247
2024-03-25,1,154
2024-03-25,2,76
2024-03-25,3,81
2024-03-25,4,72
2024-03-25,5,168
2024-03-25,6,342
2024-03-25,7,623
2024-03-25,8,881
2024-03-25,9,920
2024-03-25,10,1039
2024-03-25,11,994
2024-03-25,12,1076
2024-03-25,13,1039
2024-03-25,14,1143
2024-03-25,15,1178
2024-03-25,16,1180
2024-03-25,17,1144
2024-03-25,18,1008
2024-03-25,19,844
2024-03-25,20,728
2024-03-25,21,577
2024-03-25,22,483
2024-03-25,23,303
2024-03-26,0,238
2024-03-26,1,97
2024-03-26,2,55
2024-03-26,3,50
2024-03-26,4,72
2024-03-26,5,143
2024-03-26,6,289
2024-03-26,7,671
2024-03-26,8,1030
2024-03-26,9,1133
2024-03-26,10,1014
2024-03-26,11,1097
2024-03-26,12,1153
2024-03-26,13,1138
2024-03-26,14,1178
2024-03-26,15,1209
2024-03-26,16,1357
2024-03-26,17,1356
2024-03-26,18,1247
2024-03-26,19,1042
2024-03-26,20,772
2024-03-26,21,569
2024-03-26,22,510
2024-03-26,23,334
2024-03-27,0,162
2024-03-27,1,82
2024-03-27,2,57
2024-03-27,3,44
2024-03-27,4,91
2024-03-27,5,150
2024-03-27,6,358
2024-03-27,7,747
2024-03-27,8,1156
2024-03-27,9,1223
2024-03-27,10,1137
2024-03-27,11,1202
2024-03-27,12,1208
2024-03-27,13,1269
2024-03-27,14,1258
2024-03-27,15,1264
2024-03-27,16,1361
2024-03-27,17,1361
2024-03-27,18,1215
2024-03-27,19,1124
2024-03-27,20,875
2024-03-27,21,659
2024-03-27,22,510
2024-03-27,23,382
2024-03-28,0,255
2024-03-28,1,172
2024-03-28,2,64
2024-03-28,3,69
2024-03-28,4,91
2024-03-28,5,200
2024-03-28,6,379
2024-03-28,7,698
2024-03-28,8,1057
2024-03-28,9,1148
2024-03-28,10,1040
2024-03-28,11,1143
2024-03-28,12,1242
2024-03-28,13,1303
2024-03-28,14,1260
2024-03-28,15,1287
2024-03-28,16,1384
2024-03-28,17,1440
2024-03-28,18,1338
2024-03-28,19,1137
2024-03-28,20,897
2024-03-28,21,674
2024-03-28,22,535
2024-03-28,23,453
2024-03-29,0,369
2024-03-29,1,184
2024-03-29,2,92
2024-03-29,3,87
2024-03-29,4,94
2024-03-29,5,188
2024-03-29,6,377
2024-03-29,7,559
2024-03-29,8,729
2024-03-29,9,855
2024-03-29,10,1001
2024-03-29,11,1121
2024-03-29,12,1106
2024-03-29,13,1259
2024-03-29,14,1255
2024-03-29,15,1169
2024-03-29,16,1198
2024-03-29,17,1076
2024-03-29,18,1060
2024-03-29,19,916
2024-03-29,20,735
2024-03-29,21,606
2024-03-29,22,501
2024-03-29,23,438
2024-03-30,0,300
2024-03-30,1,206
2024-03-30,2,138
2024-03-30,3,119
2024-03-30,4,91
2024-03-30,5,126
2024-03-30,6,228
2024-03-30,7,276
2024-03-30,8,365
2024-03-30,9,495
2024-03-30,10,591
2024-03-30,11,685
2024-03-30,12,843
2024-03-30,13,938
2024-03-30,14,940
2024-03-30,15,903
2024-03-30,16,888
2024-03-30,17,811
2024-03-30,18,775
2024-03-30,19,793
2024-03-30,20,692
2024-03-30,21,515
2024-03-30,22,467
2024-03-30,23,394
2024-03-31,0,330
2024-03-31,1,191
2024-03-31,2,140
2024-03-31,3,97
2024-03-31,4,108
2024-03-31,5,135
2024-03-31,6,273
2024-03-31,7,360
2024-03-31,8,406
2024-03-31,9,584
2024-03-31,10,790
2024-03-31,11,808
2024-03-31,12,903
2024-03-31,13,841
2024-03-31,14,826
2024-03-31,15,832
2024-03-31,16,835
2024-03-31,17,713
2024-03-31,18,619
2024-03-31,19,597
2024-03-31,20,595
2024-03-31,21,489
2024-03-31,22,411
2024-03-31,23,343
2024-04-01,0,298
2024-04-01,1,183
2024-04-01,2,85
2024-04-01,3,68
2024-04-01,4,96
2024-04-01,5,199
2024-04-01,6,384
2024-04-01,7,641
2024-04-01,8,914
2024-04-01,9,1006
2024-04-01,10,1118
2024-04-01,11,1128
2024-04-01,12,1099
2024-04-01,13,1088
2024-04-01,14,1038
2024-04-01,15,1217
2024-04-01,16,1253
2024-04-01,17,1379
2024-04-01,18,1089
2024-04-01,19,839
2024-04-01,20,716
2024-04-01,21,623
2024-04-01,22,595
2024-04-01,23,480
2024-04-02,0,343
2024-04-02,1,197
2024-04-02,2,107
2024-04-02,3,61
2024-04-02,4,70
2024-04-02,5,167
2024-04-02,6,402
2024-04-02,7,821
2024-04-02,8,1321
2024-04-02,9,1316
2024-04-02,10,1168
2024-04-02,11,1155
2024-04-02,12,1156
2024-04-02,13,1226
2024-04-02,14,1177
2024-04-02,15,1138
2024-04-02,16,1195
2024-04-02,17,1380
2024-04-02,18,1070
2024-04-02,19,941
2024-04-02,20,796
2024-04-02,21,595
2024-04-02,22,415
2024-04-02,23,305
2024-04-03,0,218
2024-04-03,1,106
2024-04-03,2,62
2024-04-03,3,57
2024-04-03,4,91
2024-04-03,5,170
2024-04-03,6,398
2024-04-03,7,899
2024-04-03,8,1373
2024-04-03,9,1366
2024-04-03,10,1154
2024-04-03,11,1272
2024-04-03,12,1308
2024-04-03,13,1256
2024-04-03,14,1357
2024-04-03,15,1425
2024-04-03,16,1538
2024-04-03,17,1586
2024-04-03,18,1352
2024-04-03,19,1082
2024-04-03,20,897
2024-04-03,21,679
2024-04-03,22,484
2024-04-03,23,350
2024-04-04,0,241
2024-04-04,1,128
2024-04-04,2,99
2024-04-04,3,55
2024-04-04,4,105
2024-04-04,5,180
2024-04-04,6,410
2024-04-04,7,849
2024-04-04,8,1219
2024-04-04,9,1168
2024-04-04,10,1104
2024-04-04,11,1170
2024-04-04,12,1291
2024-04-04,13,1350
2024-04-04,14,1384
2024-04-04,15,1395
2024-04-04,16,1418
2024-04-04,17,1543
2024-04-04,18,1331
2024-04-04,19,1124
2024-04-04,20,944
2024-04-04,21,803
2024-04-04,22,600
2024-04-04,23,410
2024-04-05,0,255
2024-04-05,1,177
2024-04-05,2,97
2024-04-05,3,84
2024-04-05,4,107
2024-04-05,5,173
2024-04-05,6,381
2024-04-05,7,639
2024-04-05,8,889
2024-04-05,9,1031
2024-04-05,10,1080
2024-04-05,11,1145
2024-04-05,12,1275
2024-04-05,13,1225
2024-04-05,14,1302
2024-04-05,15,1189
2024-04-05,16,1236
2024-04-05,17,1274
2024-04-05,18,1298
2024-04-05,19,1090
2024-04-05,20,879
2024-04-05,21,723
2024-04-05,22,561
2024-04-05,23,442
2024-04-06,0,306
2024-04-06,1,232
2024-04-06,2,179
2024-04-06,3,122
2024-04-06,4,87
2024-04-06,5,120
2024-04-06,6,193
2024-04-06,7,259
2024-04-06,8,368
2024-04-06,9,544
2024-04-06,10,671
2024-04-06,11,729
2024-04-06,12,837
2024-04-06,13,996
2024-04-06,14,927
2024-04-06,15,871
2024-04-06,16,858
2024-04-06,17,848
2024-04-06,18,921
2024-04-06,19,924
2024-04-06,20,695
2024-04-06,21,612
2024-04-06,22,661
2024-04-06,23,479
2024-04-07,0,339
2024-04-07,1,221
2024-04-07,2,194
2024-04-07,3,130
2024-04-07,4,127
2024-04-07,5,166
2024-04-07,6,200
2024-04-07,7,259
2024-04-07,8,368
2024-04-07,9,583
2024-04-07,10,780
2024-04-07,11,901
2024-04-07,12,956
2024-04-07,13,949
2024-04-07,14,1031
2024-04-07,15,987
2024-04-07,16,904
2024-04-07,17,834
2024-04-07,18,760
2024-04-07,19,672
2024-04-07,20,806
2024-04-07,21,617
2024-04-07,22,448
2024-04-07,23,418
2024-04-08,0,343
2024-04-08,1,159
2024-04-08,2,83
2024-04-08,3,59
2024-04-08,4,89
2024-04-08,5,201
2024-04-08,6,416
2024-04-08,7,801
2024-04-08,8,1087
2024-04-08,9,1155
2024-04-08,10,1089
2024-04-08,11,1163
2024-04-08,12,1220
2024-04-08,13,1349
2024-04-08,14,1340
2024-04-08,15,1293
2024-04-08,16,1304
2024-04-08,17,1377
2024-04-08,18,1169
2024-04-08,19,939
2024-04-08,20,954
2024-04-08,21,680
2024-04-08,22,545
2024-04-08,23,386
2024-04-09,0,254
2024-04-09,1,155
2024-04-09,2,60
2024-04-09,3,50
2024-04-09,4,90
2024-04-09,5,187
2024-04-09,6,390
2024-04-09,7,882
2024-04-09,8,1435
2024-04-09,9,1466
2024-04-09,10,1164
2024-04-09,11,1234
2024-04-09,12,1283
2024-04-09,13,1317
2024-04-09,14,1361
2024-04-09,15,1370
2024-04-09,16,1454
2024-04-09,17,1506
2024-04-09,18,1463
2024-04-09,19,1166
2024-04-09,20,895
2024-04-09,21,654
2024-04-09,22,498
2024-04-09,23,334
2024-04-10,0,255
2024-04-10,1,147
2024-04-10,2,67
2024-04-10,3,50
2024-04-10,4,89
2024-04-10,5,173
2024-04-10,6,399
2024-04-10,7,808
2024-04-10,8,1109
2024-04-10,9,1302
2024-04-10,10,1162
2024-04-10,11,1275
2024-04-10,12,1303
2024-04-10,13,1254
2024-04-10,14,1431
2024-04-10,15,1364
2024-04-10,16,1411
2024-04-10,17,1419
2024-04-10,18,1423
2024-04-10,19,1232
2024-04-10,20,1057
2024-04-10,21,709
2024-04-10,22,549
2024-04-10,23,384
2024-04-11,0,263
2024-04-11,1,171
2024-04-11,2,67
2024-04-11,3,72
2024-04-11,4,122
2024-04-11,5,267
2024-04-11,6,510
2024-04-11,7,839
2024-04-11,8,1185
2024-04-11,9,1308
2024-04-11,10,1263
2024-04-11,11,1478
2024-04-11,12,1485
2024-04-11,13,1498
2024-04-11,14,1563
2024-04-11,15,1568
2024-04-11,16,1611
2024-04-11,17,1729
2024-04-11,18,1498
2024-04-11,19,1371
2024-04-11,20,1130
2024-04-11,21,867
2024-04-11,22,699
2024-04-11,23,429
2024-04-12,0,372
2024-04-12,1,217
2024-04-12,2,108
2024-04-12,3,87
2024-04-12,4,110
2024-04-12,5,269
2024-04-12,6,427
2024-04-12,7,738
2024-04-12,8,1020
2024-04-12,9,1146
2024-04-12,10,1143
2024-04-12,11,1207
2024-04-12,12,1187
2024-04-12,13,1255
2024-04-12,14,1398
2024-04-12,15,1433
2024-04-12,16,1521
2024-04-12,17,1551
2024-04-12,18,1449
2024-04-12,19,1232
2024-04-12,20,932
2024-04-12,21,716
2024-04-12,22,579
2024-04-12,23,448
2024-04-13,0,387
2024-04-13,1,253
2024-04-13,2,144
2024-04-13,3,122
2024-04-13,4,100
2024-04-13,5,120
2024-04-13,6,186
2024-04-13,7,270
2024-04-13,8,428
2024-04-13,9,691
2024-04-13,10,814
2024-04-13,11,843
2024-04-13,12,939
2024-04-13,13,941
2024-04-13,14,942
2024-04-13,15,1018
2024-04-13,16,1025
2024-04-13,17,1049
2024-04-13,18,1056
2024-04-13,19,971
2024-04-13,20,787
2024-04-13,21,656
2024-04-13,22,633
2024-04-13,23,491
2024-04-14,0,400
2024-04-14,1,249
2024-04-14,2,165
2024-04-14,3,140
2024-04-14,4,130
2024-04-14,5,146
2024-04-14,6,229
2024-04-14,7,303
2024-04-14,8,407
2024-04-14,9,615
2024-04-14,10,861
2024-04-14,11,849
2024-04-14,12,914
2024-04-14,13,939
2024-04-14,14,918
2024-04-14,15,994
2024-04-14,16,1039
2024-04-14,17,934
2024-04-14,18,906
2024-04-14,19,839
2024-04-14,20,833
2024-04-14,21,555
2024-04-14,22,395
2024-04-14,23,431
2024-04-15,0,350
2024-04-15,1,152
2024-04-15,2,77
2024-04-15,3,78
2024-04-15,4,114
2024-04-15,5,242
2024-04-15,6,462
2024-04-15,7,805
2024-04-15,8,978
2024-04-15,9,948
2024-04-15,10,937
2024-04-15,11,1129
2024-04-15,12,1125
2024-04-15,13,1130
2024-04-15,14,1228
2024-04-15,15,1209
2024-04-15,16,1223
2024-04-15,17,1318
2024-04-15,18,1115
2024-04-15,19,996
2024-04-15,20,907
2024-04-15,21,581
2024-04-15,22,445
2024-04-15,23,317
2024-04-16,0,271
2024-04-16,1,139
2024-04-16,2,63
2024-04-16,3,58
2024-04-16,4,78
2024-04-16,5,181
2024-04-16,6,421
2024-04-16,7,841
2024-04-16,8,1278
2024-04-16,9,1328
2024-04-16,10,1154
2024-04-16,11,1233
2024-04-16,12,1230
2024-04-16,13,1275
2024-04-16,14,1247
2024-04-16,15,1303
2024-04-16,16,1376
2024-04-16,17,1568
2024-04-16,18,1267
2024-04-16,19,1035
2024-04-16,20,832
2024-04-16,21,744
2024-04-16,22,497
2024-04-16,23,411
2024-04-17,0,324
2024-04-17,1,133
2024-04-17,2,71
2024-04-17,3,51
2024-04-17,4,92
2024-04-17,5,181
2024-04-17,6,403
2024-04-17,7,872
2024-04-17,8,1395
2024-04-17,9,1384
2024-04-17,10,1101
2024-04-17,11,1291
2024-04-17,12,1283
2024-04-17,13,1297
2024-04-17,14,1343
2024-04-17,15,1414
2024-04-17,16,1395
2024-04-17,17,1512
2024-04-17,18,1298
2024-04-17,19,1159
2024-04-17,20,1005
2024-04-17,21,741
2024-04-17,22,570
2024-04-17,23,419
2024-04-18,0,244
2024-04-18,1,136
2024-04-18,2,63
2024-04-18,3,56
2024-04-18,4,102
2024-04-18,5,221
2024-04-18,6,450
2024-04-18,7,929
2024-04-18,8,1245
2024-04-18,9,1280
2024-04-18,10,1157
2024-04-18,11,1246
2024-04-18,12,1324
2024-04-18,13,1353
2024-04-18,14,1355
2024-04-18,15,1380
2024-04-18,16,1536
2024-04-18,17,1569
2024-04-18,18,1379
2024-04-18,19,1409
2024-04-18,20,1178
2024-04-18,21,847
2024-04-18,22,619
2024-04-18,23,499
2024-04-19,0,321
2024-04-19,1,156
2024-04-19,2,81
2024-04-19,3,72
2024-04-19,4,113
2024-04-19,5,243
2024-04-19,6,448
2024-04-19,7,735
2024-04-19,8,965
2024-04-19,9,1099
2024-04-19,10,1036
2024-04-19,11,1295
2024-04-19,12,1294
2024-04-19,13,1326
2024-04-19,14,1318
2024-04-19,15,1316
2024-04-19,16,1364
2024-04-19,17,1454
2024-04-19,18,1376
2024-04-19,19,1061
2024-04-19,20,880
2024-04-19,21,747
2024-04-19,22,634
2024-04-19,23,556
2024-04-20,0,390
2024-04-20,1,273
2024-04-20,2,188
2024-04-20,3,124
2024-04-20,4,113
2024-04-20,5,115
2024-04-20,6,222
2024-04-20,7,257
2024-04-20,8,411
2024-04-20,9,569
2024-04-20,10,774
2024-04-20,11,934
2024-04-20,12,1034
2024-04-20,13,929
2024-04-20,14,918
2024-04-20,15,936
2024-04-20,16,993
2024-04-20,17,1035
2024-04-20,18,1079
2024-04-20,19,933
2024-04-20,20,711
2024-04-20,21,661
2024-04-20,22,660
2024-04-20,23,582
2024-04-21,0,464
2024-04-21,1,280
2024-04-21,2,160
2024-04-21,3,132
2024-04-21,4,138
2024-04-21,5,151
2024-04-21,6,232
2024-04-21,7,250
2024-04-21,8,369
2024-04-21,9,560
2024-04-21,10,710
2024-04-21,11,790
2024-04-21,12,894
2024-04-21,13,874
2024-04-21,14,864
2024-04-21,15,848
2024-04-21,16,833
2024-04-21,17,904
2024-04-21,18,898
2024-04-21,19,776
2024-04-21,20,680
2024-04-21,21,576
2024-04-21,22,428
2024-04-21,23,409
2024-04-22,0,293
2024-04-22,1,198
2024-04-22,2,80
2024-04-22,3,69
2024-04-22,4,107
2024-04-22,5,180
2024-04-22,6,434
2024-04-22,7,779
2024-04-22,8,989
2024-04-22,9,1152
2024-04-22,10,997
2024-04-22,11,1068
2024-04-22,12,1083
2024-04-22,13,1131
2024-04-22,14,1206
2024-04-22,15,1177
2024-04-22,16,1187
2024-04-22,17,1185
2024-04-22,18,1089
2024-04-22,19,844
2024-04-22,20,759
2024-04-22,21,577
2024-04-22,22,403
2024-04-22,23,296
2024-04-23,0,202
2024-04-23,1,149
2024-04-23,2,85
2024-04-23,3,48
2024-04-23,4,105
2024-04-23,5,157
2024-04-23,6,348
2024-04-23,7,855
2024-04-23,8,1299
2024-04-23,9,1264
2024-04-23,10,1117
2024-04-23,11,1139
2024-04-23,12,1133
2024-04-23,13,1139
2024-04-23,14,1184
2024-04-23,15,1201
2024-04-23,16,1228
2024-04-23,17,1317
2024-04-23,18,1222
2024-04-23,19,917
2024-04-23,20,816
2024-04-23,21,624
2024-04-23,22,467
2024-04-23,23,331
2024-04-24,0,203
2024-04-24,1,89
2024-04-24,2,50
2024-04-24,3,42
2024-04-24,4,95
2024-04-24,5,177
2024-04-24,6,417
2024-04-24,7,922
2024-04-24,8,1450
2024-04-24,9,1362
2024-04-24,10,1212
2024-04-24,11,1259
2024-04-24,12,1283
2024-04-24,13,1305
2024-04-24,14,1354
2024-04-24,15,1364
2024-04-24,16,1481
2024-04-24,17,1540
2024-04-24,18,1291
2024-04-24,19,1181
2024-04-24,20,1034
2024-04-24,21,805
2024-04-24,22,565
2024-04-24,23,365
2024-04-25,0,250
2024-04-25,1,112
2024-04-25,2,46
2024-04-25,3,45
2024-04-25,4,98
2024-04-25,5,228
2024-04-25,6,426
2024-04-25,7,860
2024-04-25,8,1258
2024-04-25,9,1303
2024-04-25,10,1175
2024-04-25,11,1262
2024-04-25,12,1382
2024-04-25,13,1345
2024-04-25,14,1429
2024-04-25,15,1525
2024-04-25,16,1544
2024-04-25,17,1553
2024-04-25,18,1420
2024-04-25,19,1241
2024-04-25,20,1053
2024-04-25,21,731
2024-04-25,22,664
2024-04-25,23,407
2024-04-26,0,321
2024-04-26,1,244
2024-04-26,2,118
2024-04-26,3,77
2024-04-26,4,104
2024-04-26,5,211
2024-04-26,6,403
2024-04-26,7,691
2024-04-26,8,975
2024-04-26,9,1085
2024-04-26,10,1119
2024-04-26,11,1151
2024-04-26,12,1179
2024-04-26,13,1278
2024-04-26,14,1493
2024-04-26,15,1584
2024-04-26,16,1618
2024-04-26,17,1547
2024-04-26,18,1364
2024-04-26,19,1105
2024-04-26,20,901
2024-04-26,21,736
2024-04-26,22,565
2024-04-26,23,418
2024-04-27,0,397
2024-04-27,1,245
2024-04-27,2,158
2024-04-27,3,104
2024-04-27,4,95
2024-04-27,5,114
2024-04-27,6,156
2024-04-27,7,246
2024-04-27,8,410
2024-04-27,9,593
2024-04-27,10,792
2024-04-27,11,784
2024-04-27,12,841
2024-04-27,13,914
2024-04-27,14,962
2024-04-27,15,923
2024-04-27,16,1001
2024-04-27,17,1096
2024-04-27,18,1018
2024-04-27,19,919
2024-04-27,20,724
2024-04-27,21,684
2024-04-27,22,634
2024-04-27,23,480
2024-04-28,0,413
2024-04-28,1,277
2024-04-28,2,207
2024-04-28,3,154
2024-04-28,4,112
2024-04-28,5,135
2024-04-28,6,213
2024-04-28,7,232
2024-04-28,8,349
2024-04-28,9,588
2024-04-28,10,805
2024-04-28,11,795
2024-04-28,12,860
2024-04-28,13,893
2024-04-28,14,955
2024-04-28,15,917
2024-04-28,16,913
2024-04-28,17,911
2024-04-28,18,817
2024-04-28,19,737
2024-04-28,20,696
2024-04-28,21,584
2024-04-28,22,453
2024-04-28,23,384
2024-04-29,0,275
2024-04-29,1,197
2024-04-29,2,89
2024-04-29,3,58
2024-04-29,4,119
2024-04-29,5,231
2024-04-29,6,501
2024-04-29,7,954
2024-04-29,8,1160
2024-04-29,9,1157
2024-04-29,10,1078
2024-04-29,11,1103
2024-04-29,12,1151
2024-04-29,13,1241
2024-04-29,14,1200
2024-04-29,15,1251
2024-04-29,16,1231
2024-04-29,17,1203
2024-04-29,18,1119
2024-04-29,19,945
2024-04-29,20,754
2024-04-29,21,547
2024-04-29,22,387
2024-04-29,23,275
2024-04-30,0,232
2024-04-30,1,128
2024-04-30,2,49
2024-04-30,3,61
2024-04-30,4,89
2024-04-30,5,190
2024-04-30,6,355
2024-04-30,7,842
2024-04-30,8,1204
2024-04-30,9,1225
2024-04-30,10,1036
2024-04-30,11,1160
2024-04-30,12,1195
2024-04-30,13,1183
2024-04-30,14,1265
2024-04-30,15,1274
2024-04-30,16,1461
2024-04-30,17,1405
2024-04-30,18,1275
2024-04-30,19,1129
2024-04-30,20,878
2024-04-30,21,639
2024-04-30,22,454
2024-04-30,23,310
2024-05-01,0,245
2024-05-01,1,111
2024-05-01,2,68
2024-05-01,3,62
2024-05-01,4,113
2024-05-01,5,186
2024-05-01,6,422
2024-05-01,7,871
2024-05-01,8,1279
2024-05-01,9,1295
2024-05-01,10,1180
2024-05-01,11,1237
2024-05-01,12,1291
2024-05-01,13,1339
2024-05-01,14,1348
2024-05-01,15,1502
2024-05-01,16,1443
2024-05-01,17,1525
2024-05-01,18,1443
2024-05-01,19,1093
2024-05-01,20,971
2024-05-01,21,797
2024-05-01,22,614
2024-05-01,23,374
2024-05-02,0,239
2024-05-02,1,143
2024-05-02,2,84
2024-05-02,3,57
2024-05-02,4,96
2024-05-02,5,205
2024-05-02,6,457
2024-05-02,7,860
2024-05-02,8,1259
2024-05-02,9,1214
2024-05-02,10,1082
2024-05-02,11,1217
2024-05-02,12,1318
2024-05-02,13,1333
2024-05-02,14,1423
2024-05-02,15,1695
2024-05-02,16,1561
2024-05-02,17,1449
2024-05-02,18,1371
2024-05-02,19,1159
2024-05-02,20,1128
2024-05-02,21,917
2024-05-02,22,887
2024-05-02,23,637
2024-05-03,0,467
2024-05-03,1,375
2024-05-03,2,200
2024-05-03,3,108
2024-05-03,4,152
2024-05-03,5,242
2024-05-03,6,455
2024-05-03,7,795
2024-05-03,8,1074
2024-05-03,9,1242
2024-05-03,10,1251
2024-05-03,11,1359
2024-05-03,12,1472
2024-05-03,13,1387
2024-05-03,14,1502
2024-05-03,15,1403
2024-05-03,16,1429
2024-05-03,17,1512
2024-05-03,18,1424
2024-05-03,19,1223
2024-05-03,20,979
2024-05-03,21,837
2024-05-03,22,634
2024-05-03,23,503
2024-05-04,0,336
2024-05-04,1,266
2024-05-04,2,201
2024-05-04,3,134
2024-05-04,4,115
2024-05-04,5,107
2024-05-04,6,193
2024-05-04,7,298
2024-05-04,8,480
2024-05-04,9,682
2024-05-04,10,799
2024-05-04,11,909
2024-05-04,12,1019
2024-05-04,13,986
2024-05-04,14,1026
2024-05-04,15,1054
2024-05-04,16,1183
2024-05-04,17,1141
2024-05-04,18,1014
2024-05-04,19,1153
2024-05-04,20,780
2024-05-04,21,725
2024-05-04,22,775
2024-05-04,23,638
2024-05-05,0,494
2024-05-05,1,330
2024-05-05,2,198
2024-05-05,3,167
2024-05-05,4,151
2024-05-05,5,190
2024-05-05,6,267
2024-05-05,7,361
2024-05-05,8,511
2024-05-05,9,713
2024-05-05,10,963
2024-05-05,11,1002
2024-05-05,12,1045
2024-05-05,13,1007
2024-05-05,14,946
2024-05-05,15,989
2024-05-05,16,1148
2024-05-05,17,1057
2024-05-05,18,952
2024-05-05,19,912
2024-05-05,20,787
2024-05-05,21,683
2024-05-05,22,532
2024-05-05,23,415
2024-05-06,0,340
2024-05-06,1,205
2024-05-06,2,130
2024-05-06,3,101
2024-05-06,4,137
2024-05-06,5,229
2024-05-06,6,451
2024-05-06,7,880
2024-05-06,8,1267
2024-05-06,9,1334
2024-05-06,10,1323
2024-05-06,11,1284
2024-05-06,12,1304
2024-05-06,13,1329
2024-05-06,14,1355
2024-05-06,15,1460
2024-05-06,16,1441
2024-05-06,17,1544
2024-05-06,18,1359
2024-05-06,19,1122
2024-05-06,20,962
2024-05-06,21,814
2024-05-06,22,587
2024-05-06,23,401
2024-05-07,0,315
2024-05-07,1,197
2024-05-07,2,100
2024-05-07,3,62
2024-05-07,4,93
2024-05-07,5,164
2024-05-07,6,414
2024-05-07,7,901
2024-05-07,8,1454
2024-05-07,9,1565
2024-05-07,10,1272
2024-05-07,11,1179
2024-05-07,12,1346
2024-05-07,13,1500
2024-05-07,14,1681
2024-05-07,15,1566
2024-05-07,16,1495
2024-05-07,17,1536
2024-05-07,18,1450
2024-05-07,19,1156
2024-05-07,20,980
2024-05-07,21,968
2024-05-07,22,773
2024-05-07,23,626
2024-05-08,0,442
2024-05-08,1,226
2024-05-08,2,113
2024-05-08,3,71
2024-05-08,4,120
2024-05-08,5,226
2024-05-08,6,468
2024-05-08,7,949
2024-05-08,8,1362
2024-05-08,9,1346
2024-05-08,10,1270
2024-05-08,11,1322
2024-05-08,12,1522
2024-05-08,13,1498
2024-05-08,14,1560
2024-05-08,15,1689
2024-05-08,16,1553
2024-05-08,17,1370
2024-05-08,18,1366
2024-05-08,19,1132
2024-05-08,20,1060
2024-05-08,21,882
2024-05-08,22,634
2024-05-08,23,521
2024-05-09,0,325
2024-05-09,1,191
2024-05-09,2,97
2024-05-09,3,64
2024-05-09,4,114
2024-05-09,5,236
2024-05-09,6,550
2024-05-09,7,1099
2024-05-09,8,1341
2024-05-09,9,1322
2024-05-09,10,1247
2024-05-09,11,1331
2024-05-09,12,1416
2024-05-09,13,1537
2024-05-09,14,1612
2024-05-09,15,1546
2024-05-09,16,1496
2024-05-09,17,1397
2024-05-09,18,1404
2024-05-09,19,1248
2024-05-09,20,1005
2024-05-09,21,882
2024-05-09,22,742
2024-05-09,23,486
2024-05-10,0,300
2024-05-10,1,161
2024-05-10,2,115
2024-05-10,3,85
2024-05-10,4,120
2024-05-10,5,225
2024-05-10,6,485
2024-05-10,7,796
2024-05-10,8,951
2024-05-10,9,1062
2024-05-10,10,1079
2024-05-10,11,1176
2024-05-10,12,1307
2024-05-10,13,1268
2024-05-10,14,1362
2024-05-10,15,1275
2024-05-10,16,1301
2024-05-10,17,1253
2024-05-10,18,1196
2024-05-10,19,1081
2024-05-10,20,828
2024-05-10,21,697
2024-05-10,22,635
2024-05-10,23,630
2024-05-11,0,405
2024-05-11,1,234
2024-05-11,2,185
2024-05-11,3,114
2024-05-11,4,117
2024-05-11,5,141
2024-05-11,6,190
2024-05-11,7,298
2024-05-11,8,411
2024-05-11,9,576
2024-05-11,10,716
2024-05-11,11,741
2024-05-11,12,819
2024-05-11,13,887
2024-05-11,14,868
2024-05-11,15,894
2024-05-11,16,850
2024-05-11,17,913
2024-05-11,18,959
2024-05-11,19,793
2024-05-11,20,646
2024-05-11,21,560
2024-05-11,22,554
2024-05-11,23,467
2024-05-12,0,329
2024-05-12,1,213
2024-05-12,2,129
2024-05-12,3,107
2024-05-12,4,124
2024-05-12,5,153
2024-05-12,6,188
2024-05-12,7,232
2024-05-12,8,338
2024-05-12,9,566
2024-05-12,10,703
2024-05-12,11,752
2024-05-12,12,789
2024-05-12,13,868
2024-05-12,14,861
2024-05-12,15,847
2024-05-12,16,872
2024-05-12,17,921
2024-05-12,18,893
2024-05-12,19,802
2024-05-12,20,860
2024-05-12,21,643
2024-05-12,22,483
2024-05-12,23,386
2024-05-13,0,329
2024-05-13,1,164
2024-05-13,2,67
2024-05-13,3,51
2024-05-13,4,93
2024-05-13,5,199
2024-05-13,6,410
2024-05-13,7,759
2024-05-13,8,1124
2024-05-13,9,1233
2024-05-13,10,1052
2024-05-13,11,1220
2024-05-13,12,1130
2024-05-13,13,1244
2024-05-13,14,1355
2024-05-13,15,1494
2024-05-13,16,1293
2024-05-13,17,1388
2024-05-13,18,1048
2024-05-13,19,902
2024-05-13,20,861
2024-05-13,21,873
2024-05-13,22,646
2024-05-13,23,366
2024-05-14,0,265
2024-05-14,1,150
2024-05-14,2,88
2024-05-14,3,74
2024-05-14,4,105
2024-05-14,5,190
2024-05-14,6,381
2024-05-14,7,939
2024-05-14,8,1490
2024-05-14,9,1384
2024-05-14,10,1219
2024-05-14,11,1203
2024-05-14,12,1215
2024-05-14,13,1229
2024-05-14,14,1321
2024-05-14,15,1313
2024-05-14,16,1503
2024-05-14,17,1539
2024-05-14,18,1298
2024-05-14,19,1048
2024-05-14,20,883
2024-05-14,21,748
2024-05-14,22,550
2024-05-14,23,349
2024-05-15,0,221
2024-05-15,1,88
2024-05-15,2,65
2024-05-15,3,70
2024-05-15,4,97
2024-05-15,5,172
2024-05-15,6,427
2024-05-15,7,983
2024-05-15,8,1360
2024-05-15,9,1305
2024-05-15,10,1224
2024-05-15,11,1360
2024-05-15,12,1340
2024-05-15,13,1430
2024-05-15,14,1441
2024-05-15,15,1517
2024-05-15,16,1696
2024-05-15,17,1548
2024-05-15,18,1411
2024-05-15,19,1189
2024-05-15,20,1046
2024-05-15,21,833
2024-05-15,22,712
2024-05-15,23,445
2024-05-16,0,272
2024-05-16,1,124
2024-05-16,2,87
2024-05-16,3,74
2024-05-16,4,102
2024-05-16,5,243
2024-05-16,6,476
2024-05-16,7,949
2024-05-16,8,1296
2024-05-16,9,1343
2024-05-16,10,1216
2024-05-16,11,1335
2024-05-16,12,1400
2024-05-16,13,1520
2024-05-16,14,1559
2024-05-16,15,1621
2024-05-16,16,1698
2024-05-16,17,1691
2024-05-16,18,1591
2024-05-16,19,1350
2024-05-16,20,1185
2024-05-16,21,1050
2024-05-16,22,963
2024-05-16,23,657
2024-05-17,0,379
2024-05-17,1,263
2024-05-17,2,152
2024-05-17,3,97
2024-05-17,4,143
2024-05-17,5,284
2024-05-17,6,473
2024-05-17,7,774
2024-05-17,8,1093
2024-05-17,9,1264
2024-05-17,10,1269
2024-05-17,11,1450
2024-05-17,12,1592
2024-05-17,13,1470
2024-05-17,14,1557
2024-05-17,15,1508
2024-05-17,16,1671
2024-05-17,17,1690
2024-05-17,18,1711
2024-05-17,19,1513
2024-05-17,20,1208
2024-05-17,21,974
2024-05-17,22,830
2024-05-17,23,653
2024-05-18,0,396
2024-05-18,1,285
2024-05-18,2,185
2024-05-18,3,132
2024-05-18,4,132
2024-05-18,5,158
2024-05-18,6,230
2024-05-18,7,440
2024-05-18,8,778
2024-05-18,9,973
2024-05-18,10,1047
2024-05-18,11,1131
2024-05-18,12,1157
2024-05-18,13,1182
2024-05-18,14,1190
2024-05-18,15,1201
2024-05-18,16,1324
2024-05-18,17,1489
2024-05-18,18,1459
2024-05-18,19,1265
2024-05-18,20,966
2024-05-18,21,859
2024-05-18,22,815
2024-05-18,23,681
2024-05-19,0,472
2024-05-19,1,290
2024-05-19,2,186
2024-05-19,3,126
2024-05-19,4,148
2024-05-19,5,171
2024-05-19,6,316
2024-05-19,7,433
2024-05-19,8,701
2024-05-19,9,1048
2024-05-19,10,1128
2024-05-19,11,1182
2024-05-19,12,1226
2024-05-19,13,1206
2024-05-19,14,1211
2024-05-19,15,1173
2024-05-19,16,1203
2024-05-19,17,1355
2024-05-19,18,1274
2024-05-19,19,1117
2024-05-19,20,974
2024-05-19,21,856
2024-05-19,22,695
2024-05-19,23,516
2024-05-20,0,387
2024-05-20,1,231
2024-05-20,2,124
2024-05-20,3,94
2024-05-20,4,156
2024-05-20,5,318
2024-05-20,6,589
2024-05-20,7,925
2024-05-20,8,1276
2024-05-20,9,1483
2024-05-20,10,1405
2024-05-20,11,1359
2024-05-20,12,1391
2024-05-20,13,1326
2024-05-20,14,1444
2024-05-20,15,1380
2024-05-20,16,1306
2024-05-20,17,1442
2024-05-20,18,1423
2024-05-20,19,1240
2024-05-20,20,1065
2024-05-20,21,1000
2024-05-20,22,874
2024-05-20,23,629
2024-05-21,0,519
2024-05-21,1,289
2024-05-21,2,178
2024-05-21,3,88
2024-05-21,4,139
2024-05-21,5,274
2024-05-21,6,547
2024-05-21,7,1000
2024-05-21,8,1284
2024-05-21,9,1462
2024-05-21,10,1328
2024-05-21,11,1466
2024-05-21,12,1590
2024-05-21,13,1648
2024-05-21,14,1706
2024-05-21,15,1728
2024-05-21,16,1700
2024-05-21,17,1606
2024-05-21,18,1545
2024-05-21,19,1216
2024-05-21,20,984
2024-05-21,21,988
2024-05-21,22,831
2024-05-21,23,606
2024-05-22,0,418
2024-05-22,1,227
2024-05-22,2,108
2024-05-22,3,85
2024-05-22,4,165
2024-05-22,5,278
2024-05-22,6,556
2024-05-22,7,978
2024-05-22,8,1265
2024-05-22,9,1346
2024-05-22,10,1220
2024-05-22,11,1385
2024-05-22,12,1354
2024-05-22,13,1464
2024-05-22,14,1441
2024-05-22,15,1510
2024-05-22,16,1477
2024-05-22,17,1464
2024-05-22,18,1322
2024-05-22,19,1141
2024-05-22,20,1086
2024-05-22,21,980
2024-05-22,22,826
2024-05-22,23,475
2024-05-23,0,309
2024-05-23,1,177
2024-05-23,2,103
2024-05-23,3,81
2024-05-23,4,134
2024-05-23,5,272
2024-05-23,6,528
2024-05-23,7,870
2024-05-23,8,1119
2024-05-23,9,1221
2024-05-23,10,1205
2024-05-23,11,1302
2024-05-23,12,1489
2024-05-23,13,1479
2024-05-23,14,1487
2024-05-23,15,1474
2024-05-23,16,1393
2024-05-23,17,1359
2024-05-23,18,1250
2024-05-23,19,1189
2024-05-23,20,1053
2024-05-23,21,950
2024-05-23,22,697
2024-05-23,23,511
2024-05-24,0,322
2024-05-24,1,220
2024-05-24,2,132
2024-05-24,3,76
2024-05-24,4,143
2024-05-24,5,269
2024-05-24,6,454
2024-05-24,7,711
2024-05-24,8,895
2024-05-24,9,980
2024-05-24,10,1033
2024-05-24,11,1164
2024-05-24,12,1212
2024-05-24,13,1189
2024-05-24,14,1075
2024-05-24,15,1259
2024-05-24,16,1190
2024-05-24,17,1191
2024-05-24,18,1067
2024-05-24,19,882
2024-05-24,20,751
2024-05-24,21,709
2024-05-24,22,694
2024-05-24,23,692
2024-05-25,0,592
2024-05-25,1,412
2024-05-25,2,282
2024-05-25,3,148
2024-05-25,4,121
2024-05-25,5,157
2024-05-25,6,221
2024-05-25,7,296
2024-05-25,8,397
2024-05-25,9,578
2024-05-25,10,711
2024-05-25,11,824
2024-05-25,12,933
2024-05-25,13,857
2024-05-25,14,892
2024-05-25,15,876
2024-05-25,16,948
2024-05-25,17,955
2024-05-25,18,945
2024-05-25,19,914
2024-05-25,20,694
2024-05-25,21,706
2024-05-25,22,685
2024-05-25,23,605
2024-05-26,0,425
2024-05-26,1,292
2024-05-26,2,241
2024-05-26,3,162
2024-05-26,4,146
2024-05-26,5,124
2024-05-26,6,174
2024-05-26,7,225
2024-05-26,8,284
2024-05-26,9,494
2024-05-26,10,708
2024-05-26,11,915
2024-05-26,12,880
2024-05-26,13,824
2024-05-26,14,798
2024-05-26,15,738
2024-05-26,16,785
2024-05-26,17,680
2024-05-26,18,624
2024-05-26,19,570
2024-05-26,20,547
2024-05-26,21,534
2024-05-26,22,551
2024-05-26,23,537
2024-05-27,0,412
2024-05-27,1,255
2024-05-27,2,167
2024-05-27,3,132
2024-05-27,4,127
2024-05-27,5,183
2024-05-27,6,214
2024-05-27,7,277
2024-05-27,8,327
2024-05-27,9,453
2024-05-27,10,600
2024-05-27,11,708
2024-05-27,12,730
2024-05-27,13,776
2024-05-27,14,793
2024-05-27,15,821
2024-05-27,16,806
2024-05-27,17,840
2024-05-27,18,750
2024-05-27,19,762
2024-05-27,20,611
2024-05-27,21,697
2024-05-27,22,540
2024-05-27,23,433
2024-05-28,0,321
2024-05-28,1,216
2024-05-28,2,107
2024-05-28,3,76
2024-05-28,4,99
2024-05-28,5,227
2024-05-28,6,456
2024-05-28,7,767
2024-05-28,8,1162
2024-05-28,9,1209
2024-05-28,10,1087
2024-05-28,11,1134
2024-05-28,12,1216
2024-05-28,13,1189
2024-05-28,14,1290
2024-05-28,15,1315
2024-05-28,16,1348
2024-05-28,17,1247
2024-05-28,18,1319
2024-05-28,19,943
2024-05-28,20,823
2024-05-28,21,753
2024-05-28,22,633
2024-05-28,23,438
2024-05-29,0,296
2024-05-29,1,161
2024-05-29,2,70
2024-05-29,3,45
2024-05-29,4,94
2024-05-29,5,175
2024-05-29,6,378
2024-05-29,7,775
2024-05-29,8,1283
2024-05-29,9,1256
2024-05-29,10,1123
2024-05-29,11,1164
2024-05-29,12,1294
2024-05-29,13,1295
2024-05-29,14,1363
2024-05-29,15,1349
2024-05-29,16,1431
2024-05-29,17,1444
2024-05-29,18,1348
2024-05-29,19,1161
2024-05-29,20,945
2024-05-29,21,905
2024-05-29,22,618
2024-05-29,23,408
2024-05-30,0,314
2024-05-30,1,168
2024-05-30,2,87
2024-05-30,3,78
2024-05-30,4,105
2024-05-30,5,187
2024-05-30,6,442
2024-05-30,7,888
2024-05-30,8,1343
2024-05-30,9,1419
2024-05-30,10,1323
2024-05-30,11,1355
2024-05-30,12,1521
2024-05-30,13,1510
2024-05-30,14,1552
2024-05-30,15,1606
2024-05-30,16,1638
2024-05-30,17,1718
2024-05-30,18,1629
2024-05-30,19,1500
2024-05-30,20,1215
2024-05-30,21,1051
2024-05-30,22,817
2024-05-30,23,576
2024-05-31,0,449
2024-05-31,1,236
2024-05-31,2,124
2024-05-31,3,88
2024-05-31,4,129
2024-05-31,5,209
2024-05-31,6,459
2024-05-31,7,978
2024-05-31,8,1266
2024-05-31,9,1437
2024-05-31,10,1534
2024-05-31,11,1617
2024-05-31,12,1798
2024-05-31,13,1724
2024-05-31,14,1647
2024-05-31,15,1696
2024-05-31,16,1710
2024-05-31,17,1784
2024-05-31,18,1861
2024-05-31,19,1670
2024-05-31,20,1356
2024-05-31,21,1189
2024-05-31,22,1041
2024-05-31,23,749
2024-06-01,0,533
2024-06-01,1,322
2024-06-01,2,178
2024-06-01,3,158
2024-06-01,4,113
2024-06-01,5,171
2024-06-01,6,357
2024-06-01,7,551
2024-06-01,8,852
2024-06-01,9,938
2024-06-01,10,1081
2024-06-01,11,1220
2024-06-01,12,1289
2024-06-01,13,1294
2024-06-01,14,1259
2024-06-01,15,1328
2024-06-01,16,1368
2024-06-01,17,1340
2024-06-01,18,1459
2024-06-01,19,1469
2024-06-01,20,1228
2024-06-01,21,1009
2024-06-01,22,956
2024-06-01,23,784
2024-06-02,0,572
2024-06-02,1,356
2024-06-02,2,214
2024-06-02,3,176
2024-06-02,4,134
2024-06-02,5,211
2024-06-02,6,389
2024-06-02,7,539
2024-06-02,8,738
2024-06-02,9,836
2024-06-02,10,979
2024-06-02,11,1061
2024-06-02,12,1109
2024-06-02,13,1174
2024-06-02,14,1194
2024-06-02,15,1192
2024-06-02,16,1233
2024-06-02,17,1282
2024-06-02,18,1345
2024-06-02,19,1206
2024-06-02,20,1109
2024-06-02,21,893
2024-06-02,22,707
2024-06-02,23,615
2024-06-03,0,425
2024-06-03,1,230
2024-06-03,2,107
2024-06-03,3,83
2024-06-03,4,176
2024-06-03,5,311
2024-06-03,6,614
2024-06-03,7,897
2024-06-03,8,1245
2024-06-03,9,1309
2024-06-03,10,1391
2024-06-03,11,1516
2024-06-03,12,1576
2024-06-03,13,1597
2024-06-03,14,1618
2024-06-03,15,1621
2024-06-03,16,1519
2024-06-03,17,1568
2024-06-03,18,1617
2024-06-03,19,1334
2024-06-03,20,969
2024-06-03,21,874
2024-06-03,22,582
2024-06-03,23,421
2024-06-04,0,261
2024-06-04,1,165
2024-06-04,2,85
2024-06-04,3,89
2024-06-04,4,161
2024-06-04,5,323
2024-06-04,6,651
2024-06-04,7,900
2024-06-04,8,1237
2024-06-04,9,1421
2024-06-04,10,1380
2024-06-04,11,1622
2024-06-04,12,1626
2024-06-04,13,1673
2024-06-04,14,1580
2024-06-04,15,1466
2024-06-04,16,1542
2024-06-04,17,1560
2024-06-04,18,1397
2024-06-04,19,1111
2024-06-04,20,1004
2024-06-04,21,875
2024-06-04,22,718
2024-06-04,23,498
2024-06-05,0,284
2024-06-05,1,111
2024-06-05,2,91
2024-06-05,3,72
2024-06-05,4,124
2024-06-05,5,230
2024-06-05,6,482
2024-06-05,7,956
2024-06-05,8,1427
2024-06-05,9,1369
2024-06-05,10,1288
2024-06-05,11,1315
2024-06-05,12,1367
2024-06-05,13,1406
2024-06-05,14,1473
2024-06-05,15,1505
2024-06-05,16,1638
2024-06-05,17,1590
2024-06-05,18,1567
2024-06-05,19,1255
2024-06-05,20,1112
2024-06-05,21,886
2024-06-05,22,724
2024-06-05,23,562
2024-06-06,0,420
2024-06-06,1,235
2024-06-06,2,100
2024-06-06,3,70
2024-06-06,4,119
2024-06-06,5,226
2024-06-06,6,498
2024-06-06,7,885
2024-06-06,8,1234
2024-06-06,9,1268
2024-06-06,10,1242
2024-06-06,11,1342
2024-06-06,12,1453
2024-06-06,13,1470
2024-06-06,14,1497
2024-06-06,15,1436
2024-06-06,16,1476
2024-06-06,17,1526
2024-06-06,18,1451
2024-06-06,19,1200
2024-06-06,20,1050
2024-06-06,21,928
2024-06-06,22,732
2024-06-06,23,547
2024-06-07,0,430
2024-06-07,1,202
2024-06-07,2,98
2024-06-07,3,80
2024-06-07,4,114
2024-06-07,5,236
2024-06-07,6,457
2024-06-07,7,714
2024-06-07,8,899
2024-06-07,9,1084
2024-06-07,10,1158
2024-06-07,11,1299
2024-06-07,12,1360
2024-06-07,13,1322
2024-06-07,14,1406
2024-06-07,15,1366
2024-06-07,16,1356
2024-06-07,17,1407
2024-06-07,18,1360
2024-06-07,19,1104
2024-06-07,20,1006
2024-06-07,21,857
2024-06-07,22,688
2024-06-07,23,544
2024-06-08,0,381
2024-06-08,1,269
2024-06-08,2,162
2024-06-08,3,111
2024-06-08,4,135
2024-06-08,5,158
2024-06-08,6,225
2024-06-08,7,296
2024-06-08,8,465
2024-06-08,9,684
2024-06-08,10,895
2024-06-08,11,911
2024-06-08,12,1009
2024-06-08,13,1026
2024-06-08,14,1128
2024-06-08,15,1160
2024-06-08,16,1170
2024-06-08,17,1206
2024-06-08,18,1203
2024-06-08,19,1011
2024-06-08,20,790
2024-06-08,21,728
2024-06-08,22,612
2024-06-08,23,528
2024-06-09,0,433
2024-06-09,1,266
2024-06-09,2,161
2024-06-09,3,153
2024-06-09,4,152
2024-06-09,5,216
2024-06-09,6,317
2024-06-09,7,342
2024-06-09,8,459
2024-06-09,9,780
2024-06-09,10,990
2024-06-09,11,1054
2024-06-09,12,1152
2024-06-09,13,1160
2024-06-09,14,1112
2024-06-09,15,1106
2024-06-09,16,1153
2024-06-09,17,1164
2024-06-09,18,1155
2024-06-09,19,1003
2024-06-09,20,926
2024-06-09,21,822
2024-06-09,22,732
2024-06-09,23,478
2024-06-10,0,322
2024-06-10,1,172
2024-06-10,2,109
2024-06-10,3,74
2024-06-10,4,124
2024-06-10,5,260
2024-06-10,6,517
2024-06-10,7,836
2024-06-10,8,1347
2024-06-10,9,1404
2024-06-10,10,1334
2024-06-10,11,1363
2024-06-10,12,1475
2024-06-10,13,1497
2024-06-10,14,1454
2024-06-10,15,1554
2024-06-10,16,1616
2024-06-10,17,1623
2024-06-10,18,1556
2024-06-10,19,1317
2024-06-10,20,995
2024-06-10,21,846
2024-06-10,22,638
2024-06-10,23,392
2024-06-11,0,354
2024-06-11,1,204
2024-06-11,2,97
2024-06-11,3,71
2024-06-11,4,111
2024-06-11,5,213
2024-06-11,6,396
2024-06-11,7,949
2024-06-11,8,1485
2024-06-11,9,1594
2024-06-11,10,1432
2024-06-11,11,1465
2024-06-11,12,1564
2024-06-11,13,1571
2024-06-11,14,1598
2024-06-11,15,1618
2024-06-11,16,1684
2024-06-11,17,1694
2024-06-11,18,1516
2024-06-11,19,1226
2024-06-11,20,1031
2024-06-11,21,803
2024-06-11,22,562
2024-06-11,23,403
2024-06-12,0,272
2024-06-12,1,102
2024-06-12,2,61
2024-06-12,3,60
2024-06-12,4,120
2024-06-12,5,224
2024-06-12,6,533
2024-06-12,7,924
2024-06-12,8,1462
2024-06-12,9,1593
2024-06-12,10,1275
2024-06-12,11,1451
2024-06-12,12,1568
2024-06-12,13,1499
2024-06-12,14,1480
2024-06-12,15,1528
2024-06-12,16,1489
2024-06-12,17,1598
2024-06-12,18,1493
2024-06-12,19,1248
2024-06-12,20,1101
2024-06-12,21,1015
2024-06-12,22,739
2024-06-12,23,443
2024-06-13,0,254
2024-06-13,1,163
2024-06-13,2,74
2024-06-13,3,75
2024-06-13,4,108
2024-06-13,5,238
2024-06-13,6,432
2024-06-13,7,869
2024-06-13,8,1490
2024-06-13,9,1331
2024-06-13,10,1286
2024-06-13,11,1479
2024-06-13,12,1433
2024-06-13,13,1548
2024-06-13,14,1523
2024-06-13,15,1535
2024-06-13,16,1502
2024-06-13,17,1594
2024-06-13,18,1553
2024-06-13,19,1295
2024-06-13,20,1133
2024-06-13,21,988
2024-06-13,22,822
2024-06-13,23,530
2024-06-14,0,352
2024-06-14,1,215
2024-06-14,2,117
2024-06-14,3,98
2024-06-14,4,131
2024-06-14,5,243
2024-06-14,6,446
2024-06-14,7,682
2024-06-14,8,971
2024-06-14,9,1132
2024-06-14,10,1211
2024-06-14,11,1277
2024-06-14,12,1319
2024-06-14,13,1298
2024-06-14,14,1280
2024-06-14,15,1413
2024-06-14,16,1445
2024-06-14,17,1510
2024-06-14,18,1505
2024-06-14,19,1319
2024-06-14,20,1032
2024-06-14,21,791
2024-06-14,22,780
2024-06-14,23,606
2024-06-15,0,452
2024-06-15,1,368
2024-06-15,2,227
2024-06-15,3,161
2024-06-15,4,129
2024-06-15,5,176
2024-06-15,6,211
2024-06-15,7,293
2024-06-15,8,413
2024-06-15,9,636
2024-06-15,10,837
2024-06-15,11,928
2024-06-15,12,975
2024-06-15,13,953
2024-06-15,14,997
2024-06-15,15,1091
2024-06-15,16,1193
2024-06-15,17,1135
2024-06-15,18,1050
2024-06-15,19,880
2024-06-15,20,771
2024-06-15,21,737
2024-06-15,22,674
2024-06-15,23,676
2024-06-16,0,538
2024-06-16,1,315
2024-06-16,2,198
2024-06-16,3,114
2024-06-16,4,138
2024-06-16,5,201
2024-06-16,6,285
2024-06-16,7,320
2024-06-16,8,394
2024-06-16,9,613
2024-06-16,10,825
2024-06-16,11,813
2024-06-16,12,830
2024-06-16,13,859
2024-06-16,14,927
2024-06-16,15,941
2024-06-16,16,1008
2024-06-16,17,880
2024-06-16,18,756
2024-06-16,19,705
2024-06-16,20,617
2024-06-16,21,690
2024-06-16,22,582
2024-06-16,23,550
2024-06-17,0,403
2024-06-17,1,190
2024-06-17,2,94
2024-06-17,3,74
2024-06-17,4,109
2024-06-17,5,228
2024-06-17,6,464
2024-06-17,7,734
2024-06-17,8,1064
2024-06-17,9,1220
2024-06-17,10,1136
2024-06-17,11,1147
2024-06-17,12,1251
2024-06-17,13,1304
2024-06-17,14,1334
2024-06-17,15,1327
2024-06-17,16,1277
2024-06-17,17,1386
2024-06-17,18,1210
2024-06-17,19,862
2024-06-17,20,780
2024-06-17,21,795
2024-06-17,22,564
2024-06-17,23,370
2024-06-18,0,259
2024-06-18,1,163
2024-06-18,2,91
2024-06-18,3,48
2024-06-18,4,98
2024-06-18,5,176
2024-06-18,6,362
2024-06-18,7,862
2024-06-18,8,1239
2024-06-18,9,1292
2024-06-18,10,1158
2024-06-18,11,1095
2024-06-18,12,1229
2024-06-18,13,1335
2024-06-18,14,1407
2024-06-18,15,1388
2024-06-18,16,1442
2024-06-18,17,1580
2024-06-18,18,1411
2024-06-18,19,1067
2024-06-18,20,925
2024-06-18,21,880
2024-06-18,22,646
2024-06-18,23,443
2024-06-19,0,336
2024-06-19,1,159
2024-06-19,2,85
2024-06-19,3,58
2024-06-19,4,90
2024-06-19,5,207
2024-06-19,6,326
2024-06-19,7,577
2024-06-19,8,759
2024-06-19,9,1023
2024-06-19,10,1050
2024-06-19,11,1257
2024-06-19,12,1415
2024-06-19,13,1328
2024-06-19,14,1339
2024-06-19,15,1337
2024-06-19,16,1338
2024-06-19,17,1416
2024-06-19,18,1250
2024-06-19,19,1122
2024-06-19,20,848
2024-06-19,21,860
2024-06-19,22,703
2024-06-19,23,434
2024-06-20,0,278
2024-06-20,1,157
2024-06-20,2,71
2024-06-20,3,68
2024-06-20,4,86
2024-06-20,5,213
2024-06-20,6,453
2024-06-20,7,871
2024-06-20,8,1253
2024-06-20,9,1360
2024-06-20,10,1183
2024-06-20,11,1304
2024-06-20,12,1373
2024-06-20,13,1404
2024-06-20,14,1475
2024-06-20,15,1405
2024-06-20,16,1536
2024-06-20,17,1604
2024-06-20,18,1688
2024-06-20,19,1351
2024-06-20,20,1100
2024-06-20,21,977
2024-06-20,22,805
2024-06-20,23,546
2024-06-21,0,336
2024-06-21,1,194
2024-06-21,2,137
2024-06-21,3,84
2024-06-21,4,103
2024-06-21,5,235
2024-06-21,6,370
2024-06-21,7,703
2024-06-21,8,1106
2024-06-21,9,1153
2024-06-21,10,1198
2024-06-21,11,1308
2024-06-21,12,1422
2024-06-21,13,1362
2024-06-21,14,1386
2024-06-21,15,1458
2024-06-21,16,1529
2024-06-21,17,1652
2024-06-21,18,1677
2024-06-21,19,1305
2024-06-21,20,1015
2024-06-21,21,854
2024-06-21,22,663
2024-06-21,23,633
2024-06-22,0,594
2024-06-22,1,393
2024-06-22,2,242
2024-06-22,3,168
2024-06-22,4,152
2024-06-22,5,174
2024-06-22,6,224
2024-06-22,7,344
2024-06-22,8,465
2024-06-22,9,747
2024-06-22,10,956
2024-06-22,11,1083
2024-06-22,12,1171
2024-06-22,13,1139
2024-06-22,14,1102
2024-06-22,15,1149
2024-06-22,16,1180
2024-06-22,17,1282
2024-06-22,18,1215
2024-06-22,19,1138
2024-06-22,20,879
2024-06-22,21,720
2024-06-22,22,712
2024-06-22,23,660
2024-06-23,0,539
2024-06-23,1,277
2024-06-23,2,239
2024-06-23,3,182
2024-06-23,4,164
2024-06-23,5,209
2024-06-23,6,331
2024-06-23,7,401
2024-06-23,8,506
2024-06-23,9,775
2024-06-23,10,998
2024-06-23,11,1100
2024-06-23,12,1218
2024-06-23,13,1078
2024-06-23,14,1161
2024-06-23,15,1103
2024-06-23,16,1062
2024-06-23,17,1142
2024-06-23,18,1094
2024-06-23,19,1012
2024-06-23,20,917
2024-06-23,21,796
2024-06-23,22,640
2024-06-23,23,527
2024-06-24,0,345
2024-06-24,1,298
2024-06-24,2,138
2024-06-24,3,96
2024-06-24,4,119
2024-06-24,5,314
2024-06-24,6,521
2024-06-24,7,850
2024-06-24,8,1166
2024-06-24,9,1301
2024-06-24,10,1207
2024-06-24,11,1233
2024-06-24,12,1291
2024-06-24,13,1341
2024-06-24,14,1388
2024-06-24,15,1430
2024-06-24,16,1471
2024-06-24,17,1537
2024-06-24,18,1485
2024-06-24,19,1143
2024-06-24,20,924
2024-06-24,21,813
2024-06-24,22,595
2024-06-24,23,342
2024-06-25,0,357
2024-06-25,1,272
2024-06-25,2,127
2024-06-25,3,85
2024-06-25,4,84
2024-06-25,5,207
2024-06-25,6,452
2024-06-25,7,1222
2024-06-25,8,1550
2024-06-25,9,1352
2024-06-25,10,1072
2024-06-25,11,1195
2024-06-25,12,1386
2024-06-25,13,1426
2024-06-25,14,1491
2024-06-25,15,1627
2024-06-25,16,1706
2024-06-25,17,1671
2024-06-25,18,1390
2024-06-25,19,1244
2024-06-25,20,1084
2024-06-25,21,998
2024-06-25,22,780
2024-06-25,23,597
2024-06-26,0,351
2024-06-26,1,228
2024-06-26,2,137
2024-06-26,3,95
2024-06-26,4,129
2024-06-26,5,272
2024-06-26,6,557
2024-06-26,7,977
2024-06-26,8,1366
2024-06-26,9,1450
2024-06-26,10,1381
2024-06-26,11,1567
2024-06-26,12,1564
2024-06-26,13,1572
2024-06-26,14,1518
2024-06-26,15,1616
2024-06-26,16,1561
2024-06-26,17,1504
2024-06-26,18,1473
2024-06-26,19,1303
2024-06-26,20,1096
2024-06-26,21,1008
2024-06-26,22,727
2024-06-26,23,453
2024-06-27,0,351
2024-06-27,1,268
2024-06-27,2,97
2024-06-27,3,104
2024-06-27,4,137
2024-06-27,5,254
2024-06-27,6,467
2024-06-27,7,896
2024-06-27,8,1268
2024-06-27,9,1330
2024-06-27,10,1228
2024-06-27,11,1360
2024-06-27,12,1374
2024-06-27,13,1440
2024-06-27,14,1448
2024-06-27,15,1406
2024-06-27,16,1453
2024-06-27,17,1545
2024-06-27,18,1428
2024-06-27,19,1323
2024-06-27,20,1152
2024-06-27,21,890
2024-06-27,22,829
2024-06-27,23,591
2024-06-28,0,450
2024-06-28,1,276
2024-06-28,2,122
2024-06-28,3,82
2024-06-28,4,133
2024-06-28,5,248
2024-06-28,6,463
2024-06-28,7,645
2024-06-28,8,1025
2024-06-28,9,1086
2024-06-28,10,1141
2024-06-28,11,1371
2024-06-28,12,1407
2024-06-28,13,1247
2024-06-28,14,1357
2024-06-28,15,1269
2024-06-28,16,1259
2024-06-28,17,1369
2024-06-28,18,1446
2024-06-28,19,1150
2024-06-28,20,905
2024-06-28,21,749
2024-06-28,22,580
2024-06-28,23,444
2024-06-29,0,351
2024-06-29,1,261
2024-06-29,2,173
2024-06-29,3,133
2024-06-29,4,102
2024-06-29,5,128
2024-06-29,6,210
2024-06-29,7,255
2024-06-29,8,373
2024-06-29,9,567
2024-06-29,10,776
2024-06-29,11,799
2024-06-29,12,915
2024-06-29,13,911
2024-06-29,14,921
2024-06-29,15,917
2024-06-29,16,961
2024-06-29,17,1002
2024-06-29,18,968
2024-06-29,19,821
2024-06-29,20,698
2024-06-29,21,631
2024-06-29,22,622
2024-06-29,23,510
2024-06-30,0,357
2024-06-30,1,234
2024-06-30,2,185
2024-06-30,3,150
2024-06-30,4,132
2024-06-30,5,136
2024-06-30,6,236
2024-06-30,7,228
2024-06-30,8,334
2024-06-30,9,592
2024-06-30,10,780
2024-06-30,11,731
2024-06-30,12,774
2024-06-30,13,832
2024-06-30,14,816
2024-06-30,15,831
2024-06-30,16,868
2024-06-30,17,845
2024-06-30,18,847
2024-06-30,19,756
2024-06-30,20,644
2024-06-30,21,545
2024-06-30,22,419
2024-06-30,23,423
2024-07-01,0,458
2024-07-01,1,297
2024-07-01,2,142
2024-07-01,3,97
2024-07-01,4,120
2024-07-01,5,215
2024-07-01,6,383
2024-07-01,7,642
2024-07-01,8,908
2024-07-01,9,992
2024-07-01,10,1002
2024-07-01,11,1053
2024-07-01,12,1093
2024-07-01,13,1107
2024-07-01,14,1079
2024-07-01,15,1111
2024-07-01,16,1096
2024-07-01,17,1150
2024-07-01,18,862
2024-07-01,19,733
2024-07-01,20,548
2024-07-01,21,477
2024-07-01,22,368
2024-07-01,23,281
2024-07-02,0,230
2024-07-02,1,140
2024-07-02,2,69
2024-07-02,3,67
2024-07-02,4,106
2024-07-02,5,163
2024-07-02,6,371
2024-07-02,7,584
2024-07-02,8,921
2024-07-02,9,1041
2024-07-02,10,1012
2024-07-02,11,1033
2024-07-02,12,1151
2024-07-02,13,1069
2024-07-02,14,1105
2024-07-02,15,1124
2024-07-02,16,1119
2024-07-02,17,1094
2024-07-02,18,977
2024-07-02,19,814
2024-07-02,20,665
2024-07-02,21,523
2024-07-02,22,484
2024-07-02,23,304
2024-07-03,0,178
2024-07-03,1,135
2024-07-03,2,74
2024-07-03,3,62
2024-07-03,4,76
2024-07-03,5,154
2024-07-03,6,307
2024-07-03,7,548
2024-07-03,8,766
2024-07-03,9,954
2024-07-03,10,937
2024-07-03,11,1011
2024-07-03,12,1165
2024-07-03,13,1178
2024-07-03,14,1179
2024-07-03,15,1215
2024-07-03,16,1184
2024-07-03,17,1127
2024-07-03,18,1030
2024-07-03,19,834
2024-07-03,20,726
2024-07-03,21,560
2024-07-03,22,549
2024-07-03,23,384
2024-07-04,0,295
2024-07-04,1,185
2024-07-04,2,105
2024-07-04,3,68
2024-07-04,4,79
2024-07-04,5,131
2024-07-04,6,163
2024-07-04,7,172
2024-07-04,8,219
2024-07-04,9,357
2024-07-04,10,520
2024-07-04,11,596
2024-07-04,12,654
2024-07-04,13,642
2024-07-04,14,636
2024-07-04,15,640
2024-07-04,16,685
2024-07-04,17,662
2024-07-04,18,707
2024-07-04,19,615
2024-07-04,20,488
2024-07-04,21,391
2024-07-04,22,373
2024-07-04,23,281
2024-07-05,0,173
2024-07-05,1,111
2024-07-05,2,77
2024-07-05,3,67
2024-07-05,4,79
2024-07-05,5,137
2024-07-05,6,207
2024-07-05,7,330
2024-07-05,8,464
2024-07-05,9,633
2024-07-05,10,782
2024-07-05,11,955
2024-07-05,12,919
2024-07-05,13,936
2024-07-05,14,930
2024-07-05,15,985
2024-07-05,16,990
2024-07-05,17,1049
2024-07-05,18,899
2024-07-05,19,759
2024-07-05,20,621
2024-07-05,21,535
2024-07-05,22,417
2024-07-05,23,333
2024-07-06,0,225
2024-07-06,1,166
2024-07-06,2,153
2024-07-06,3,103
2024-07-06,4,98
2024-07-06,5,102
2024-07-06,6,159
2024-07-06,7,187
2024-07-06,8,328
2024-07-06,9,485
2024-07-06,10,624
2024-07-06,11,730
2024-07-06,12,815
2024-07-06,13,880
2024-07-06,14,845
2024-07-06,15,787
2024-07-06,16,814
2024-07-06,17,866
2024-07-06,18,849
2024-07-06,19,872
2024-07-06,20,727
2024-07-06,21,608
2024-07-06,22,542
2024-07-06,23,375
2024-07-07,0,294
2024-07-07,1,161
2024-07-07,2,133
2024-07-07,3,120
2024-07-07,4,117
2024-07-07,5,180
2024-07-07,6,201
2024-07-07,7,271
2024-07-07,8,379
2024-07-07,9,552
2024-07-07,10,732
2024-07-07,11,749
2024-07-07,12,809
2024-07-07,13,788
2024-07-07,14,809
2024-07-07,15,816
2024-07-07,16,846
2024-07-07,17,914
2024-07-07,18,922
2024-07-07,19,774
2024-07-07,20,768
2024-07-07,21,735
2024-07-07,22,704
2024-07-07,23,610
2024-07-08,0,351
2024-07-08,1,213
2024-07-08,2,163
2024-07-08,3,79
2024-07-08,4,119
2024-07-08,5,213
2024-07-08,6,390
2024-07-08,7,730
2024-07-08,8,1033
2024-07-08,9,1048
2024-07-08,10,1005
2024-07-08,11,1088
2024-07-08,12,1086
2024-07-08,13,1126
2024-07-08,14,1213
2024-07-08,15,1189
2024-07-08,16,1115
2024-07-08,17,1089
2024-07-08,18,1007
2024-07-08,19,885
2024-07-08,20,774
2024-07-08,21,615
2024-07-08,22,424
2024-07-08,23,324
2024-07-09,0,210
2024-07-09,1,129
2024-07-09,2,85
2024-07-09,3,63
2024-07-09,4,89
2024-07-09,5,167
2024-07-09,6,381
2024-07-09,7,783
2024-07-09,8,1131
2024-07-09,9,1195
2024-07-09,10,1118
2024-07-09,11,1118
2024-07-09,12,1203
2024-07-09,13,1161
2024-07-09,14,1146
2024-07-09,15,1280
2024-07-09,16,1441
2024-07-09,17,1547
2024-07-09,18,1263
2024-07-09,19,943
2024-07-09,20,809
2024-07-09,21,668
2024-07-09,22,455
2024-07-09,23,330
2024-07-10,0,222
2024-07-10,1,128
2024-07-10,2,74
2024-07-10,3,51
2024-07-10,4,77
2024-07-10,5,200
2024-07-10,6,472
2024-07-10,7,916
2024-07-10,8,1313
2024-07-10,9,1261
2024-07-10,10,1146
2024-07-10,11,1169
2024-07-10,12,1155
2024-07-10,13,1199
2024-07-10,14,1236
2024-07-10,15,1324
2024-07-10,16,1299
2024-07-10,17,1232
2024-07-10,18,1153
2024-07-10,19,981
2024-07-10,20,839
2024-07-10,21,699
2024-07-10,22,604
2024-07-10,23,445
2024-07-11,0,321
2024-07-11,1,160
2024-07-11,2,78
2024-07-11,3,95
2024-07-11,4,121
2024-07-11,5,169
2024-07-11,6,397
2024-07-11,7,710
2024-07-11,8,1135
2024-07-11,9,1220
2024-07-11,10,1114
2024-07-11,11,1155
2024-07-11,12,1285
2024-07-11,13,1253
2024-07-11,14,1298
2024-07-11,15,1360
2024-07-11,16,1389
2024-07-11,17,1453
2024-07-11,18,1235
2024-07-11,19,1096
2024-07-11,20,999
2024-07-11,21,834
2024-07-11,22,669
2024-07-11,23,428
2024-07-12,0,272
2024-07-12,1,157
2024-07-12,2,94
2024-07-12,3,75
2024-07-12,4,113
2024-07-12,5,214
2024-07-12,6,336
2024-07-12,7,591
2024-07-12,8,821
2024-07-12,9,972
2024-07-12,10,989
2024-07-12,11,1102
2024-07-12,12,1171
2024-07-12,13,1163
2024-07-12,14,1222
2024-07-12,15,1246
2024-07-12,16,1272
2024-07-12,17,1287
2024-07-12,18,1173
2024-07-12,19,1024
2024-07-12,20,873
2024-07-12,21,777
2024-07-12,22,676
2024-07-12,23,470
2024-07-13,0,273
2024-07-13,1,268
2024-07-13,2,143
2024-07-13,3,132
2024-07-13,4,103
2024-07-13,5,137
2024-07-13,6,223
2024-07-13,7,293
2024-07-13,8,396
2024-07-13,9,576
2024-07-13,10,750
2024-07-13,11,786
2024-07-13,12,907
2024-07-13,13,1052
2024-07-13,14,1080
2024-07-13,15,1005
2024-07-13,16,962
2024-07-13,17,1058
2024-07-13,18,890
2024-07-13,19,777
2024-07-13,20,760
2024-07-13,21,741
2024-07-13,22,696
2024-07-13,23,630
2024-07-14,0,414
2024-07-14,1,235
2024-07-14,2,189
2024-07-14,3,131
2024-07-14,4,153
2024-07-14,5,177
2024-07-14,6,226
2024-07-14,7,300
2024-07-14,8,448
2024-07-14,9,526
2024-07-14,10,743
2024-07-14,11,892
2024-07-14,12,1021
2024-07-14,13,1073
2024-07-14,14,1053
2024-07-14,15,1015
2024-07-14,16,975
2024-07-14,17,971
2024-07-14,18,978
2024-07-14,19,913
2024-07-14,20,724
2024-07-14,21,703
2024-07-14,22,473
2024-07-14,23,266
2024-07-15,0,230
2024-07-15,1,276
2024-07-15,2,302
2024-07-15,3,259
2024-07-15,4,189
2024-07-15,5,263
2024-07-15,6,458
2024-07-15,7,822
2024-07-15,8,1170
2024-07-15,9,1395
2024-07-15,10,1230
2024-07-15,11,1252
2024-07-15,12,1313
2024-07-15,13,1373
2024-07-15,14,1480
2024-07-15,15,1380
2024-07-15,16,1448
2024-07-15,17,1499
2024-07-15,18,1395
2024-07-15,19,1092
2024-07-15,20,883
2024-07-15,21,743
2024-07-15,22,477
2024-07-15,23,353
2024-07-16,0,369
2024-07-16,1,329
2024-07-16,2,286
2024-07-16,3,235
2024-07-16,4,155
2024-07-16,5,228
2024-07-16,6,429
2024-07-16,7,839
2024-07-16,8,1307
2024-07-16,9,1409
2024-07-16,10,1300
2024-07-16,11,1234
2024-07-16,12,1335
2024-07-16,13,1371
2024-07-16,14,1399
2024-07-16,15,1392
2024-07-16,16,1522
2024-07-16,17,1573
2024-07-16,18,1345
2024-07-16,19,984
2024-07-16,20,929
2024-07-16,21,885
2024-07-16,22,724
2024-07-16,23,516
2024-07-17,0,317
2024-07-17,1,148
2024-07-17,2,89
2024-07-17,3,72
2024-07-17,4,106
2024-07-17,5,194
2024-07-17,6,422
2024-07-17,7,953
2024-07-17,8,1309
2024-07-17,9,1426
2024-07-17,10,1262
2024-07-17,11,1254
2024-07-17,12,1373
2024-07-17,13,1427
2024-07-17,14,1426
2024-07-17,15,1450
2024-07-17,16,1441
2024-07-17,17,1384
2024-07-17,18,1373
2024-07-17,19,1088
2024-07-17,20,903
2024-07-17,21,777
2024-07-17,22,592
2024-07-17,23,500
2024-07-18,0,347
2024-07-18,1,202
2024-07-18,2,124
2024-07-18,3,119
2024-07-18,4,125
2024-07-18,5,226
2024-07-18,6,439
2024-07-18,7,822
2024-07-18,8,1198
2024-07-18,9,1278
2024-07-18,10,1177
2024-07-18,11,1275
2024-07-18,12,1395
2024-07-18,13,1391
2024-07-18,14,1408
2024-07-18,15,1423
2024-07-18,16,1513
2024-07-18,17,1529
2024-07-18,18,1403
2024-07-18,19,1243
2024-07-18,20,1030
2024-07-18,21,903
2024-07-18,22,695
2024-07-18,23,572
2024-07-19,0,410
2024-07-19,1,229
2024-07-19,2,116
2024-07-19,3,89
2024-07-19,4,101
2024-07-19,5,189
2024-07-19,6,355
2024-07-19,7,605
2024-07-19,8,844
2024-07-19,9,996
2024-07-19,10,1025
2024-07-19,11,1204
2024-07-19,12,1445
2024-07-19,13,1322
2024-07-19,14,1307
2024-07-19,15,1291
2024-07-19,16,1364
2024-07-19,17,1496
2024-07-19,18,1450
2024-07-19,19,1197
2024-07-19,20,964
2024-07-19,21,935
2024-07-19,22,832
2024-07-19,23,649
2024-07-20,0,488
2024-07-20,1,316
2024-07-20,2,265
2024-07-20,3,188
2024-07-20,4,98
2024-07-20,5,118
2024-07-20,6,193
2024-07-20,7,301
2024-07-20,8,414
2024-07-20,9,671
2024-07-20,10,766
2024-07-20,11,940
2024-07-20,12,972
2024-07-20,13,1009
2024-07-20,14,1087
2024-07-20,15,1088
2024-07-20,16,1185
2024-07-20,17,1222
2024-07-20,18,1044
2024-07-20,19,949
2024-07-20,20,800
2024-07-20,21,766
2024-07-20,22,717
2024-07-20,23,644
2024-07-21,0,500
2024-07-21,1,323
2024-07-21,2,238
2024-07-21,3,156
2024-07-21,4,160
2024-07-21,5,169
2024-07-21,6,252
2024-07-21,7,345
2024-07-21,8,441
2024-07-21,9,648
2024-07-21,10,862
2024-07-21,11,930
2024-07-21,12,964
2024-07-21,13,939
2024-07-21,14,920
2024-07-21,15,890
2024-07-21,16,938
2024-07-21,17,989
2024-07-21,18,950
2024-07-21,19,898
2024-07-21,20,733
2024-07-21,21,641
2024-07-21,22,542
2024-07-21,23,370
2024-07-22,0,264
2024-07-22,1,177
2024-07-22,2,138
2024-07-22,3,92
2024-07-22,4,126
2024-07-22,5,240
2024-07-22,6,463
2024-07-22,7,776
2024-07-22,8,1044
2024-07-22,9,1195
2024-07-22,10,1191
2024-07-22,11,1260
2024-07-22,12,1358
2024-07-22,13,1362
2024-07-22,14,1361
2024-07-22,15,1364
2024-07-22,16,1357
2024-07-22,17,1433
2024-07-22,18,1280
2024-07-22,19,1021
2024-07-22,20,814
2024-07-22,21,766
2024-07-22,22,605
2024-07-22,23,439
2024-07-23,0,324
2024-07-23,1,199
2024-07-23,2,159
2024-07-23,3,123
2024-07-23,4,100
2024-07-23,5,203
2024-07-23,6,367
2024-07-23,7,848
2024-07-23,8,1331
2024-07-23,9,1410
2024-07-23,10,1232
2024-07-23,11,1215
2024-07-23,12,1355
2024-07-23,13,1372
2024-07-23,14,1328
2024-07-23,15,1352
2024-07-23,16,1408
2024-07-23,17,1484
2024-07-23,18,1382
2024-07-23,19,1169
2024-07-23,20,781
2024-07-23,21,702
2024-07-23,22,726
2024-07-23,23,674
2024-07-24,0,510
2024-07-24,1,415
2024-07-24,2,209
2024-07-24,3,104
2024-07-24,4,98
2024-07-24,5,209
2024-07-24,6,392
2024-07-24,7,818
2024-07-24,8,1352
2024-07-24,9,1285
2024-07-24,10,1193
2024-07-24,11,1215
2024-07-24,12,1369
2024-07-24,13,1360
2024-07-24,14,1346
2024-07-24,15,1414
2024-07-24,16,1494
2024-07-24,17,1469
2024-07-24,18,1355
2024-07-24,19,1154
2024-07-24,20,989
2024-07-24,21,918
2024-07-24,22,698
2024-07-24,23,467
2024-07-25,0,307
2024-07-25,1,177
2024-07-25,2,78
2024-07-25,3,66
2024-07-25,4,99
2024-07-25,5,181
2024-07-25,6,441
2024-07-25,7,772
2024-07-25,8,1207
2024-07-25,9,1236
2024-07-25,10,1121
2024-07-25,11,1288
2024-07-25,12,1352
2024-07-25,13,1419
2024-07-25,14,1385
2024-07-25,15,1517
2024-07-25,16,1371
2024-07-25,17,1393
2024-07-25,18,1330
2024-07-25,19,1251
2024-07-25,20,1050
2024-07-25,21,886
2024-07-25,22,674
2024-07-25,23,483
2024-07-26,0,315
2024-07-26,1,173
2024-07-26,2,98
2024-07-26,3,85
2024-07-26,4,121
2024-07-26,5,228
2024-07-26,6,345
2024-07-26,7,589
2024-07-26,8,826
2024-07-26,9,961
2024-07-26,10,998
2024-07-26,11,1076
2024-07-26,12,1158
2024-07-26,13,1154
2024-07-26,14,1246
2024-07-26,15,1295
2024-07-26,16,1235
2024-07-26,17,1373
2024-07-26,18,1158
2024-07-26,19,982
2024-07-26,20,748
2024-07-26,21,729
2024-07-26,22,600
2024-07-26,23,466
2024-07-27,0,335
2024-07-27,1,218
2024-07-27,2,152
2024-07-27,3,111
2024-07-27,4,99
2024-07-27,5,110
2024-07-27,6,174
2024-07-27,7,253
2024-07-27,8,371
2024-07-27,9,560
2024-07-27,10,764
2024-07-27,11,808
2024-07-27,12,819
2024-07-27,13,877
2024-07-27,14,916
2024-07-27,15,920
2024-07-27,16,902
2024-07-27,17,992
2024-07-27,18,954
2024-07-27,19,898
2024-07-27,20,723
2024-07-27,21,574
2024-07-27,22,543
2024-07-27,23,507
2024-07-28,0,347
2024-07-28,1,210
2024-07-28,2,160
2024-07-28,3,145
2024-07-28,4,115
2024-07-28,5,173
2024-07-28,6,221
2024-07-28,7,247
2024-07-28,8,369
2024-07-28,9,506
2024-07-28,10,628
2024-07-28,11,734
2024-07-28,12,767
2024-07-28,13,839
2024-07-28,14,810
2024-07-28,15,864
2024-07-28,16,791
2024-07-28,17,817
2024-07-28,18,836
2024-07-28,19,810
2024-07-28,20,627
2024-07-28,21,584
2024-07-28,22,486
2024-07-28,23,323
2024-07-29,0,265
2024-07-29,1,178
2024-07-29,2,99
2024-07-29,3,65
2024-07-29,4,96
2024-07-29,5,207
2024-07-29,6,370
2024-07-29,7,811
2024-07-29,8,1061
2024-07-29,9,1271
2024-07-29,10,1146
2024-07-29,11,1124
2024-07-29,12,1234
2024-07-29,13,1254
2024-07-29,14,1354
2024-07-29,15,1299
2024-07-29,16,1326
2024-07-29,17,1272
2024-07-29,18,1165
2024-07-29,19,943
2024-07-29,20,752
2024-07-29,21,638
2024-07-29,22,511
2024-07-29,23,406
2024-07-30,0,227
2024-07-30,1,119
2024-07-30,2,69
2024-07-30,3,54
2024-07-30,4,72
2024-07-30,5,170
2024-07-30,6,370
2024-07-30,7,814
2024-07-30,8,1221
2024-07-30,9,1317
2024-07-30,10,1194
2024-07-30,11,1138
2024-07-30,12,1230
2024-07-30,13,1225
2024-07-30,14,1303
2024-07-30,15,1358
2024-07-30,16,1345
2024-07-30,17,1319
2024-07-30,18,1299
2024-07-30,19,1055
2024-07-30,20,914
2024-07-30,21,689
2024-07-30,22,549
2024-07-30,23,341
2024-07-31,0,219
2024-07-31,1,145
2024-07-31,2,96
2024-07-31,3,60
2024-07-31,4,84
2024-07-31,5,168
2024-07-31,6,372
2024-07-31,7,840
2024-07-31,8,1313
2024-07-31,9,1351
2024-07-31,10,1201
2024-07-31,11,1223
2024-07-31,12,1328
2024-07-31,13,1421
2024-07-31,14,1415
2024-07-31,15,1531
2024-07-31,16,1544
2024-07-31,17,1595
2024-07-31,18,1467
2024-07-31,19,1185
2024-07-31,20,1062
2024-07-31,21,967
2024-07-31,22,752
2024-07-31,23,533
2024-08-01,0,365
2024-08-01,1,200
2024-08-01,2,105
2024-08-01,3,89
2024-08-01,4,103
2024-08-01,5,242
2024-08-01,6,477
2024-08-01,7,849
2024-08-01,8,1218
2024-08-01,9,1415
2024-08-01,10,1303
2024-08-01,11,1369
2024-08-01,12,1469
2024-08-01,13,1495
2024-08-01,14,1423
2024-08-01,15,1501
2024-08-01,16,1427
2024-08-01,17,1470
2024-08-01,18,1355
2024-08-01,19,1226
2024-08-01,20,1149
2024-08-01,21,944
2024-08-01,22,897
2024-08-01,23,725
2024-08-02,0,434
2024-08-02,1,299
2024-08-02,2,152
2024-08-02,3,112
2024-08-02,4,123
2024-08-02,5,221
2024-08-02,6,378
2024-08-02,7,618
2024-08-02,8,921
2024-08-02,9,1045
2024-08-02,10,1172
2024-08-02,11,1339
2024-08-02,12,1364
2024-08-02,13,1271
2024-08-02,14,1274
2024-08-02,15,1286
2024-08-02,16,1252
2024-08-02,17,1311
2024-08-02,18,1298
2024-08-02,19,1122
2024-08-02,20,960
2024-08-02,21,828
2024-08-02,22,758
2024-08-02,23,661
2024-08-03,0,400
2024-08-03,1,273
2024-08-03,2,200
2024-08-03,3,149
2024-08-03,4,111
2024-08-03,5,125
2024-08-03,6,195
2024-08-03,7,292
2024-08-03,8,413
2024-08-03,9,627
2024-08-03,10,777
2024-08-03,11,959
2024-08-03,12,1058
2024-08-03,13,1009
2024-08-03,14,1037
2024-08-03,15,1000
2024-08-03,16,1043
2024-08-03,17,1044
2024-08-03,18,1004
2024-08-03,19,907
2024-08-03,20,799
2024-08-03,21,660
2024-08-03,22,702
2024-08-03,23,633
2024-08-04,0,465
2024-08-04,1,304
2024-08-04,2,181
2024-08-04,3,150
2024-08-04,4,157
2024-08-04,5,216
2024-08-04,6,277
2024-08-04,7,313
2024-08-04,8,431
2024-08-04,9,656
2024-08-04,10,837
2024-08-04,11,880
2024-08-04,12,997
2024-08-04,13,1000
2024-08-04,14,960
2024-08-04,15,966
2024-08-04,16,920
2024-08-04,17,926
2024-08-04,18,951
2024-08-04,19,854
2024-08-04,20,803
2024-08-04,21,714
2024-08-04,22,625
2024-08-04,23,454
2024-08-05,0,295
2024-08-05,1,199
2024-08-05,2,125
2024-08-05,3,93
2024-08-05,4,140
2024-08-05,5,242
2024-08-05,6,426
2024-08-05,7,961
2024-08-05,8,1083
2024-08-05,9,1060
2024-08-05,10,1096
2024-08-05,11,1225
2024-08-05,12,1320
2024-08-05,13,1287
2024-08-05,14,1336
2024-08-05,15,1304
2024-08-05,16,1283
2024-08-05,17,1340
2024-08-05,18,1236
2024-08-05,19,950
2024-08-05,20,805
2024-08-05,21,740
2024-08-05,22,633
2024-08-05,23,488
2024-08-06,0,346
2024-08-06,1,215
2024-08-06,2,99
2024-08-06,3,82
2024-08-06,4,75
2024-08-06,5,179
2024-08-06,6,412
2024-08-06,7,772
2024-08-06,8,1295
2024-08-06,9,1412
2024-08-06,10,1208
2024-08-06,11,1230
2024-08-06,12,1239
2024-08-06,13,1357
2024-08-06,14,1272
2024-08-06,15,1439
2024-08-06,16,1484
2024-08-06,17,1499
2024-08-06,18,1283
2024-08-06,19,1035
2024-08-06,20,904
2024-08-06,21,783
2024-08-06,22,545
2024-08-06,23,338
2024-08-07,0,239
2024-08-07,1,140
2024-08-07,2,67
2024-08-07,3,55
2024-08-07,4,130
2024-08-07,5,192
2024-08-07,6,383
2024-08-07,7,767
2024-08-07,8,1225
2024-08-07,9,1293
2024-08-07,10,1184
2024-08-07,11,1219
2024-08-07,12,1372
2024-08-07,13,1496
2024-08-07,14,1455
2024-08-07,15,1463
2024-08-07,16,1537
2024-08-07,17,1654
2024-08-07,18,1539
2024-08-07,19,1266
2024-08-07,20,1032
2024-08-07,21,926
2024-08-07,22,654
2024-08-07,23,413
2024-08-08,0,308
2024-08-08,1,167
2024-08-08,2,76
2024-08-08,3,63
2024-08-08,4,125
2024-08-08,5,172
2024-08-08,6,382
2024-08-08,7,756
2024-08-08,8,1235
2024-08-08,9,1276
2024-08-08,10,1118
2024-08-08,11,1198
2024-08-08,12,1338
2024-08-08,13,1414
2024-08-08,14,1406
2024-08-08,15,1440
2024-08-08,16,1591
2024-08-08,17,1651
2024-08-08,18,1539
2024-08-08,19,1279
2024-08-08,20,1097
2024-08-08,21,849
2024-08-08,22,680
2024-08-08,23,491
2024-08-09,0,339
2024-08-09,1,233
2024-08-09,2,124
2024-08-09,3,88
2024-08-09,4,113
2024-08-09,5,193
2024-08-09,6,376
2024-08-09,7,675
2024-08-09,8,912
2024-08-09,9,1088
2024-08-09,10,1073
2024-08-09,11,1261
2024-08-09,12,1200
2024-08-09,13,1221
2024-08-09,14,1344
2024-08-09,15,1353
2024-08-09,16,1484
2024-08-09,17,1614
2024-08-09,18,1497
2024-08-09,19,1176
2024-08-09,20,982
2024-08-09,21,819
2024-08-09,22,737
2024-08-09,23,643
2024-08-10,0,508
2024-08-10,1,338
2024-08-10,2,205
2024-08-10,3,125
2024-08-10,4,125
2024-08-10,5,140
2024-08-10,6,223
2024-08-10,7,336
2024-08-10,8,468
2024-08-10,9,683
2024-08-10,10,835
2024-08-10,11,874
2024-08-10,12,936
2024-08-10,13,945
2024-08-10,14,956
2024-08-10,15,948
2024-08-10,16,1102
2024-08-10,17,1135
2024-08-10,18,1049
2024-08-10,19,856
2024-08-10,20,821
2024-08-10,21,635
2024-08-10,22,574
2024-08-10,23,471
2024-08-11,0,361
2024-08-11,1,228
2024-08-11,2,167
2024-08-11,3,135
2024-08-11,4,155
2024-08-11,5,196
2024-08-11,6,255
2024-08-11,7,286
2024-08-11,8,403
2024-08-11,9,604
2024-08-11,10,801
2024-08-11,11,901
2024-08-11,12,873
2024-08-11,13,883
2024-08-11,14,888
2024-08-11,15,989
2024-08-11,16,1048
2024-08-11,17,1025
2024-08-11,18,969
2024-08-11,19,859
2024-08-11,20,725
2024-08-11,21,614
2024-08-11,22,473
2024-08-11,23,509
2024-08-12,0,345
2024-08-12,1,195
2024-08-12,2,106
2024-08-12,3,67
2024-08-12,4,124
2024-08-12,5,221
2024-08-12,6,405
2024-08-12,7,668
2024-08-12,8,970
2024-08-12,9,1078
2024-08-12,10,1055
2024-08-12,11,1104
2024-08-12,12,1194
2024-08-12,13,1231
2024-08-12,14,1231
2024-08-12,15,1277
2024-08-12,16,1218
2024-08-12,17,1242
2024-08-12,18,1164
2024-08-12,19,951
2024-08-12,20,810
2024-08-12,21,615
2024-08-12,22,423
2024-08-12,23,265
2024-08-13,0,213
2024-08-13,1,124
2024-08-13,2,58
2024-08-13,3,47
2024-08-13,4,79
2024-08-13,5,181
2024-08-13,6,385
2024-08-13,7,764
2024-08-13,8,1152
2024-08-13,9,1307
2024-08-13,10,1116
2024-08-13,11,1088
2024-08-13,12,1273
2024-08-13,13,1333
2024-08-13,14,1288
2024-08-13,15,1358
2024-08-13,16,1302
2024-08-13,17,1274
2024-08-13,18,1146
2024-08-13,19,955
2024-08-13,20,798
2024-08-13,21,654
2024-08-13,22,512
2024-08-13,23,401
2024-08-14,0,262
2024-08-14,1,113
2024-08-14,2,51
2024-08-14,3,49
2024-08-14,4,99
2024-08-14,5,181
2024-08-14,6,369
2024-08-14,7,751
2024-08-14,8,1204
2024-08-14,9,1237
2024-08-14,10,1095
2024-08-14,11,1209
2024-08-14,12,1384
2024-08-14,13,1244
2024-08-14,14,1318
2024-08-14,15,1359
2024-08-14,16,1463
2024-08-14,17,1403
2024-08-14,18,1291
2024-08-14,19,1067
2024-08-14,20,987
2024-08-14,21,729
2024-08-14,22,548
2024-08-14,23,384
2024-08-15,0,240
2024-08-15,1,142
2024-08-15,2,66
2024-08-15,3,67
2024-08-15,4,74
2024-08-15,5,189
2024-08-15,6,426
2024-08-15,7,921
2024-08-15,8,1360
2024-08-15,9,1269
2024-08-15,10,1202
2024-08-15,11,1260
2024-08-15,12,1271
2024-08-15,13,1284
2024-08-15,14,1206
2024-08-15,15,1468
2024-08-15,16,1387
2024-08-15,17,1382
2024-08-15,18,1299
2024-08-15,19,1140
2024-08-15,20,1053
2024-08-15,21,816
2024-08-15,22,582
2024-08-15,23,454
2024-08-16,0,279
2024-08-16,1,139
2024-08-16,2,85
2024-08-16,3,73
2024-08-16,4,101
2024-08-16,5,189
2024-08-16,6,353
2024-08-16,7,543
2024-08-16,8,808
2024-08-16,9,943
2024-08-16,10,1074
2024-08-16,11,1166
2024-08-16,12,1281
2024-08-16,13,1229
2024-08-16,14,1181
2024-08-16,15,1266
2024-08-16,16,1231
2024-08-16,17,1481
2024-08-16,18,1226
2024-08-16,19,967
2024-08-16,20,983
2024-08-16,21,643
2024-08-16,22,557
2024-08-16,23,518
2024-08-17,0,378
2024-08-17,1,233
2024-08-17,2,163
2024-08-17,3,97
2024-08-17,4,91
2024-08-17,5,134
2024-08-17,6,198
2024-08-17,7,264
2024-08-17,8,356
2024-08-17,9,527
2024-08-17,10,814
2024-08-17,11,999
2024-08-17,12,876
2024-08-17,13,825
2024-08-17,14,936
2024-08-17,15,927
2024-08-17,16,907
2024-08-17,17,952
2024-08-17,18,922
2024-08-17,19,807
2024-08-17,20,721
2024-08-17,21,671
2024-08-17,22,538
2024-08-17,23,428
2024-08-18,0,338
2024-08-18,1,204
2024-08-18,2,164
2024-08-18,3,127
2024-08-18,4,101
2024-08-18,5,150
2024-08-18,6,226
2024-08-18,7,306
2024-08-18,8,394
2024-08-18,9,588
2024-08-18,10,743
2024-08-18,11,814
2024-08-18,12,917
2024-08-18,13,915
2024-08-18,14,939
2024-08-18,15,933
2024-08-18,16,937
2024-08-18,17,909
2024-08-18,18,840
2024-08-18,19,821
2024-08-18,20,784
2024-08-18,21,686
2024-08-18,22,601
2024-08-18,23,450
2024-08-19,0,339
2024-08-19,1,269
2024-08-19,2,189
2024-08-19,3,119
2024-08-19,4,97
2024-08-19,5,186
2024-08-19,6,383
2024-08-19,7,590
2024-08-19,8,886
2024-08-19,9,1042
2024-08-19,10,1035
2024-08-19,11,1228
2024-08-19,12,1266
2024-08-19,13,1230
2024-08-19,14,1339
2024-08-19,15,1303
2024-08-19,16,1271
2024-08-19,17,1131
2024-08-19,18,943
2024-08-19,19,792
2024-08-19,20,689
2024-08-19,21,604
2024-08-19,22,459
2024-08-19,23,341
2024-08-20,0,353
2024-08-20,1,320
2024-08-20,2,114
2024-08-20,3,63
2024-08-20,4,64
2024-08-20,5,134
2024-08-20,6,292
2024-08-20,7,578
2024-08-20,8,787
2024-08-20,9,1058
2024-08-20,10,1092
2024-08-20,11,1186
2024-08-20,12,1221
2024-08-20,13,1211
2024-08-20,14,1242
2024-08-20,15,1334
2024-08-20,16,1180
2024-08-20,17,1110
2024-08-20,18,971
2024-08-20,19,846
2024-08-20,20,708
2024-08-20,21,620
2024-08-20,22,464
2024-08-20,23,466
2024-08-21,0,381
2024-08-21,1,249
2024-08-21,2,143
2024-08-21,3,103
2024-08-21,4,77
2024-08-21,5,150
2024-08-21,6,277
2024-08-21,7,540
2024-08-21,8,780
2024-08-21,9,1046
2024-08-21,10,1156
2024-08-21,11,1279
2024-08-21,12,1255
2024-08-21,13,1296
2024-08-21,14,1405
2024-08-21,15,1356
2024-08-21,16,1353
2024-08-21,17,1269
2024-08-21,18,1111
2024-08-21,19,947
2024-08-21,20,832
2024-08-21,21,732
2024-08-21,22,560
2024-08-21,23,507
2024-08-22,0,378
2024-08-22,1,232
2024-08-22,2,141
2024-08-22,3,84
2024-08-22,4,86
2024-08-22,5,157
2024-08-22,6,336
2024-08-22,7,566
2024-08-22,8,858
2024-08-22,9,1041
2024-08-22,10,1191
2024-08-22,11,1324
2024-08-22,12,1430
2024-08-22,13,1461
2024-08-22,14,1503
2024-08-22,15,1438
2024-08-22,16,1354
2024-08-22,17,1286
2024-08-22,18,1059
2024-08-22,19,911
2024-08-22,20,825
2024-08-22,21,687
2024-08-22,22,573
2024-08-22,23,585
2024-08-23,0,431
2024-08-23,1,270
2024-08-23,2,190
2024-08-23,3,135
2024-08-23,4,186
2024-08-23,5,274
2024-08-23,6,456
2024-08-23,7,727
2024-08-23,8,868
2024-08-23,9,1062
2024-08-23,10,1132
2024-08-23,11,1165
2024-08-23,12,1253
2024-08-23,13,1278
2024-08-23,14,1288
2024-08-23,15,1228
2024-08-23,16,1220
2024-08-23,17,1236
2024-08-23,18,1173
2024-08-23,19,939
2024-08-23,20,878
2024-08-23,21,726
2024-08-23,22,596
2024-08-23,23,482
2024-08-24,0,316
2024-08-24,1,200
2024-08-24,2,143
2024-08-24,3,105
2024-08-24,4,88
2024-08-24,5,121
2024-08-24,6,170
2024-08-24,7,243
2024-08-24,8,381
2024-08-24,9,543
2024-08-24,10,727
2024-08-24,11,777
2024-08-24,12,829
2024-08-24,13,900
2024-08-24,14,933
2024-08-24,15,1002
2024-08-24,16,1082
2024-08-24,17,1024
2024-08-24,18,1106
2024-08-24,19,862
2024-08-24,20,724
2024-08-24,21,614
2024-08-24,22,490
2024-08-24,23,520
2024-08-25,0,464
2024-08-25,1,255
2024-08-25,2,139
2024-08-25,3,113
2024-08-25,4,112
2024-08-25,5,155
2024-08-25,6,202
2024-08-25,7,253
2024-08-25,8,396
2024-08-25,9,591
2024-08-25,10,785
2024-08-25,11,861
2024-08-25,12,899
2024-08-25,13,1013
2024-08-25,14,1028
2024-08-25,15,927
2024-08-25,16,904
2024-08-25,17,939
2024-08-25,18,873
2024-08-25,19,795
2024-08-25,20,788
2024-08-25,21,611
2024-08-25,22,505
2024-08-25,23,341
2024-08-26,0,254
2024-08-26,1,149
2024-08-26,2,72
2024-08-26,3,46
2024-08-26,4,94
2024-08-26,5,198
2024-08-26,6,392
2024-08-26,7,788
2024-08-26,8,1073
2024-08-26,9,1137
2024-08-26,10,1145
2024-08-26,11,1135
2024-08-26,12,1172
2024-08-26,13,1290
2024-08-26,14,1332
2024-08-26,15,1312
2024-08-26,16,1430
2024-08-26,17,1357
2024-08-26,18,1184
2024-08-26,19,888
2024-08-26,20,819
2024-08-26,21,621
2024-08-26,22,420
2024-08-26,23,298
2024-08-27,0,189
2024-08-27,1,89
2024-08-27,2,58
2024-08-27,3,49
2024-08-27,4,83
2024-08-27,5,165
2024-08-27,6,380
2024-08-27,7,876
2024-08-27,8,1349
2024-08-27,9,1301
2024-08-27,10,1187
2024-08-27,11,1252
2024-08-27,12,1277
2024-08-27,13,1271
2024-08-27,14,1347
2024-08-27,15,1413
2024-08-27,16,1481
2024-08-27,17,1428
2024-08-27,18,1216
2024-08-27,19,1008
2024-08-27,20,821
2024-08-27,21,592
2024-08-27,22,499
2024-08-27,23,424
2024-08-28,0,410
2024-08-28,1,315
2024-08-28,2,174
2024-08-28,3,90
2024-08-28,4,106
2024-08-28,5,157
2024-08-28,6,353
2024-08-28,7,898
2024-08-28,8,1353
2024-08-28,9,1292
2024-08-28,10,1116
2024-08-28,11,1209
2024-08-28,12,1270
2024-08-28,13,1262
2024-08-28,14,1352
2024-08-28,15,1312
2024-08-28,16,1401
2024-08-28,17,1401
2024-08-28,18,1209
2024-08-28,19,1025
2024-08-28,20,909
2024-08-28,21,728
2024-08-28,22,512
2024-08-28,23,383
2024-08-29,0,248
2024-08-29,1,110
2024-08-29,2,56
2024-08-29,3,48
2024-08-29,4,95
2024-08-29,5,195
2024-08-29,6,396
2024-08-29,7,838
2024-08-29,8,1212
2024-08-29,9,1283
2024-08-29,10,1208
2024-08-29,11,1249
2024-08-29,12,1271
2024-08-29,13,1346
2024-08-29,14,1330
2024-08-29,15,1512
2024-08-29,16,1433
2024-08-29,17,1383
2024-08-29,18,1183
2024-08-29,19,1102
2024-08-29,20,1034
2024-08-29,21,801
2024-08-29,22,666
2024-08-29,23,630
2024-08-30,0,525
2024-08-30,1,393
2024-08-30,2,157
2024-08-30,3,97
2024-08-30,4,124
2024-08-30,5,259
2024-08-30,6,477
2024-08-30,7,689
2024-08-30,8,905
2024-08-30,9,1037
2024-08-30,10,1088
2024-08-30,11,1215
2024-08-30,12,1228
2024-08-30,13,1246
2024-08-30,14,1347
2024-08-30,15,1375
2024-08-30,16,1271
2024-08-30,17,1330
2024-08-30,18,1116
2024-08-30,19,873
2024-08-30,20,783
2024-08-30,21,803
2024-08-30,22,740
2024-08-30,23,557
2024-08-31,0,417
2024-08-31,1,250
2024-08-31,2,177
2024-08-31,3,152
2024-08-31,4,105
2024-08-31,5,107
2024-08-31,6,171
2024-08-31,7,214
2024-08-31,8,361
2024-08-31,9,589
2024-08-31,10,774
2024-08-31,11,797
2024-08-31,12,891
2024-08-31,13,888
2024-08-31,14,951
2024-08-31,15,1002
2024-08-31,16,1045
2024-08-31,17,1015
2024-08-31,18,936
2024-08-31,19,834
2024-08-31,20,689
2024-08-31,21,565
2024-08-31,22,590
2024-08-31,23,593
2024-09-01,0,515
2024-09-01,1,271
2024-09-01,2,190
2024-09-01,3,134
2024-09-01,4,110
2024-09-01,5,121
2024-09-01,6,146
2024-09-01,7,210
2024-09-01,8,316
2024-09-01,9,513
2024-09-01,10,645
2024-09-01,11,743
2024-09-01,12,766
2024-09-01,13,809
2024-09-01,14,899
2024-09-01,15,951
2024-09-01,16,912
2024-09-01,17,892
2024-09-01,18,759
2024-09-01,19,695
2024-09-01,20,631
2024-09-01,21,579
2024-09-01,22,477
2024-09-01,23,348
2024-09-02,0,248
2024-09-02,1,164
2024-09-02,2,125
2024-09-02,3,97
2024-09-02,4,122
2024-09-02,5,175
2024-09-02,6,219
2024-09-02,7,253
2024-09-02,8,288
2024-09-02,9,444
2024-09-02,10,589
2024-09-02,11,668
2024-09-02,12,796
2024-09-02,13,864
2024-09-02,14,960
2024-09-02,15,865
2024-09-02,16,928
2024-09-02,17,942
2024-09-02,18,808
2024-09-02,19,803
2024-09-02,20,731
2024-09-02,21,642
2024-09-02,22,501
2024-09-02,23,308
2024-09-03,0,270
2024-09-03,1,127
2024-09-03,2,82
2024-09-03,3,46
2024-09-03,4,96
2024-09-03,5,224
2024-09-03,6,402
2024-09-03,7,795
2024-09-03,8,1189
2024-09-03,9,1252
2024-09-03,10,1110
2024-09-03,11,1053
2024-09-03,12,1194
2024-09-03,13,1214
2024-09-03,14,1271
2024-09-03,15,1316
2024-09-03,16,1275
2024-09-03,17,1254
2024-09-03,18,1002
2024-09-03,19,918
2024-09-03,20,723
2024-09-03,21,599
2024-09-03,22,386
2024-09-03,23,280
2024-09-04,0,205
2024-09-04,1,126
2024-09-04,2,59
2024-09-04,3,52
2024-09-04,4,94
2024-09-04,5,166
2024-09-04,6,342
2024-09-04,7,771
2024-09-04,8,1199
2024-09-04,9,1211
2024-09-04,10,1158
2024-09-04,11,1157
2024-09-04,12,1227
2024-09-04,13,1256
2024-09-04,14,1263
2024-09-04,15,1331
2024-09-04,16,1307
2024-09-04,17,1330
2024-09-04,18,1113
2024-09-04,19,910
2024-09-04,20,772
2024-09-04,21,596
2024-09-04,22,397
2024-09-04,23,276
2024-09-05,0,191
2024-09-05,1,105
2024-09-05,2,60
2024-09-05,3,46
2024-09-05,4,87
2024-09-05,5,164
2024-09-05,6,340
2024-09-05,7,793
2024-09-05,8,1212
2024-09-05,9,1222
2024-09-05,10,1114
2024-09-05,11,1263
2024-09-05,12,1308
2024-09-05,13,1277
2024-09-05,14,1337
2024-09-05,15,1424
2024-09-05,16,1489
2024-09-05,17,1413
2024-09-05,18,1254
2024-09-05,19,1072
2024-09-05,20,1022
2024-09-05,21,783
2024-09-05,22,544
2024-09-05,23,373
2024-09-06,0,219
2024-09-06,1,113
2024-09-06,2,56
2024-09-06,3,62
2024-09-06,4,103
2024-09-06,5,211
2024-09-06,6,343
2024-09-06,7,700
2024-09-06,8,943
2024-09-06,9,1073
2024-09-06,10,1116
2024-09-06,11,1160
2024-09-06,12,1266
2024-09-06,13,1252
2024-09-06,14,1332
2024-09-06,15,1324
2024-09-06,16,1340
2024-09-06,17,1366
2024-09-06,18,1287
2024-09-06,19,1120
2024-09-06,20,919
2024-09-06,21,689
2024-09-06,22,541
2024-09-06,23,398
2024-09-07,0,295
2024-09-07,1,194
2024-09-07,2,129
2024-09-07,3,106
2024-09-07,4,103
2024-09-07,5,131
2024-09-07,6,203
2024-09-07,7,278
2024-09-07,8,449
2024-09-07,9,618
2024-09-07,10,858
2024-09-07,11,844
2024-09-07,12,984
2024-09-07,13,1040
2024-09-07,14,993
2024-09-07,15,933
2024-09-07,16,1042
2024-09-07,17,1008
2024-09-07,18,993
2024-09-07,19,799
2024-09-07,20,723
2024-09-07,21,595
2024-09-07,22,457
2024-09-07,23,381
2024-09-08,0,298
2024-09-08,1,205
2024-09-08,2,153
2024-09-08,3,112
2024-09-08,4,121
2024-09-08,5,145
2024-09-08,6,245
2024-09-08,7,297
2024-09-08,8,489
2024-09-08,9,788
2024-09-08,10,922
2024-09-08,11,1057
2024-09-08,12,1047
2024-09-08,13,1051
2024-09-08,14,1074
2024-09-08,15,1132
2024-09-08,16,1230
2024-09-08,17,1130
2024-09-08,18,1014
2024-09-08,19,994
2024-09-08,20,791
2024-09-08,21,656
2024-09-08,22,500
2024-09-08,23,306
2024-09-09,0,240
2024-09-09,1,134
2024-09-09,2,59
2024-09-09,3,62
2024-09-09,4,112
2024-09-09,5,207
2024-09-09,6,489
2024-09-09,7,939
2024-09-09,8,1206
2024-09-09,9,1333
2024-09-09,10,1331
2024-09-09,11,1188
2024-09-09,12,1228
2024-09-09,13,1437
2024-09-09,14,1475
2024-09-09,15,1498
2024-09-09,16,1476
2024-09-09,17,1553
2024-09-09,18,1431
2024-09-09,19,1212
2024-09-09,20,910
2024-09-09,21,810
2024-09-09,22,529
2024-09-09,23,277
2024-09-10,0,220
2024-09-10,1,116
2024-09-10,2,53
2024-09-10,3,53
2024-09-10,4,81
2024-09-10,5,167
2024-09-10,6,393
2024-09-10,7,880
2024-09-10,8,1413
2024-09-10,9,1616
2024-09-10,10,1367
2024-09-10,11,1355
2024-09-10,12,1403
2024-09-10,13,1459
2024-09-10,14,1517
2024-09-10,15,1527
2024-09-10,16,1597
2024-09-10,17,1717
2024-09-10,18,1616
2024-09-10,19,1401
2024-09-10,20,972
2024-09-10,21,679
2024-09-10,22,568
2024-09-10,23,341
2024-09-11,0,265
2024-09-11,1,105
2024-09-11,2,57
2024-09-11,3,45
2024-09-11,4,106
2024-09-11,5,164
2024-09-11,6,387
2024-09-11,7,936
2024-09-11,8,1439
2024-09-11,9,1523
2024-09-11,10,1435
2024-09-11,11,1378
2024-09-11,12,1506
2024-09-11,13,1498
2024-09-11,14,1547
2024-09-11,15,1585
2024-09-11,16,1670
2024-09-11,17,1804
2024-09-11,18,1610
2024-09-11,19,1261
2024-09-11,20,975
2024-09-11,21,846
2024-09-11,22,595
2024-09-11,23,341
2024-09-12,0,235
2024-09-12,1,122
2024-09-12,2,59
2024-09-12,3,56
2024-09-12,4,124
2024-09-12,5,213
2024-09-12,6,461
2024-09-12,7,915
2024-09-12,8,1356
2024-09-12,9,1404
2024-09-12,10,1297
2024-09-12,11,1399
2024-09-12,12,1409
2024-09-12,13,1436
2024-09-12,14,1632
2024-09-12,15,1634
2024-09-12,16,1686
2024-09-12,17,1733
2024-09-12,18,1705
2024-09-12,19,1355
2024-09-12,20,1155
2024-09-12,21,962
2024-09-12,22,693
2024-09-12,23,402
2024-09-13,0,261
2024-09-13,1,184
2024-09-13,2,98
2024-09-13,3,96
2024-09-13,4,147
2024-09-13,5,217
2024-09-13,6,408
2024-09-13,7,806
2024-09-13,8,1059
2024-09-13,9,1208
2024-09-13,10,1147
2024-09-13,11,1232
2024-09-13,12,1288
2024-09-13,13,1354
2024-09-13,14,1490
2024-09-13,15,1473
2024-09-13,16,1393
2024-09-13,17,1431
2024-09-13,18,1394
2024-09-13,19,1152
2024-09-13,20,837
2024-09-13,21,704
2024-09-13,22,545
2024-09-13,23,363
2024-09-14,0,284
2024-09-14,1,164
2024-09-14,2,123
2024-09-14,3,121
2024-09-14,4,82
2024-09-14,5,140
2024-09-14,6,203
2024-09-14,7,328
2024-09-14,8,492
2024-09-14,9,654
2024-09-14,10,812
2024-09-14,11,908
2024-09-14,12,915
2024-09-14,13,946
2024-09-14,14,962
2024-09-14,15,975
2024-09-14,16,968
2024-09-14,17,1010
2024-09-14,18,953
2024-09-14,19,820
2024-09-14,20,620
2024-09-14,21,515
2024-09-14,22,431
2024-09-14,23,342
2024-09-15,0,249
2024-09-15,1,202
2024-09-15,2,135
2024-09-15,3,132
2024-09-15,4,127
2024-09-15,5,168
2024-09-15,6,264
2024-09-15,7,372
2024-09-15,8,448
2024-09-15,9,597
2024-09-15,10,804
2024-09-15,11,871
2024-09-15,12,856
2024-09-15,13,938
2024-09-15,14,911
2024-09-15,15,917
2024-09-15,16,974
2024-09-15,17,892
2024-09-15,18,856
2024-09-15,19,884
2024-09-15,20,764
2024-09-15,21,651
2024-09-15,22,446
2024-09-15,23,341
2024-09-16,0,247
2024-09-16,1,157
2024-09-16,2,71
2024-09-16,3,61
2024-09-16,4,109
2024-09-16,5,213
2024-09-16,6,375
2024-09-16,7,797
2024-09-16,8,1162
2024-09-16,9,1261
2024-09-16,10,1213
2024-09-16,11,1337
2024-09-16,12,1250
2024-09-16,13,1387
2024-09-16,14,1455
2024-09-16,15,1459
2024-09-16,16,1289
2024-09-16,17,1246
2024-09-16,18,1240
2024-09-16,19,1021
2024-09-16,20,848
2024-09-16,21,627
2024-09-16,22,442
2024-09-16,23,300
2024-09-17,0,202
2024-09-17,1,105
2024-09-17,2,51
2024-09-17,3,54
2024-09-17,4,96
2024-09-17,5,178
2024-09-17,6,362
2024-09-17,7,877
2024-09-17,8,1284
2024-09-17,9,1317
2024-09-17,10,1184
2024-09-17,11,1231
2024-09-17,12,1342
2024-09-17,13,1361
2024-09-17,14,1398
2024-09-17,15,1377
2024-09-17,16,1433
2024-09-17,17,1527
2024-09-17,18,1339
2024-09-17,19,1152
2024-09-17,20,972
2024-09-17,21,715
2024-09-17,22,567
2024-09-17,23,350
2024-09-18,0,207
2024-09-18,1,103
2024-09-18,2,43
2024-09-18,3,49
2024-09-18,4,77
2024-09-18,5,183
2024-09-18,6,435
2024-09-18,7,905
2024-09-18,8,1330
2024-09-18,9,1437
2024-09-18,10,1290
2024-09-18,11,1443
2024-09-18,12,1514
2024-09-18,13,1504
2024-09-18,14,1450
2024-09-18,15,1536
2024-09-18,16,1499
2024-09-18,17,1632
2024-09-18,18,1492
2024-09-18,19,1356
2024-09-18,20,1002
2024-09-18,21,857
2024-09-18,22,561
2024-09-18,23,334
2024-09-19,0,221
2024-09-19,1,112
2024-09-19,2,58
2024-09-19,3,53
2024-09-19,4,110
2024-09-19,5,198
2024-09-19,6,434
2024-09-19,7,904
2024-09-19,8,1200
2024-09-19,9,1271
2024-09-19,10,1216
2024-09-19,11,1405
2024-09-19,12,1427
2024-09-19,13,1689
2024-09-19,14,1714
2024-09-19,15,1721
2024-09-19,16,1697
2024-09-19,17,1575
2024-09-19,18,1535
2024-09-19,19,1401
2024-09-19,20,1165
2024-09-19,21,1036
2024-09-19,22,726
2024-09-19,23,470
2024-09-20,0,334
2024-09-20,1,155
2024-09-20,2,87
2024-09-20,3,89
2024-09-20,4,128
2024-09-20,5,245
2024-09-20,6,420
2024-09-20,7,772
2024-09-20,8,940
2024-09-20,9,1060
2024-09-20,10,1139
2024-09-20,11,1297
2024-09-20,12,1417
2024-09-20,13,1437
2024-09-20,14,1451
2024-09-20,15,1639
2024-09-20,16,1523
2024-09-20,17,1495
2024-09-20,18,1427
2024-09-20,19,1338
2024-09-20,20,876
2024-09-20,21,780
2024-09-20,22,679
2024-09-20,23,541
2024-09-21,0,329
2024-09-21,1,237
2024-09-21,2,157
2024-09-21,3,108
2024-09-21,4,95
2024-09-21,5,130
2024-09-21,6,201
2024-09-21,7,270
2024-09-21,8,425
2024-09-21,9,589
2024-09-21,10,779
2024-09-21,11,904
2024-09-21,12,1017
2024-09-21,13,1034
2024-09-21,14,1055
2024-09-21,15,984
2024-09-21,16,1020
2024-09-21,17,1032
2024-09-21,18,956
2024-09-21,19,879
2024-09-21,20,730
2024-09-21,21,599
2024-09-21,22,587
2024-09-21,23,464
2024-09-22,0,311
2024-09-22,1,253
2024-09-22,2,189
2024-09-22,3,90
2024-09-22,4,127
2024-09-22,5,174
2024-09-22,6,250
2024-09-22,7,288
2024-09-22,8,489
2024-09-22,9,652
2024-09-22,10,949
2024-09-22,11,1111
2024-09-22,12,1086
2024-09-22,13,1128
2024-09-22,14,1133
2024-09-22,15,1007
2024-09-22,16,954
2024-09-22,17,1001
2024-09-22,18,936
2024-09-22,19,898
2024-09-22,20,890
2024-09-22,21,737
2024-09-22,22,555
2024-09-22,23,409
2024-09-23,0,259
2024-09-23,1,118
2024-09-23,2,48
2024-09-23,3,52
2024-09-23,4,103
2024-09-23,5,208
2024-09-23,6,441
2024-09-23,7,797
2024-09-23,8,1117
2024-09-23,9,1196
2024-09-23,10,1188
2024-09-23,11,1165
2024-09-23,12,1276
2024-09-23,13,1450
2024-09-23,14,1422
2024-09-23,15,1416
2024-09-23,16,1439
2024-09-23,17,1332
2024-09-23,18,1307
2024-09-23,19,1049
2024-09-23,20,922
2024-09-23,21,683
2024-09-23,22,553
2024-09-23,23,323
2024-09-24,0,189
2024-09-24,1,109
2024-09-24,2,62
2024-09-24,3,73
2024-09-24,4,82
2024-09-24,5,160
2024-09-24,6,388
2024-09-24,7,955
2024-09-24,8,1421
2024-09-24,9,1513
2024-09-24,10,1342
2024-09-24,11,1573
2024-09-24,12,1577
2024-09-24,13,1809
2024-09-24,14,1683
2024-09-24,15,1544
2024-09-24,16,1507
2024-09-24,17,1664
2024-09-24,18,1550
2024-09-24,19,1212
2024-09-24,20,968
2024-09-24,21,821
2024-09-24,22,486
2024-09-24,23,329
2024-09-25,0,201
2024-09-25,1,146
2024-09-25,2,67
2024-09-25,3,46
2024-09-25,4,105
2024-09-25,5,179
2024-09-25,6,440
2024-09-25,7,929
2024-09-25,8,1308
2024-09-25,9,1441
2024-09-25,10,1403
2024-09-25,11,1487
2024-09-25,12,1563
2024-09-25,13,1644
2024-09-25,14,1527
2024-09-25,15,1604
2024-09-25,16,1640
2024-09-25,17,1658
2024-09-25,18,1755
2024-09-25,19,1425
2024-09-25,20,1104
2024-09-25,21,916
2024-09-25,22,631
2024-09-25,23,442
2024-09-26,0,265
2024-09-26,1,166
2024-09-26,2,81
2024-09-26,3,62
2024-09-26,4,105
2024-09-26,5,213
2024-09-26,6,470
2024-09-26,7,905
2024-09-26,8,1182
2024-09-26,9,1306
2024-09-26,10,1241
2024-09-26,11,1290
2024-09-26,12,1485
2024-09-26,13,1530
2024-09-26,14,1649
2024-09-26,15,1656
2024-09-26,16,1701
2024-09-26,17,1759
2024-09-26,18,1689
2024-09-26,19,1438
2024-09-26,20,1166
2024-09-26,21,984
2024-09-26,22,743
2024-09-26,23,554
2024-09-27,0,384
2024-09-27,1,182
2024-09-27,2,89
2024-09-27,3,101
2024-09-27,4,117
2024-09-27,5,231
2024-09-27,6,414
2024-09-27,7,749
2024-09-27,8,1060
2024-09-27,9,1124
2024-09-27,10,1221
2024-09-27,11,1411
2024-09-27,12,1450
2024-09-27,13,1480
2024-09-27,14,1541
2024-09-27,15,1455
2024-09-27,16,1399
2024-09-27,17,1395
2024-09-27,18,1368
2024-09-27,19,1111
2024-09-27,20,913
2024-09-27,21,689
2024-09-27,22,600
2024-09-27,23,461
2024-09-28,0,307
2024-09-28,1,186
2024-09-28,2,104
2024-09-28,3,105
2024-09-28,4,99
2024-09-28,5,137
2024-09-28,6,205
2024-09-28,7,300
2024-09-28,8,414
2024-09-28,9,611
2024-09-28,10,755
2024-09-28,11,929
2024-09-28,12,1007
2024-09-28,13,993
2024-09-28,14,928
2024-09-28,15,927
2024-09-28,16,1013
2024-09-28,17,940
2024-09-28,18,946
2024-09-28,19,853
2024-09-28,20,618
2024-09-28,21,524
2024-09-28,22,523
2024-09-28,23,466
2024-09-29,0,359
2024-09-29,1,193
2024-09-29,2,154
2024-09-29,3,104
2024-09-29,4,124
2024-09-29,5,239
2024-09-29,6,309
2024-09-29,7,296
2024-09-29,8,461
2024-09-29,9,631
2024-09-29,10,883
2024-09-29,11,929
2024-09-29,12,879
2024-09-29,13,945
2024-09-29,14,967
2024-09-29,15,988
2024-09-29,16,996
2024-09-29,17,933
2024-09-29,18,899
2024-09-29,19,827
2024-09-29,20,659
2024-09-29,21,530
2024-09-29,22,424
2024-09-29,23,300
2024-09-30,0,237
2024-09-30,1,155
2024-09-30,2,83
2024-09-30,3,62
2024-09-30,4,104
2024-09-30,5,223
2024-09-30,6,438
2024-09-30,7,707
2024-09-30,8,998
2024-09-30,9,1267
2024-09-30,10,1220
2024-09-30,11,1166
2024-09-30,12,1172
2024-09-30,13,1322
2024-09-30,14,1427
2024-09-30,15,1356
2024-09-30,16,1274
2024-09-30,17,1211
2024-09-30,18,1102
2024-09-30,19,979
2024-09-30,20,805
2024-09-30,21,647
2024-09-30,22,485
2024-09-30,23,324
2024-10-01,0,225
2024-10-01,1,135
2024-10-01,2,64
2024-10-01,3,52
2024-10-01,4,83
2024-10-01,5,168
2024-10-01,6,345
2024-10-01,7,760
2024-10-01,8,1298
2024-10-01,9,1297
2024-10-01,10,1220
2024-10-01,11,1219
2024-10-01,12,1236
2024-10-01,13,1298
2024-10-01,14,1294
2024-10-01,15,1280
2024-10-01,16,1400
2024-10-01,17,1338
2024-10-01,18,1179
2024-10-01,19,959
2024-10-01,20,870
2024-10-01,21,571
2024-10-01,22,421
2024-10-01,23,251
2024-10-02,0,182
2024-10-02,1,107
2024-10-02,2,45
2024-10-02,3,35
2024-10-02,4,82
2024-10-02,5,168
2024-10-02,6,341
2024-10-02,7,762
2024-10-02,8,1268
2024-10-02,9,1335
2024-10-02,10,1117
2024-10-02,11,1217
2024-10-02,12,1267
2024-10-02,13,1277
2024-10-02,14,1315
2024-10-02,15,1392
2024-10-02,16,1410
2024-10-02,17,1400
2024-10-02,18,1231
2024-10-02,19,1043
2024-10-02,20,796
2024-10-02,21,618
2024-10-02,22,465
2024-10-02,23,296
2024-10-03,0,180
2024-10-03,1,95
2024-10-03,2,47
2024-10-03,3,54
2024-10-03,4,95
2024-10-03,5,166
2024-10-03,6,364
2024-10-03,7,829
2024-10-03,8,1114
2024-10-03,9,1190
2024-10-03,10,1125
2024-10-03,11,1129
2024-10-03,12,1147
2024-10-03,13,1300
2024-10-03,14,1368
2024-10-03,15,1387
2024-10-03,16,1419
2024-10-03,17,1322
2024-10-03,18,1253
2024-10-03,19,1066
2024-10-03,20,934
2024-10-03,21,747
2024-10-03,22,544
2024-10-03,23,339
2024-10-04,0,228
2024-10-04,1,131
2024-10-04,2,67
2024-10-04,3,62
2024-10-04,4,115
2024-10-04,5,227
2024-10-04,6,375
2024-10-04,7,706
2024-10-04,8,967
2024-10-04,9,971
2024-10-04,10,1079
2024-10-04,11,1198
2024-10-04,12,1227
2024-10-04,13,1308
2024-10-04,14,1362
2024-10-04,15,1412
2024-10-04,16,1398
2024-10-04,17,1395
2024-10-04,18,1370
2024-10-04,19,1180
2024-10-04,20,929
2024-10-04,21,787
2024-10-04,22,602
2024-10-04,23,443
2024-10-05,0,275
2024-10-05,1,189
2024-10-05,2,150
2024-10-05,3,85
2024-10-05,4,102
2024-10-05,5,115
2024-10-05,6,151
2024-10-05,7,302
2024-10-05,8,389
2024-10-05,9,587
2024-10-05,10,831
2024-10-05,11,834
2024-10-05,12,919
2024-10-05,13,1068
2024-10-05,14,1005
2024-10-05,15,1024
2024-10-05,16,973
2024-10-05,17,1039
2024-10-05,18,1050
2024-10-05,19,931
2024-10-05,20,704
2024-10-05,21,656
2024-10-05,22,579
2024-10-05,23,419
2024-10-06,0,300
2024-10-06,1,192
2024-10-06,2,133
2024-10-06,3,119
2024-10-06,4,109
2024-10-06,5,130
2024-10-06,6,198
2024-10-06,7,257
2024-10-06,8,466
2024-10-06,9,736
2024-10-06,10,872
2024-10-06,11,917
2024-10-06,12,890
2024-10-06,13,1003
2024-10-06,14,1002
2024-10-06,15,1168
2024-10-06,16,1123
2024-10-06,17,1082
2024-10-06,18,1082
2024-10-06,19,925
2024-10-06,20,830
2024-10-06,21,691
2024-10-06,22,493
2024-10-06,23,319
2024-10-07,0,279
2024-10-07,1,160
2024-10-07,2,80
2024-10-07,3,57
2024-10-07,4,107
2024-10-07,5,247
2024-10-07,6,413
2024-10-07,7,828
2024-10-07,8,1136
2024-10-07,9,1233
2024-10-07,10,1162
2024-10-07,11,1215
2024-10-07,12,1275
2024-10-07,13,1352
2024-10-07,14,1329
2024-10-07,15,1362
2024-10-07,16,1323
2024-10-07,17,1354
2024-10-07,18,1247
2024-10-07,19,1076
2024-10-07,20,865
2024-10-07,21,700
2024-10-07,22,481
2024-10-07,23,356
2024-10-08,0,228
2024-10-08,1,129
2024-10-08,2,61
2024-10-08,3,43
2024-10-08,4,95
2024-10-08,5,180
2024-10-08,6,378
2024-10-08,7,945
2024-10-08,8,1405
2024-10-08,9,1357
2024-10-08,10,1238
2024-10-08,11,1299
2024-10-08,12,1316
2024-10-08,13,1434
2024-10-08,14,1418
2024-10-08,15,1429
2024-10-08,16,1390
2024-10-08,17,1506
2024-10-08,18,1325
2024-10-08,19,1098
2024-10-08,20,889
2024-10-08,21,688
2024-10-08,22,437
2024-10-08,23,284
2024-10-09,0,187
2024-10-09,1,102
2024-10-09,2,45
2024-10-09,3,49
2024-10-09,4,99
2024-10-09,5,216
2024-10-09,6,451
2024-10-09,7,1002
2024-10-09,8,1335
2024-10-09,9,1393
2024-10-09,10,1263
2024-10-09,11,1333
2024-10-09,12,1421
2024-10-09,13,1453
2024-10-09,14,1446
2024-10-09,15,1484
2024-10-09,16,1549
2024-10-09,17,1518
2024-10-09,18,1340
2024-10-09,19,1167
2024-10-09,20,1017
2024-10-09,21,772
2024-10-09,22,548
2024-10-09,23,278
2024-10-10,0,227
2024-10-10,1,121
2024-10-10,2,58
2024-10-10,3,53
2024-10-10,4,103
2024-10-10,5,213
2024-10-10,6,441
2024-10-10,7,945
2024-10-10,8,1319
2024-10-10,9,1295
2024-10-10,10,1165
2024-10-10,11,1253
2024-10-10,12,1435
2024-10-10,13,1494
2024-10-10,14,1646
2024-10-10,15,1599
2024-10-10,16,1677
2024-10-10,17,1736
2024-10-10,18,1583
2024-10-10,19,1316
2024-10-10,20,1082
2024-10-10,21,880
2024-10-10,22,653
2024-10-10,23,464
2024-10-11,0,348
2024-10-11,1,206
2024-10-11,2,98
2024-10-11,3,71
2024-10-11,4,105
2024-10-11,5,217
2024-10-11,6,402
2024-10-11,7,715
2024-10-11,8,994
2024-10-11,9,1126
2024-10-11,10,1243
2024-10-11,11,1309
2024-10-11,12,1439
2024-10-11,13,1507
2024-10-11,14,1601
2024-10-11,15,1566
2024-10-11,16,1588
2024-10-11,17,1564
2024-10-11,18,1538
2024-10-11,19,1305
2024-10-11,20,903
2024-10-11,21,803
2024-10-11,22,681
2024-10-11,23,555
2024-10-12,0,408
2024-10-12,1,221
2024-10-12,2,158
2024-10-12,3,97
2024-10-12,4,87
2024-10-12,5,124
2024-10-12,6,186
2024-10-12,7,281
2024-10-12,8,517
2024-10-12,9,755
2024-10-12,10,990
2024-10-12,11,1044
2024-10-12,12,1049
2024-10-12,13,1046
2024-10-12,14,1103
2024-10-12,15,1045
2024-10-12,16,1042
2024-10-12,17,1011
2024-10-12,18,1022
2024-10-12,19,808
2024-10-12,20,684
2024-10-12,21,591
2024-10-12,22,432
2024-10-12,23,363
2024-10-13,0,256
2024-10-13,1,173
2024-10-13,2,105
2024-10-13,3,143
2024-10-13,4,134
2024-10-13,5,237
2024-10-13,6,266
2024-10-13,7,262
2024-10-13,8,350
2024-10-13,9,445
2024-10-13,10,579
2024-10-13,11,627
2024-10-13,12,738
2024-10-13,13,796
2024-10-13,14,981
2024-10-13,15,1085
2024-10-13,16,1099
2024-10-13,17,1094
2024-10-13,18,1045
2024-10-13,19,901
2024-10-13,20,669
2024-10-13,21,616
2024-10-13,22,497
2024-10-13,23,326
2024-10-14,0,291
2024-10-14,1,131
2024-10-14,2,76
2024-10-14,3,103
2024-10-14,4,251
2024-10-14,5,387
2024-10-14,6,485
2024-10-14,7,720
2024-10-14,8,978
2024-10-14,9,1081
2024-10-14,10,1128
2024-10-14,11,1121
2024-10-14,12,1226
2024-10-14,13,1303
2024-10-14,14,1410
2024-10-14,15,1320
2024-10-14,16,1381
2024-10-14,17,1318
2024-10-14,18,1071
2024-10-14,19,994
2024-10-14,20,820
2024-10-14,21,657
2024-10-14,22,495
2024-10-14,23,292
2024-10-15,0,276
2024-10-15,1,147
2024-10-15,2,77
2024-10-15,3,65
2024-10-15,4,121
2024-10-15,5,247
2024-10-15,6,537
2024-10-15,7,991
2024-10-15,8,1281
2024-10-15,9,1405
2024-10-15,10,1355
2024-10-15,11,1418
2024-10-15,12,1428
2024-10-15,13,1505
2024-10-15,14,1527
2024-10-15,15,1536
2024-10-15,16,1653
2024-10-15,17,1745
2024-10-15,18,1560
2024-10-15,19,1180
2024-10-15,20,865
2024-10-15,21,755
2024-10-15,22,419
2024-10-15,23,279
2024-10-16,0,198
2024-10-16,1,131
2024-10-16,2,53
2024-10-16,3,44
2024-10-16,4,89
2024-10-16,5,195
2024-10-16,6,424
2024-10-16,7,1024
2024-10-16,8,1498
2024-10-16,9,1490
2024-10-16,10,1255
2024-10-16,11,1325
2024-10-16,12,1371
2024-10-16,13,1385
2024-10-16,14,1437
2024-10-16,15,1482
2024-10-16,16,1548
2024-10-16,17,1702
2024-10-16,18,1593
2024-10-16,19,1259
2024-10-16,20,1000
2024-10-16,21,834
2024-10-16,22,540
2024-10-16,23,352
2024-10-17,0,256
2024-10-17,1,153
2024-10-17,2,57
2024-10-17,3,52
2024-10-17,4,115
2024-10-17,5,238
2024-10-17,6,499
2024-10-17,7,1048
2024-10-17,8,1430
2024-10-17,9,1453
2024-10-17,10,1313
2024-10-17,11,1381
2024-10-17,12,1432
2024-10-17,13,1632
2024-10-17,14,1691
2024-10-17,15,1739
2024-10-17,16,1785
2024-10-17,17,1944
2024-10-17,18,1839
2024-10-17,19,1551
2024-10-17,20,1251
2024-10-17,21,1022
2024-10-17,22,846
2024-10-17,23,554
2024-10-18,0,339
2024-10-18,1,199
2024-10-18,2,90
2024-10-18,3,65
2024-10-18,4,116
2024-10-18,5,291
2024-10-18,6,444
2024-10-18,7,890
2024-10-18,8,1295
2024-10-18,9,1290
2024-10-18,10,1339
2024-10-18,11,1356
2024-10-18,12,1554
2024-10-18,13,1702
2024-10-18,14,1645
2024-10-18,15,1657
2024-10-18,16,1649
2024-10-18,17,1736
2024-10-18,18,1755
2024-10-18,19,1536
2024-10-18,20,1110
2024-10-18,21,878
2024-10-18,22,711
2024-10-18,23,511
2024-10-19,0,354
2024-10-19,1,235
2024-10-19,2,135
2024-10-19,3,98
2024-10-19,4,80
2024-10-19,5,126
2024-10-19,6,269
2024-10-19,7,477
2024-10-19,8,632
2024-10-19,9,819
2024-10-19,10,946
2024-10-19,11,1008
2024-10-19,12,1040
2024-10-19,13,1081
2024-10-19,14,1083
2024-10-19,15,1129
2024-10-19,16,1204
2024-10-19,17,1306
2024-10-19,18,1284
2024-10-19,19,1160
2024-10-19,20,860
2024-10-19,21,758
2024-10-19,22,633
2024-10-19,23,516
2024-10-20,0,404
2024-10-20,1,226
2024-10-20,2,192
2024-10-20,3,128
2024-10-20,4,138
2024-10-20,5,157
2024-10-20,6,326
2024-10-20,7,455
2024-10-20,8,650
2024-10-20,9,738
2024-10-20,10,961
2024-10-20,11,1071
2024-10-20,12,1240
2024-10-20,13,1251
2024-10-20,14,1157
2024-10-20,15,1186
2024-10-20,16,1198
2024-10-20,17,1116
2024-10-20,18,1116
2024-10-20,19,938
2024-10-20,20,808
2024-10-20,21,668
2024-10-20,22,541
2024-10-20,23,381
2024-10-21,0,305
2024-10-21,1,175
2024-10-21,2,71
2024-10-21,3,63
2024-10-21,4,135
2024-10-21,5,300
2024-10-21,6,583
2024-10-21,7,903
2024-10-21,8,1269
2024-10-21,9,1327
2024-10-21,10,1303
2024-10-21,11,1279
2024-10-21,12,1385
2024-10-21,13,1554
2024-10-21,14,1477
2024-10-21,15,1605
2024-10-21,16,1502
2024-10-21,17,1366
2024-10-21,18,1196
2024-10-21,19,1054
2024-10-21,20,894
2024-10-21,21,778
2024-10-21,22,477
2024-10-21,23,282
2024-10-22,0,219
2024-10-22,1,119
2024-10-22,2,65
2024-10-22,3,48
2024-10-22,4,96
2024-10-22,5,210
2024-10-22,6,434
2024-10-22,7,944
2024-10-22,8,1402
2024-10-22,9,1445
2024-10-22,10,1206
2024-10-22,11,1170
2024-10-22,12,1392
2024-10-22,13,1347
2024-10-22,14,1473
2024-10-22,15,1458
2024-10-22,16,1390
2024-10-22,17,1505
2024-10-22,18,1345
2024-10-22,19,1124
2024-10-22,20,849
2024-10-22,21,637
2024-10-22,22,498
2024-10-22,23,269
2024-10-23,0,176
2024-10-23,1,83
2024-10-23,2,39
2024-10-23,3,50
2024-10-23,4,89
2024-10-23,5,191
2024-10-23,6,399
2024-10-23,7,931
2024-10-23,8,1378
2024-10-23,9,1347
2024-10-23,10,1259
2024-10-23,11,1294
2024-10-23,12,1276
2024-10-23,13,1415
2024-10-23,14,1408
2024-10-23,15,1582
2024-10-23,16,1643
2024-10-23,17,1730
2024-10-23,18,1599
2024-10-23,19,1255
2024-10-23,20,1095
2024-10-23,21,799
2024-10-23,22,532
2024-10-23,23,339
2024-10-24,0,244
2024-10-24,1,103
2024-10-24,2,48
2024-10-24,3,56
2024-10-24,4,98
2024-10-24,5,233
2024-10-24,6,457
2024-10-24,7,973
2024-10-24,8,1361
2024-10-24,9,1251
2024-10-24,10,1201
2024-10-24,11,1247
2024-10-24,12,1401
2024-10-24,13,1427
2024-10-24,14,1415
2024-10-24,15,1505
2024-10-24,16,1654
2024-10-24,17,1694
2024-10-24,18,1690
2024-10-24,19,1363
2024-10-24,20,1225
2024-10-24,21,904
2024-10-24,22,675
2024-10-24,23,549
2024-10-25,0,263
2024-10-25,1,194
2024-10-25,2,94
2024-10-25,3,76
2024-10-25,4,120
2024-10-25,5,230
2024-10-25,6,424
2024-10-25,7,761
2024-10-25,8,1055
2024-10-25,9,1097
2024-10-25,10,1088
2024-10-25,11,1207
2024-10-25,12,1265
2024-10-25,13,1387
2024-10-25,14,1477
2024-10-25,15,1485
2024-10-25,16,1416
2024-10-25,17,1414
2024-10-25,18,1358
2024-10-25,19,1195
2024-10-25,20,865
2024-10-25,21,736
2024-10-25,22,654
2024-10-25,23,503
2024-10-26,0,322
2024-10-26,1,240
2024-10-26,2,158
2024-10-26,3,98
2024-10-26,4,92
2024-10-26,5,149
2024-10-26,6,165
2024-10-26,7,276
2024-10-26,8,380
2024-10-26,9,570
2024-10-26,10,789
2024-10-26,11,830
2024-10-26,12,881
2024-10-26,13,960
2024-10-26,14,933
2024-10-26,15,936
2024-10-26,16,997
2024-10-26,17,1067
2024-10-26,18,1137
2024-10-26,19,979
2024-10-26,20,744
2024-10-26,21,637
2024-10-26,22,565
2024-10-26,23,442
2024-10-27,0,429
2024-10-27,1,399
2024-10-27,2,304
2024-10-27,3,203
2024-10-27,4,154
2024-10-27,5,197
2024-10-27,6,246
2024-10-27,7,297
2024-10-27,8,412
2024-10-27,9,563
2024-10-27,10,773
2024-10-27,11,844
2024-10-27,12,953
2024-10-27,13,908
2024-10-27,14,870
2024-10-27,15,891
2024-10-27,16,873
2024-10-27,17,842
2024-10-27,18,872
2024-10-27,19,844
2024-10-27,20,761
2024-10-27,21,584
2024-10-27,22,480
2024-10-27,23,275
2024-10-28,0,271
2024-10-28,1,146
2024-10-28,2,58
2024-10-28,3,45
2024-10-28,4,86
2024-10-28,5,231
2024-10-28,6,397
2024-10-28,7,844
2024-10-28,8,1195
2024-10-28,9,1164
2024-10-28,10,1159
2024-10-28,11,1179
2024-10-28,12,1191
2024-10-28,13,1250
2024-10-28,14,1267
2024-10-28,15,1213
2024-10-28,16,1145
2024-10-28,17,1289
2024-10-28,18,1108
2024-10-28,19,938
2024-10-28,20,803
2024-10-28,21,577
2024-10-28,22,422
2024-10-28,23,331
2024-10-29,0,237
2024-10-29,1,110
2024-10-29,2,47
2024-10-29,3,42
2024-10-29,4,73
2024-10-29,5,168
2024-10-29,6,314
2024-10-29,7,838
2024-10-29,8,1342
2024-10-29,9,1280
2024-10-29,10,1076
2024-10-29,11,1088
2024-10-29,12,1167
2024-10-29,13,1188
2024-10-29,14,1225
2024-10-29,15,1272
2024-10-29,16,1320
2024-10-29,17,1383
2024-10-29,18,1209
2024-10-29,19,1029
2024-10-29,20,798
2024-10-29,21,610
2024-10-29,22,457
2024-10-29,23,331
2024-10-30,0,187
2024-10-30,1,83
2024-10-30,2,35
2024-10-30,3,41
2024-10-30,4,98
2024-10-30,5,184
2024-10-30,6,381
2024-10-30,7,874
2024-10-30,8,1366
2024-10-30,9,1387
2024-10-30,10,1155
2024-10-30,11,1253
2024-10-30,12,1349
2024-10-30,13,1270
2024-10-30,14,1412
2024-10-30,15,1446
2024-10-30,16,1486
2024-10-30,17,1542
2024-10-30,18,1386
2024-10-30,19,1186
2024-10-30,20,833
2024-10-30,21,587
2024-10-30,22,467
2024-10-30,23,296
2024-10-31,0,197
2024-10-31,1,110
2024-10-31,2,51
2024-10-31,3,55
2024-10-31,4,87
2024-10-31,5,206
2024-10-31,6,363
2024-10-31,7,854
2024-10-31,8,1229
2024-10-31,9,1176
2024-10-31,10,1062
2024-10-31,11,1010
2024-10-31,12,1193
2024-10-31,13,1155
2024-10-31,14,1208
2024-10-31,15,1337
2024-10-31,16,1341
2024-10-31,17,1255
2024-10-31,18,1088
2024-10-31,19,948
2024-10-31,20,763
2024-10-31,21,553
2024-10-31,22,426
2024-10-31,23,325
2024-11-01,0,298
2024-11-01,1,176
2024-11-01,2,111
2024-11-01,3,88
2024-11-01,4,105
2024-11-01,5,188
2024-11-01,6,335
2024-11-01,7,692
2024-11-01,8,994
2024-11-01,9,1082
2024-11-01,10,1047
2024-11-01,11,1095
2024-11-01,12,1162
2024-11-01,13,1113
2024-11-01,14,1349
2024-11-01,15,1284
2024-11-01,16,1285
2024-11-01,17,1332
2024-11-01,18,1234
2024-11-01,19,961
2024-11-01,20,858
2024-11-01,21,660
2024-11-01,22,514
2024-11-01,23,405
2024-11-02,0,247
2024-11-02,1,206
2024-11-02,2,166
2024-11-02,3,97
2024-11-02,4,87
2024-11-02,5,107
2024-11-02,6,152
2024-11-02,7,284
2024-11-02,8,454
2024-11-02,9,637
2024-11-02,10,810
2024-11-02,11,895
2024-11-02,12,968
2024-11-02,13,1038
2024-11-02,14,1074
2024-11-02,15,1115
2024-11-02,16,1055
2024-11-02,17,1232
2024-11-02,18,1278
2024-11-02,19,1060
2024-11-02,20,762
2024-11-02,21,628
2024-11-02,22,545
2024-11-02,23,377
2024-11-03,0,330
2024-11-03,1,307
2024-11-03,2,104
2024-11-03,3,80
2024-11-03,4,113
2024-11-03,5,125
2024-11-03,6,330
2024-11-03,7,496
2024-11-03,8,658
2024-11-03,9,779
2024-11-03,10,882
2024-11-03,11,957
2024-11-03,12,973
2024-11-03,13,1093
2024-11-03,14,1121
2024-11-03,15,1059
2024-11-03,16,1078
2024-11-03,17,1191
2024-11-03,18,1165
2024-11-03,19,988
2024-11-03,20,815
2024-11-03,21,520
2024-11-03,22,441
2024-11-03,23,352
2024-11-04,0,299
2024-11-04,1,142
2024-11-04,2,51
2024-11-04,3,55
2024-11-04,4,110
2024-11-04,5,183
2024-11-04,6,453
2024-11-04,7,864
2024-11-04,8,1435
2024-11-04,9,1583
2024-11-04,10,1481
2024-11-04,11,1367
2024-11-04,12,1409
2024-11-04,13,1437
2024-11-04,14,1480
2024-11-04,15,1534
2024-11-04,16,1534
2024-11-04,17,1700
2024-11-04,18,1521
2024-11-04,19,1234
2024-11-04,20,806
2024-11-04,21,666
2024-11-04,22,534
2024-11-04,23,310
2024-11-05,0,227
2024-11-05,1,111
2024-11-05,2,73
2024-11-05,3,55
2024-11-05,4,127
2024-11-05,5,203
2024-11-05,6,436
2024-11-05,7,888
2024-11-05,8,1330
2024-11-05,9,1429
2024-11-05,10,1212
2024-11-05,11,1325
2024-11-05,12,1360
2024-11-05,13,1404
2024-11-05,14,1467
2024-11-05,15,1620
2024-11-05,16,1628
2024-11-05,17,1743
2024-11-05,18,1562
2024-11-05,19,1070
2024-11-05,20,841
2024-11-05,21,563
2024-11-05,22,330
2024-11-05,23,256
2024-11-06,0,205
2024-11-06,1,88
2024-11-06,2,66
2024-11-06,3,61
2024-11-06,4,120
2024-11-06,5,243
2024-11-06,6,520
2024-11-06,7,970
2024-11-06,8,1318
2024-11-06,9,1464
2024-11-06,10,1311
2024-11-06,11,1414
2024-11-06,12,1550
2024-11-06,13,1562
2024-11-06,14,1646
2024-11-06,15,1640
2024-11-06,16,1494
2024-11-06,17,1630
2024-11-06,18,1377
2024-11-06,19,1148
2024-11-06,20,810
2024-11-06,21,599
2024-11-06,22,491
2024-11-06,23,307
2024-11-07,0,230
2024-11-07,1,112
2024-11-07,2,51
2024-11-07,3,55
2024-11-07,4,123
2024-11-07,5,231
2024-11-07,6,501
2024-11-07,7,1010
2024-11-07,8,1372
2024-11-07,9,1370
2024-11-07,10,1186
2024-11-07,11,1271
2024-11-07,12,1341
2024-11-07,13,1384
2024-11-07,14,1362
2024-11-07,15,1440
2024-11-07,16,1556
2024-11-07,17,1667
2024-11-07,18,1550
2024-11-07,19,1163
2024-11-07,20,1033
2024-11-07,21,810
2024-11-07,22,609
2024-11-07,23,416
2024-11-08,0,343
2024-11-08,1,178
2024-11-08,2,72
2024-11-08,3,55
2024-11-08,4,118
2024-11-08,5,188
2024-11-08,6,379
2024-11-08,7,749
2024-11-08,8,992
2024-11-08,9,1027
2024-11-08,10,1057
2024-11-08,11,1148
2024-11-08,12,1206
2024-11-08,13,1303
2024-11-08,14,1357
2024-11-08,15,1413
2024-11-08,16,1310
2024-11-08,17,1360
2024-11-08,18,1333
2024-11-08,19,1057
2024-11-08,20,818
2024-11-08,21,693
2024-11-08,22,591
2024-11-08,23,437
2024-11-09,0,279
2024-11-09,1,173
2024-11-09,2,119
2024-11-09,3,109
2024-11-09,4,84
2024-11-09,5,106
2024-11-09,6,182
2024-11-09,7,271
2024-11-09,8,400
2024-11-09,9,553
2024-11-09,10,687
2024-11-09,11,722
2024-11-09,12,838
2024-11-09,13,855
2024-11-09,14,869
2024-11-09,15,972
2024-11-09,16,991
2024-11-09,17,1077
2024-11-09,18,984
2024-11-09,19,823
2024-11-09,20,609
2024-11-09,21,534
2024-11-09,22,564
2024-11-09,23,567
2024-11-10,0,376
2024-11-10,1,227
2024-11-10,2,144
2024-11-10,3,118
2024-11-10,4,121
2024-11-10,5,169
2024-11-10,6,226
2024-11-10,7,291
2024-11-10,8,402
2024-11-10,9,628
2024-11-10,10,788
2024-11-10,11,842
2024-11-10,12,794
2024-11-10,13,819
2024-11-10,14,860
2024-11-10,15,1054
2024-11-10,16,1068
2024-11-10,17,997
2024-11-10,18,850
2024-11-10,19,767
2024-11-10,20,726
2024-11-10,21,556
2024-11-10,22,427
2024-11-10,23,288
2024-11-11,0,228
2024-11-11,1,93
2024-11-11,2,39
2024-11-11,3,48
2024-11-11,4,91
2024-11-11,5,196
2024-11-11,6,336
2024-11-11,7,677
2024-11-11,8,931
2024-11-11,9,1102
2024-11-11,10,955
2024-11-11,11,1026
2024-11-11,12,1109
2024-11-11,13,1207
2024-11-11,14,1132
2024-11-11,15,1305
2024-11-11,16,1163
2024-11-11,17,1250
2024-11-11,18,1063
2024-11-11,19,912
2024-11-11,20,842
2024-11-11,21,597
2024-11-11,22,425
2024-11-11,23,250
2024-11-12,0,242
2024-11-12,1,129
2024-11-12,2,44
2024-11-12,3,31
2024-11-12,4,96
2024-11-12,5,197
2024-11-12,6,422
2024-11-12,7,937
2024-11-12,8,1414
2024-11-12,9,1426
2024-11-12,10,1177
2024-11-12,11,1265
2024-11-12,12,1325
2024-11-12,13,1384
2024-11-12,14,1459
2024-11-12,15,1426
2024-11-12,16,1468
2024-11-12,17,1615
2024-11-12,18,1381
2024-11-12,19,1188
2024-11-12,20,873
2024-11-12,21,672
2024-11-12,22,468
2024-11-12,23,271
2024-11-13,0,144
2024-11-13,1,66
2024-11-13,2,38
2024-11-13,3,34
2024-11-13,4,86
2024-11-13,5,180
2024-11-13,6,394
2024-11-13,7,976
2024-11-13,8,1519
2024-11-13,9,1490
2024-11-13,10,1246
2024-11-13,11,1316
2024-11-13,12,1350
2024-11-13,13,1452
2024-11-13,14,1519
2024-11-13,15,1540
2024-11-13,16,1515
2024-11-13,17,1734
2024-11-13,18,1728
2024-11-13,19,1474
2024-11-13,20,1108
2024-11-13,21,821
2024-11-13,22,518
2024-11-13,23,349
2024-11-14,0,206
2024-11-14,1,99
2024-11-14,2,41
2024-11-14,3,48
2024-11-14,4,102
2024-11-14,5,189
2024-11-14,6,472
2024-11-14,7,978
2024-11-14,8,1496
2024-11-14,9,1448
2024-11-14,10,1221
2024-11-14,11,1389
2024-11-14,12,1463
2024-11-14,13,1467
2024-11-14,14,1490
2024-11-14,15,1671
2024-11-14,16,1644
2024-11-14,17,1796
2024-11-14,18,1574
2024-11-14,19,1276
2024-11-14,20,1106
2024-11-14,21,923
2024-11-14,22,706
2024-11-14,23,475
2024-11-15,0,321
2024-11-15,1,147
2024-11-15,2,73
2024-11-15,3,52
2024-11-15,4,130
2024-11-15,5,197
2024-11-15,6,405
2024-11-15,7,814
2024-11-15,8,1080
2024-11-15,9,1102
2024-11-15,10,1147
2024-11-15,11,1195
2024-11-15,12,1366
2024-11-15,13,1463
2024-11-15,14,1461
2024-11-15,15,1493
2024-11-15,16,1517
2024-11-15,17,1558
2024-11-15,18,1558
2024-11-15,19,1269
2024-11-15,20,1106
2024-11-15,21,824
2024-11-15,22,604
2024-11-15,23,545
2024-11-16,0,407
2024-11-16,1,192
2024-11-16,2,127
2024-11-16,3,84
2024-11-16,4,84
2024-11-16,5,121
2024-11-16,6,191
2024-11-16,7,314
2024-11-16,8,596
2024-11-16,9,920
2024-11-16,10,894
2024-11-16,11,828
2024-11-16,12,954
2024-11-16,13,980
2024-11-16,14,1048
2024-11-16,15,1177
2024-11-16,16,1255
2024-11-16,17,1348
2024-11-16,18,1250
2024-11-16,19,937
2024-11-16,20,778
2024-11-16,21,583
2024-11-16,22,497
2024-11-16,23,419
2024-11-17,0,344
2024-11-17,1,239
2024-11-17,2,163
2024-11-17,3,106
2024-11-17,4,113
2024-11-17,5,137
2024-11-17,6,210
2024-11-17,7,379
2024-11-17,8,585
2024-11-17,9,903
2024-11-17,10,1118
2024-11-17,11,1175
2024-11-17,12,1067
2024-11-17,13,1020
2024-11-17,14,1083
2024-11-17,15,1276
2024-11-17,16,1364
2024-11-17,17,1357
2024-11-17,18,1194
2024-11-17,19,1010
2024-11-17,20,946
2024-11-17,21,683
2024-11-17,22,498
2024-11-17,23,352
2024-11-18,0,266
2024-11-18,1,113
2024-11-18,2,49
2024-11-18,3,51
2024-11-18,4,135
2024-11-18,5,243
2024-11-18,6,518
2024-11-18,7,1026
2024-11-18,8,1429
2024-11-18,9,1496
2024-11-18,10,1433
2024-11-18,11,1561
2024-11-18,12,1711
2024-11-18,13,1903
2024-11-18,14,1762
2024-11-18,15,1699
2024-11-18,16,1751
2024-11-18,17,1586
2024-11-18,18,1377
2024-11-18,19,1116
2024-11-18,20,943
2024-11-18,21,729
2024-11-18,22,506
2024-11-18,23,333
2024-11-19,0,237
2024-11-19,1,105
2024-11-19,2,37
2024-11-19,3,39
2024-11-19,4,98
2024-11-19,5,184
2024-11-19,6,442
2024-11-19,7,1108
2024-11-19,8,1534
2024-11-19,9,1472
2024-11-19,10,1203
2024-11-19,11,1338
2024-11-19,12,1365
2024-11-19,13,1369
2024-11-19,14,1377
2024-11-19,15,1537
2024-11-19,16,1525
2024-11-19,17,1764
2024-11-19,18,1580
2024-11-19,19,1222
2024-11-19,20,993
2024-11-19,21,705
2024-11-19,22,584
2024-11-19,23,370
2024-11-20,0,195
2024-11-20,1,73
2024-11-20,2,29
2024-11-20,3,49
2024-11-20,4,108
2024-11-20,5,187
2024-11-20,6,514
2024-11-20,7,1160
2024-11-20,8,1431
2024-11-20,9,1562
2024-11-20,10,1276
2024-11-20,11,1395
2024-11-20,12,1431
2024-11-20,13,1486
2024-11-20,14,1587
2024-11-20,15,1653
2024-11-20,16,1726
2024-11-20,17,1815
2024-11-20,18,1629
2024-11-20,19,1277
2024-11-20,20,1110
2024-11-20,21,773
2024-11-20,22,508
2024-11-20,23,335
2024-11-21,0,240
2024-11-21,1,92
2024-11-21,2,45
2024-11-21,3,52
2024-11-21,4,107
2024-11-21,5,181
2024-11-21,6,451
2024-11-21,7,1013
2024-11-21,8,1466
2024-11-21,9,1512
2024-11-21,10,1441
2024-11-21,11,1463
2024-11-21,12,1650
2024-11-21,13,1584
2024-11-21,14,1646
2024-11-21,15,1770
2024-11-21,16,1725
2024-11-21,17,1835
2024-11-21,18,1797
2024-11-21,19,1333
2024-11-21,20,1012
2024-11-21,21,1063
2024-11-21,22,982
2024-11-21,23,596
2024-11-22,0,309
2024-11-22,1,161
2024-11-22,2,83
2024-11-22,3,86
2024-11-22,4,147
2024-11-22,5,263
2024-11-22,6,491
2024-11-22,7,839
2024-11-22,8,1085
2024-11-22,9,1054
2024-11-22,10,1150
2024-11-22,11,1354
2024-11-22,12,1426
2024-11-22,13,1475
2024-11-22,14,1411
2024-11-22,15,1396
2024-11-22,16,1350
2024-11-22,17,1443
2024-11-22,18,1347
2024-11-22,19,1084
2024-11-22,20,793
2024-11-22,21,689
2024-11-22,22,603
2024-11-22,23,417
2024-11-23,0,314
2024-11-23,1,239
2024-11-23,2,158
2024-11-23,3,104
2024-11-23,4,111
2024-11-23,5,142
2024-11-23,6,215
2024-11-23,7,260
2024-11-23,8,361
2024-11-23,9,553
2024-11-23,10,788
2024-11-23,11,857
2024-11-23,12,925
2024-11-23,13,926
2024-11-23,14,916
2024-11-23,15,880
2024-11-23,16,845
2024-11-23,17,787
2024-11-23,18,826
2024-11-23,19,693
2024-11-23,20,613
2024-11-23,21,564
2024-11-23,22,550
2024-11-23,23,363
2024-11-24,0,256
2024-11-24,1,187
2024-11-24,2,161
2024-11-24,3,113
2024-11-24,4,92
2024-11-24,5,122
2024-11-24,6,211
2024-11-24,7,238
2024-11-24,8,384
2024-11-24,9,559
2024-11-24,10,771
2024-11-24,11,807
2024-11-24,12,688
2024-11-24,13,750
2024-11-24,14,701
2024-11-24,15,831
2024-11-24,16,863
2024-11-24,17,776
2024-11-24,18,663
2024-11-24,19,572
2024-11-24,20,522
2024-11-24,21,333
2024-11-24,22,312
2024-11-24,23,211
2024-11-25,0,147
2024-11-25,1,74
2024-11-25,2,39
2024-11-25,3,45
2024-11-25,4,91
2024-11-25,5,157
2024-11-25,6,310
2024-11-25,7,533
2024-11-25,8,803
2024-11-25,9,901
2024-11-25,10,847
2024-11-25,11,924
2024-11-25,12,937
2024-11-25,13,964
2024-11-25,14,1075
2024-11-25,15,1086
2024-11-25,16,1026
2024-11-25,17,900
2024-11-25,18,798
2024-11-25,19,667
2024-11-25,20,477
2024-11-25,21,307
2024-11-25,22,283
2024-11-25,23,213
2024-11-26,0,144
2024-11-26,1,79
2024-11-26,2,41
2024-11-26,3,48
2024-11-26,4,83
2024-11-26,5,158
2024-11-26,6,339
2024-11-26,7,650
2024-11-26,8,901
2024-11-26,9,1015
2024-11-26,10,968
2024-11-26,11,1079
2024-11-26,12,1092
2024-11-26,13,1087
2024-11-26,14,1162
2024-11-26,15,1113
2024-11-26,16,1199
2024-11-26,17,1137
2024-11-26,18,903
2024-11-26,19,722
2024-11-26,20,594
2024-11-26,21,452
2024-11-26,22,341
2024-11-26,23,220
2024-11-27,0,144
2024-11-27,1,69
2024-11-27,2,44
2024-11-27,3,31
2024-11-27,4,97
2024-11-27,5,145
2024-11-27,6,286
2024-11-27,7,438
2024-11-27,8,623
2024-11-27,9,723
2024-11-27,10,869
2024-11-27,11,914
2024-11-27,12,1044
2024-11-27,13,1097
2024-11-27,14,1120
2024-11-27,15,1114
2024-11-27,16,1037
2024-11-27,17,893
2024-11-27,18,736
2024-11-27,19,646
2024-11-27,20,572
2024-11-27,21,398
2024-11-27,22,343
2024-11-27,23,242
2024-11-28,0,179
2024-11-28,1,164
2024-11-28,2,121
2024-11-28,3,92
2024-11-28,4,73
2024-11-28,5,116
2024-11-28,6,173
2024-11-28,7,184
2024-11-28,8,258
2024-11-28,9,343
2024-11-28,10,447
2024-11-28,11,474
2024-11-28,12,540
2024-11-28,13,564
2024-11-28,14,708
2024-11-28,15,678
2024-11-28,16,569
2024-11-28,17,446
2024-11-28,18,387
2024-11-28,19,378
2024-11-28,20,308
2024-11-28,21,278
2024-11-28,22,216
2024-11-28,23,164
2024-11-29,0,110
2024-11-29,1,41
2024-11-29,2,33
2024-11-29,3,34
2024-11-29,4,36
2024-11-29,5,94
2024-11-29,6,169
2024-11-29,7,252
2024-11-29,8,398
2024-11-29,9,630
2024-11-29,10,770
2024-11-29,11,797
2024-11-29,12,851
2024-11-29,13,959
2024-11-29,14,1003
2024-11-29,15,1121
2024-11-29,16,1041
2024-11-29,17,1071
2024-11-29,18,976
2024-11-29,19,830
2024-11-29,20,728
2024-11-29,21,585
2024-11-29,22,472
2024-11-29,23,298
2024-11-30,0,252
2024-11-30,1,126
2024-11-30,2,94
2024-11-30,3,80
2024-11-30,4,87
2024-11-30,5,123
2024-11-30,6,172
2024-11-30,7,260
2024-11-30,8,441
2024-11-30,9,637
2024-11-30,10,830
2024-11-30,11,937
2024-11-30,12,1083
2024-11-30,13,1130
2024-11-30,14,1160
2024-11-30,15,1188
2024-11-30,16,1118
2024-11-30,17,1200
2024-11-30,18,1142
2024-11-30,19,1010
2024-11-30,20,892
2024-11-30,21,777
2024-11-30,22,587
2024-11-30,23,575
2024-12-01,0,427
2024-12-01,1,241
2024-12-01,2,150
2024-12-01,3,111
2024-12-01,4,97
2024-12-01,5,146
2024-12-01,6,233
2024-12-01,7,318
2024-12-01,8,592
2024-12-01,9,791
2024-12-01,10,891
2024-12-01,11,792
2024-12-01,12,910
2024-12-01,13,1113
2024-12-01,14,941
2024-12-01,15,985
2024-12-01,16,1083
2024-12-01,17,1179
2024-12-01,18,1234
2024-12-01,19,1035
2024-12-01,20,967
2024-12-01,21,859
2024-12-01,22,633
2024-12-01,23,466
2024-12-02,0,392
2024-12-02,1,228
2024-12-02,2,73
2024-12-02,3,44
2024-12-02,4,110
2024-12-02,5,211
2024-12-02,6,424
2024-12-02,7,901
2024-12-02,8,1407
2024-12-02,9,1429
2024-12-02,10,1230
2024-12-02,11,1210
2024-12-02,12,1279
2024-12-02,13,1315
2024-12-02,14,1332
2024-12-02,15,1495
2024-12-02,16,1514
2024-12-02,17,1635
2024-12-02,18,1597
2024-12-02,19,1350
2024-12-02,20,1009
2024-12-02,21,814
2024-12-02,22,591
2024-12-02,23,356
2024-12-03,0,332
2024-12-03,1,192
2024-12-03,2,63
2024-12-03,3,47
2024-12-03,4,77
2024-12-03,5,162
2024-12-03,6,438
2024-12-03,7,1064
2024-12-03,8,1604
2024-12-03,9,1650
2024-12-03,10,1399
2024-12-03,11,1444
2024-12-03,12,1378
2024-12-03,13,1399
2024-12-03,14,1573
2024-12-03,15,1625
2024-12-03,16,1596
2024-12-03,17,1690
2024-12-03,18,1645
2024-12-03,19,1242
2024-12-03,20,1049
2024-12-03,21,704
2024-12-03,22,592
2024-12-03,23,351
2024-12-04,0,229
2024-12-04,1,104
2024-12-04,2,49
2024-12-04,3,67
2024-12-04,4,106
2024-12-04,5,189
2024-12-04,6,436
2024-12-04,7,1031
2024-12-04,8,1342
2024-12-04,9,1496
2024-12-04,10,1365
2024-12-04,11,1408
2024-12-04,12,1541
2024-12-04,13,1604
2024-12-04,14,1584
2024-12-04,15,1679
2024-12-04,16,1574
2024-12-04,17,1662
2024-12-04,18,1403
2024-12-04,19,1208
2024-12-04,20,1033
2024-12-04,21,928
2024-12-04,22,603
2024-12-04,23,338
2024-12-05,0,226
2024-12-05,1,110
2024-12-05,2,50
2024-12-05,3,48
2024-12-05,4,90
2024-12-05,5,233
2024-12-05,6,530
2024-12-05,7,960
2024-12-05,8,1335
2024-12-05,9,1378
2024-12-05,10,1279
2024-12-05,11,1398
2024-12-05,12,1461
2024-12-05,13,1457
2024-12-05,14,1531
2024-12-05,15,1754
2024-12-05,16,1766
2024-12-05,17,1726
2024-12-05,18,1645
2024-12-05,19,1318
2024-12-05,20,1144
2024-12-05,21,870
2024-12-05,22,729
2024-12-05,23,490
2024-12-06,0,310
2024-12-06,1,152
2024-12-06,2,54
2024-12-06,3,51
2024-12-06,4,99
2024-12-06,5,204
2024-12-06,6,454
2024-12-06,7,890
2024-12-06,8,1208
2024-12-06,9,1115
2024-12-06,10,1156
2024-12-06,11,1388
2024-12-06,12,1381
2024-12-06,13,1434
2024-12-06,14,1428
2024-12-06,15,1485
2024-12-06,16,1477
2024-12-06,17,1738
2024-12-06,18,1658
2024-12-06,19,1332
2024-12-06,20,907
2024-12-06,21,792
2024-12-06,22,681
2024-12-06,23,550
2024-12-07,0,420
2024-12-07,1,227
2024-12-07,2,142
2024-12-07,3,89
2024-12-07,4,74
2024-12-07,5,96
2024-12-07,6,177
2024-12-07,7,268
2024-12-07,8,345
2024-12-07,9,521
2024-12-07,10,700
2024-12-07,11,818
2024-12-07,12,856
2024-12-07,13,966
2024-12-07,14,970
2024-12-07,15,965
2024-12-07,16,1008
2024-12-07,17,940
2024-12-07,18,1015
2024-12-07,19,932
2024-12-07,20,603
2024-12-07,21,587
2024-12-07,22,514
2024-12-07,23,512
2024-12-08,0,363
2024-12-08,1,201
2024-12-08,2,151
2024-12-08,3,118
2024-12-08,4,87
2024-12-08,5,123
2024-12-08,6,191
2024-12-08,7,254
2024-12-08,8,345
2024-12-08,9,481
2024-12-08,10,620
2024-12-08,11,773
2024-12-08,12,850
2024-12-08,13,853
2024-12-08,14,818
2024-12-08,15,913
2024-12-08,16,854
2024-12-08,17,805
2024-12-08,18,704
2024-12-08,19,694
2024-12-08,20,636
2024-12-08,21,464
2024-12-08,22,405
2024-12-08,23,243
2024-12-09,0,209
2024-12-09,1,75
2024-12-09,2,35
2024-12-09,3,36
2024-12-09,4,98
2024-12-09,5,199
2024-12-09,6,377
2024-12-09,7,767
2024-12-09,8,1147
2024-12-09,9,1166
2024-12-09,10,1023
2024-12-09,11,1079
2024-12-09,12,1157
2024-12-09,13,1149
2024-12-09,14,1235
2024-12-09,15,1281
2024-12-09,16,1191
2024-12-09,17,1252
2024-12-09,18,993
2024-12-09,19,878
2024-12-09,20,763
2024-12-09,21,507
2024-12-09,22,320
2024-12-09,23,244
2024-12-10,0,195
2024-12-10,1,66
2024-12-10,2,21
2024-12-10,3,31
2024-12-10,4,80
2024-12-10,5,155
2024-12-10,6,343
2024-12-10,7,834
2024-12-10,8,1342
2024-12-10,9,1341
2024-12-10,10,1086
2024-12-10,11,1154
2024-12-10,12,1217
2024-12-10,13,1308
2024-12-10,14,1302
2024-12-10,15,1298
2024-12-10,16,1462
2024-12-10,17,1477
2024-12-10,18,1237
2024-12-10,19,1098
2024-12-10,20,872
2024-12-10,21,689
2024-12-10,22,509
2024-12-10,23,331
2024-12-11,0,210
2024-12-11,1,91
2024-12-11,2,27
2024-12-11,3,47
2024-12-11,4,84
2024-12-11,5,157
2024-12-11,6,370
2024-12-11,7,965
2024-12-11,8,1538
2024-12-11,9,1413
2024-12-11,10,1176
2024-12-11,11,1286
2024-12-11,12,1276
2024-12-11,13,1354
2024-12-11,14,1395
2024-12-11,15,1519
2024-12-11,16,1624
2024-12-11,17,1671
2024-12-11,18,1501
2024-12-11,19,1197
2024-12-11,20,1037
2024-12-11,21,916
2024-12-11,22,674
2024-12-11,23,372
2024-12-12,0,264
2024-12-12,1,102
2024-12-12,2,47
2024-12-12,3,44
2024-12-12,4,88
2024-12-12,5,181
2024-12-12,6,486
2024-12-12,7,1069
2024-12-12,8,1550
2024-12-12,9,1266
2024-12-12,10,1146
2024-12-12,11,1116
2024-12-12,12,1226
2024-12-12,13,1390
2024-12-12,14,1388
2024-12-12,15,1724
2024-12-12,16,1756
2024-12-12,17,1874
2024-12-12,18,1813
2024-12-12,19,1381
2024-12-12,20,1128
2024-12-12,21,1082
2024-12-12,22,916
2024-12-12,23,585
2024-12-13,0,347
2024-12-13,1,164
2024-12-13,2,78
2024-12-13,3,62
2024-12-13,4,97
2024-12-13,5,172
2024-12-13,6,446
2024-12-13,7,893
2024-12-13,8,1192
2024-12-13,9,1158
2024-12-13,10,1138
2024-12-13,11,1304
2024-12-13,12,1341
2024-12-13,13,1379
2024-12-13,14,1412
2024-12-13,15,1573
2024-12-13,16,1501
2024-12-13,17,1730
2024-12-13,18,1710
2024-12-13,19,1489
2024-12-13,20,1039
2024-12-13,21,828
2024-12-13,22,817
2024-12-13,23,696
2024-12-14,0,495
2024-12-14,1,308
2024-12-14,2,177
2024-12-14,3,123
2024-12-14,4,95
2024-12-14,5,111
2024-12-14,6,181
2024-12-14,7,253
2024-12-14,8,365
2024-12-14,9,555
2024-12-14,10,724
2024-12-14,11,865
2024-12-14,12,949
2024-12-14,13,945
2024-12-14,14,929
2024-12-14,15,902
2024-12-14,16,1043
2024-12-14,17,1180
2024-12-14,18,1339
2024-12-14,19,1186
2024-12-14,20,755
2024-12-14,21,709
2024-12-14,22,638
2024-12-14,23,607
2024-12-15,0,551
2024-12-15,1,321
2024-12-15,2,191
2024-12-15,3,123
2024-12-15,4,113
2024-12-15,5,133
2024-12-15,6,174
2024-12-15,7,225
2024-12-15,8,309
2024-12-15,9,459
2024-12-15,10,579
2024-12-15,11,719
2024-12-15,12,768
2024-12-15,13,773
2024-12-15,14,759
2024-12-15,15,772
2024-12-15,16,750
2024-12-15,17,729
2024-12-15,18,651
2024-12-15,19,625
2024-12-15,20,589
2024-12-15,21,403
2024-12-15,22,316
2024-12-15,23,202
2024-12-16,0,175
2024-12-16,1,71
2024-12-16,2,39
2024-12-16,3,31
2024-12-16,4,66
2024-12-16,5,144
2024-12-16,6,335
2024-12-16,7,726
2024-12-16,8,1092
2024-12-16,9,1051
2024-12-16,10,984
2024-12-16,11,994
2024-12-16,12,1001
2024-12-16,13,1070
2024-12-16,14,1074
2024-12-16,15,1113
2024-12-16,16,1118
2024-12-16,17,1135
2024-12-16,18,961
2024-12-16,19,771
2024-12-16,20,690
2024-12-16,21,458
2024-12-16,22,357
2024-12-16,23,201
2024-12-17,0,164
2024-12-17,1,89
2024-12-17,2,38
2024-12-17,3,30
2024-12-17,4,73
2024-12-17,5,131
2024-12-17,6,327
2024-12-17,7,788
2024-12-17,8,1266
2024-12-17,9,1194
2024-12-17,10,1098
2024-12-17,11,1100
2024-12-17,12,1143
2024-12-17,13,1199
2024-12-17,14,1277
2024-12-17,15,1326
2024-12-17,16,1340
2024-12-17,17,1389
2024-12-17,18,1144
2024-12-17,19,909
2024-12-17,20,698
2024-12-17,21,597
2024-12-17,22,554
2024-12-17,23,294
2024-12-18,0,178
2024-12-18,1,91
2024-12-18,2,40
2024-12-18,3,44
2024-12-18,4,78
2024-12-18,5,157
2024-12-18,6,349
2024-12-18,7,848
2024-12-18,8,1219
2024-12-18,9,1277
2024-12-18,10,1137
2024-12-18,11,1105
2024-12-18,12,1206
2024-12-18,13,1266
2024-12-18,14,1338
2024-12-18,15,1350
2024-12-18,16,1401
2024-12-18,17,1479
2024-12-18,18,1234
2024-12-18,19,1038
2024-12-18,20,886
2024-12-18,21,743
2024-12-18,22,643
2024-12-18,23,350
2024-12-19,0,202
2024-12-19,1,113
2024-12-19,2,42
2024-12-19,3,50
2024-12-19,4,79
2024-12-19,5,176
2024-12-19,6,368
2024-12-19,7,786
2024-12-19,8,1234
2024-12-19,9,1207
2024-12-19,10,1145
2024-12-19,11,1242
2024-12-19,12,1240
2024-12-19,13,1307
2024-12-19,14,1294
2024-12-19,15,1491
2024-12-19,16,1597
2024-12-19,17,1660
2024-12-19,18,1593
2024-12-19,19,1216
2024-12-19,20,873
2024-12-19,21,896
2024-12-19,22,742
2024-12-19,23,560
2024-12-20,0,420
2024-12-20,1,303
2024-12-20,2,111
2024-12-20,3,63
2024-12-20,4,118
2024-12-20,5,186
2024-12-20,6,430
2024-12-20,7,748
2024-12-20,8,1049
2024-12-20,9,940
2024-12-20,10,1032
2024-12-20,11,1168
2024-12-20,12,1284
2024-12-20,13,1202
2024-12-20,14,1229
2024-12-20,15,1251
2024-12-20,16,1346
2024-12-20,17,1326
2024-12-20,18,1301
2024-12-20,19,952
2024-12-20,20,741
2024-12-20,21,673
2024-12-20,22,599
2024-12-20,23,470
2024-12-21,0,410
2024-12-21,1,341
2024-12-21,2,221
2024-12-21,3,140
2024-12-21,4,145
2024-12-21,5,133
2024-12-21,6,220
2024-12-21,7,279
2024-12-21,8,387
2024-12-21,9,536
2024-12-21,10,700
2024-12-21,11,736
2024-12-21,12,872
2024-12-21,13,856
2024-12-21,14,837
2024-12-21,15,848
2024-12-21,16,867
2024-12-21,17,898
2024-12-21,18,784
2024-12-21,19,720
2024-12-21,20,575
2024-12-21,21,547
2024-12-21,22,438
2024-12-21,23,289
2024-12-22,0,256
2024-12-22,1,205
2024-12-22,2,165
2024-12-22,3,123
2024-12-22,4,153
2024-12-22,5,161
2024-12-22,6,241
2024-12-22,7,216
2024-12-22,8,346
2024-12-22,9,501
2024-12-22,10,815
2024-12-22,11,839
2024-12-22,12,707
2024-12-22,13,681
2024-12-22,14,695
2024-12-22,15,819
2024-12-22,16,804
2024-12-22,17,691
2024-12-22,18,606
2024-12-22,19,501
2024-12-22,20,488
2024-12-22,21,349
2024-12-22,22,256
2024-12-22,23,187
2024-12-23,0,122
2024-12-23,1,78
2024-12-23,2,49
2024-12-23,3,55
2024-12-23,4,98
2024-12-23,5,142
2024-12-23,6,294
2024-12-23,7,458
2024-12-23,8,573
2024-12-23,9,770
2024-12-23,10,801
2024-12-23,11,916
2024-12-23,12,1064
2024-12-23,13,1046
2024-12-23,14,1087
2024-12-23,15,1073
2024-12-23,16,1014
2024-12-23,17,910
2024-12-23,18,794
2024-12-23,19,596
2024-12-23,20,460
2024-12-23,21,359
2024-12-23,22,272
2024-12-23,23,191
2024-12-24,0,152
2024-12-24,1,85
2024-12-24,2,47
2024-12-24,3,48
2024-12-24,4,73
2024-12-24,5,111
2024-12-24,6,185
2024-12-24,7,253
2024-12-24,8,403
2024-12-24,9,534
2024-12-24,10,599
2024-12-24,11,634
2024-12-24,12,759
2024-12-24,13,828
2024-12-24,14,800
2024-12-24,15,761
2024-12-24,16,756
2024-12-24,17,646
2024-12-24,18,518
2024-12-24,19,424
2024-12-24,20,294
2024-12-24,21,236
2024-12-24,22,215
2024-12-24,23,183
2024-12-25,0,99
2024-12-25,1,66
2024-12-25,2,36
2024-12-25,3,30
2024-12-25,4,43
2024-12-25,5,74
2024-12-25,6,116
2024-12-25,7,137
2024-12-25,8,163
2024-12-25,9,251
2024-12-25,10,282
2024-12-25,11,313
2024-12-25,12,368
2024-12-25,13,381
2024-12-25,14,375
2024-12-25,15,381
2024-12-25,16,336
2024-12-25,17,366
2024-12-25,18,337
2024-12-25,19,314
2024-12-25,20,287
2024-12-25,21,222
2024-12-25,22,204
2024-12-25,23,145
2024-12-26,0,97
2024-12-26,1,58
2024-12-26,2,25
2024-12-26,3,26
2024-12-26,4,52
2024-12-26,5,103
2024-12-26,6,154
2024-12-26,7,289
2024-12-26,8,400
2024-12-26,9,565
2024-12-26,10,618
2024-12-26,11,680
2024-12-26,12,751
2024-12-26,13,779
2024-12-26,14,806
2024-12-26,15,785
2024-12-26,16,808
2024-12-26,17,859
2024-12-26,18,773
2024-12-26,19,642
2024-12-26,20,601
2024-12-26,21,533
2024-12-26,22,440
2024-12-26,23,350
2024-12-27,0,198
2024-12-27,1,84
2024-12-27,2,54
2024-12-27,3,46
2024-12-27,4,57
2024-12-27,5,106
2024-12-27,6,182
2024-12-27,7,313
2024-12-27,8,473
2024-12-27,9,647
2024-12-27,10,709
2024-12-27,11,844
2024-12-27,12,930
2024-12-27,13,933
2024-12-27,14,936
2024-12-27,15,987
2024-12-27,16,987
2024-12-27,17,983
2024-12-27,18,861
2024-12-27,19,778
2024-12-27,20,660
2024-12-27,21,595
2024-12-27,22,448
2024-12-27,23,337
2024-12-28,0,250
2024-12-28,1,150
2024-12-28,2,120
2024-12-28,3,105
2024-12-28,4,88
2024-12-28,5,92
2024-12-28,6,138
2024-12-28,7,177
2024-12-28,8,274
2024-12-28,9,432
2024-12-28,10,565
2024-12-28,11,562
2024-12-28,12,664
2024-12-28,13,726
2024-12-28,14,803
2024-12-28,15,778
2024-12-28,16,750
2024-12-28,17,869
2024-12-28,18,772
2024-12-28,19,690
2024-12-28,20,630
2024-12-28,21,513
2024-12-28,22,406
2024-12-28,23,330
2024-12-29,0,295
2024-12-29,1,162
2024-12-29,2,122
2024-12-29,3,96
2024-12-29,4,89
2024-12-29,5,104
2024-12-29,6,138
2024-12-29,7,183
2024-12-29,8,251
2024-12-29,9,434
2024-12-29,10,543
2024-12-29,11,626
2024-12-29,12,695
2024-12-29,13,744
2024-12-29,14,786
2024-12-29,15,710
2024-12-29,16,663
2024-12-29,17,737
2024-12-29,18,669
2024-12-29,19,528
2024-12-29,20,521
2024-12-29,21,499
2024-12-29,22,376
2024-12-29,23,284
2024-12-30,0,205
2024-12-30,1,166
2024-12-30,2,65
2024-12-30,3,49
2024-12-30,4,66
2024-12-30,5,119
2024-12-30,6,246
2024-12-30,7,388
2024-12-30,8,563
2024-12-30,9,718
2024-12-30,10,785
2024-12-30,11,789
2024-12-30,12,853
2024-12-30,13,934
2024-12-30,14,965
2024-12-30,15,1055
2024-12-30,16,1036
2024-12-30,17,952
2024-12-30,18,836
2024-12-30,19,669
2024-12-30,20,581
2024-12-30,21,474
2024-12-30,22,400
2024-12-30,23,279
2024-12-31,0,245
2024-12-31,1,107
2024-12-31,2,58
2024-12-31,3,45
2024-12-31,4,73
2024-12-31,5,112
2024-12-31,6,244
2024-12-31,7,377
2024-12-31,8,491
2024-12-31,9,681
2024-12-31,10,711
2024-12-31,11,822
2024-12-31,12,947
2024-12-31,13,917
2024-12-31,14,997
2024-12-31,15,943
2024-12-31,16,943
2024-12-31,17,879
2024-12-31,18,822
2024-12-31,19,851
2024-12-31,20,764
2024-12-31,21,545
2024-12-31,22,455
2024-12-31,23,332
2025-01-01,0,451
2025-01-01,1,616
2025-01-01,2,523
2025-01-01,3,224
2025-01-01,4,112
2025-01-01,5,84
2025-01-01,6,136
2025-01-01,7,176
2025-01-01,8,197
2025-01-01,9,252
2025-01-01,10,416
2025-01-01,11,519
2025-01-01,12,595
2025-01-01,13,516
2025-01-01,14,555
2025-01-01,15,576
2025-01-01,16,557
2025-01-01,17,594
2025-01-01,18,480
2025-01-01,19,483
2025-01-01,20,482
2025-01-01,21,284
2025-01-01,22,264
2025-01-01,23,193
2025-01-02,0,189
2025-01-02,1,76
2025-01-02,2,35
2025-01-02,3,38
2025-01-02,4,65
2025-01-02,5,103
2025-01-02,6,233
2025-01-02,7,384
2025-01-02,8,579
2025-01-02,9,685
2025-01-02,10,769
2025-01-02,11,825
2025-01-02,12,764
2025-01-02,13,882
2025-01-02,14,890
2025-01-02,15,899
2025-01-02,16,883
2025-01-02,17,870
2025-01-02,18,674
2025-01-02,19,584
2025-01-02,20,503
2025-01-02,21,409
2025-01-02,22,372
2025-01-02,23,223
2025-01-03,0,200
2025-01-03,1,103
2025-01-03,2,62
2025-01-03,3,34
2025-01-03,4,58
2025-01-03,5,119
2025-01-03,6,238
2025-01-03,7,393
2025-01-03,8,615
2025-01-03,9,774
2025-01-03,10,817
2025-01-03,11,806
2025-01-03,12,869
2025-01-03,13,932
2025-01-03,14,990
2025-01-03,15,988
2025-01-03,16,1016
2025-01-03,17,939
2025-01-03,18,785
2025-01-03,19,680
2025-01-03,20,590
2025-01-03,21,508
2025-01-03,22,472
2025-01-03,23,341
2025-01-04,0,245
2025-01-04,1,164
2025-01-04,2,113
2025-01-04,3,85
2025-01-04,4,67
2025-01-04,5,84
2025-01-04,6,143
2025-01-04,7,185
2025-01-04,8,303
2025-01-04,9,409
2025-01-04,10,604
2025-01-04,11,580
2025-01-04,12,622
2025-01-04,13,702
2025-01-04,14,729
2025-01-04,15,703
2025-01-04,16,691
2025-01-04,17,723
2025-01-04,18,635
2025-01-04,19,567
2025-01-04,20,567
2025-01-04,21,532
2025-01-04,22,461
2025-01-04,23,367
2025-01-05,0,251
2025-01-05,1,184
2025-01-05,2,93
2025-01-05,3,63
2025-01-05,4,68
2025-01-05,5,102
2025-01-05,6,145
2025-01-05,7,192
2025-01-05,8,306
2025-01-05,9,453
2025-01-05,10,487
2025-01-05,11,522
2025-01-05,12,625
2025-01-05,13,596
2025-01-05,14,618
2025-01-05,15,601
2025-01-05,16,630
2025-01-05,17,604
2025-01-05,18,556
2025-01-05,19,494
2025-01-05,20,503
2025-01-05,21,486
2025-01-05,22,346
2025-01-05,23,229
2025-01-06,0,149
2025-01-06,1,194
2025-01-06,2,139
2025-01-06,3,97
2025-01-06,4,88
2025-01-06,5,142
2025-01-06,6,323
2025-01-06,7,647
2025-01-06,8,932
2025-01-06,9,933
2025-01-06,10,819
2025-01-06,11,883
2025-01-06,12,856
2025-01-06,13,799
2025-01-06,14,897
2025-01-06,15,974
2025-01-06,16,1100
2025-01-06,17,991
2025-01-06,18,819
2025-01-06,19,613
2025-01-06,20,518
2025-01-06,21,466
2025-01-06,22,385
2025-01-06,23,253
2025-01-07,0,213
2025-01-07,1,103
2025-01-07,2,53
2025-01-07,3,54
2025-01-07,4,82
2025-01-07,5,125
2025-01-07,6,355
2025-01-07,7,779
2025-01-07,8,1185
2025-01-07,9,1129
2025-01-07,10,896
2025-01-07,11,911
2025-01-07,12,926
2025-01-07,13,968
2025-01-07,14,1033
2025-01-07,15,1024
2025-01-07,16,1006
2025-01-07,17,1036
2025-01-07,18,804
2025-01-07,19,645
2025-01-07,20,517
2025-01-07,21,394
2025-01-07,22,307
2025-01-07,23,234
2025-01-08,0,135
2025-01-08,1,68
2025-01-08,2,39
2025-01-08,3,43
2025-01-08,4,75
2025-01-08,5,125
2025-01-08,6,301
2025-01-08,7,767
2025-01-08,8,1190
2025-01-08,9,1128
2025-01-08,10,972
2025-01-08,11,948
2025-01-08,12,966
2025-01-08,13,1044
2025-01-08,14,1063
2025-01-08,15,1133
2025-01-08,16,1186
2025-01-08,17,1130
2025-01-08,18,975
2025-01-08,19,739
2025-01-08,20,615
2025-01-08,21,450
2025-01-08,22,310
2025-01-08,23,194
2025-01-09,0,157
2025-01-09,1,84
2025-01-09,2,26
2025-01-09,3,40
2025-01-09,4,60
2025-01-09,5,121
2025-01-09,6,292
2025-01-09,7,697
2025-01-09,8,1136
2025-01-09,9,1082
2025-01-09,10,963
2025-01-09,11,925
2025-01-09,12,1014
2025-01-09,13,1006
2025-01-09,14,1038
2025-01-09,15,1082
2025-01-09,16,1170
2025-01-09,17,1160
2025-01-09,18,904
2025-01-09,19,795
2025-01-09,20,693
2025-01-09,21,477
2025-01-09,22,350
2025-01-09,23,233
2025-01-10,0,183
2025-01-10,1,99
2025-01-10,2,56
2025-01-10,3,39
2025-01-10,4,73
2025-01-10,5,114
2025-01-10,6,327
2025-01-10,7,636
2025-01-10,8,938
2025-01-10,9,913
2025-01-10,10,890
2025-01-10,11,896
2025-01-10,12,866
2025-01-10,13,951
2025-01-10,14,960
2025-01-10,15,944
2025-01-10,16,1045
2025-01-10,17,1124
2025-01-10,18,1114
2025-01-10,19,773
2025-01-10,20,579
2025-01-10,21,497
2025-01-10,22,485
2025-01-10,23,293
2025-01-11,0,190
2025-01-11,1,186
2025-01-11,2,108
2025-01-11,3,75
2025-01-11,4,83
2025-01-11,5,94
2025-01-11,6,145
2025-01-11,7,180
2025-01-11,8,277
2025-01-11,9,438
2025-01-11,10,519
2025-01-11,11,555
2025-01-11,12,625
2025-01-11,13,625
2025-01-11,14,710
2025-01-11,15,713
2025-01-11,16,676
2025-01-11,17,740
2025-01-11,18,635
2025-01-11,19,617
2025-01-11,20,476
2025-01-11,21,412
2025-01-11,22,347
2025-01-11,23,279
2025-01-12,0,220
2025-01-12,1,147
2025-01-12,2,138
2025-01-12,3,81
2025-01-12,4,78
2025-01-12,5,94
2025-01-12,6,148
2025-01-12,7,183
2025-01-12,8,277
2025-01-12,9,363
2025-01-12,10,518
2025-01-12,11,528
2025-01-12,12,596
2025-01-12,13,604
2025-01-12,14,568
2025-01-12,15,584
2025-01-12,16,542
2025-01-12,17,654
2025-01-12,18,592
2025-01-12,19,496
2025-01-12,20,546
2025-01-12,21,399
2025-01-12,22,288
2025-01-12,23,221
2025-01-13,0,160
2025-01-13,1,82
2025-01-13,2,32
2025-01-13,3,37
2025-01-13,4,75
2025-01-13,5,159
2025-01-13,6,398
2025-01-13,7,774
2025-01-13,8,1136
2025-01-13,9,1133
2025-01-13,10,906
2025-01-13,11,962
2025-01-13,12,908
2025-01-13,13,962
2025-01-13,14,1098
2025-01-13,15,1036
2025-01-13,16,1072
2025-01-13,17,1161
2025-01-13,18,892
2025-01-13,19,693
2025-01-13,20,605
2025-01-13,21,404
2025-01-13,22,287
2025-01-13,23,202
2025-01-14,0,135
2025-01-14,1,54
2025-01-14,2,30
2025-01-14,3,33
2025-01-14,4,63
2025-01-14,5,116
2025-01-14,6,348
2025-01-14,7,893
2025-01-14,8,1347
2025-01-14,9,1327
2025-01-14,10,1107
2025-01-14,11,977
2025-01-14,12,954
2025-01-14,13,977
2025-01-14,14,1070
2025-01-14,15,1067
2025-01-14,16,1233
2025-01-14,17,1304
2025-01-14,18,1044
2025-01-14,19,808
2025-01-14,20,638
2025-01-14,21,402
2025-01-14,22,331
2025-01-14,23,190
2025-01-15,0,99
2025-01-15,1,41
2025-01-15,2,18
2025-01-15,3,38
2025-01-15,4,69
2025-01-15,5,143
2025-01-15,6,341
2025-01-15,7,921
2025-01-15,8,1419
2025-01-15,9,1264
2025-01-15,10,1032
2025-01-15,11,969
2025-01-15,12,1017
2025-01-15,13,1079
2025-01-15,14,1105
2025-01-15,15,1190
2025-01-15,16,1329
2025-01-15,17,1322
2025-01-15,18,1098
2025-01-15,19,942
2025-01-15,20,717
2025-01-15,21,500
2025-01-15,22,296
2025-01-15,23,212
2025-01-16,0,132
2025-01-16,1,69
2025-01-16,2,28
2025-01-16,3,27
2025-01-16,4,79
2025-01-16,5,142
2025-01-16,6,313
2025-01-16,7,789
2025-01-16,8,1220
2025-01-16,9,1110
2025-01-16,10,1034
2025-01-16,11,979
2025-01-16,12,1013
2025-01-16,13,1092
2025-01-16,14,1061
2025-01-16,15,1137
2025-01-16,16,1172
2025-01-16,17,1221
2025-01-16,18,1050
2025-01-16,19,894
2025-01-16,20,782
2025-01-16,21,586
2025-01-16,22,358
2025-01-16,23,263
2025-01-17,0,179
2025-01-17,1,97
2025-01-17,2,44
2025-01-17,3,48
2025-01-17,4,91
2025-01-17,5,158
2025-01-17,6,334
2025-01-17,7,597
2025-01-17,8,881
2025-01-17,9,910
2025-01-17,10,861
2025-01-17,11,990
2025-01-17,12,956
2025-01-17,13,1021
2025-01-17,14,1091
2025-01-17,15,1090
2025-01-17,16,1045
2025-01-17,17,1156
2025-01-17,18,1003
2025-01-17,19,712
2025-01-17,20,627
2025-01-17,21,493
2025-01-17,22,375
2025-01-17,23,293
2025-01-18,0,195
2025-01-18,1,133
2025-01-18,2,100
2025-01-18,3,90
2025-01-18,4,82
2025-01-18,5,79
2025-01-18,6,147
2025-01-18,7,198
2025-01-18,8,270
2025-01-18,9,407
2025-01-18,10,574
2025-01-18,11,620
2025-01-18,12,599
2025-01-18,13,673
2025-01-18,14,687
2025-01-18,15,729
2025-01-18,16,685
2025-01-18,17,674
2025-01-18,18,701
2025-01-18,19,612
2025-01-18,20,492
2025-01-18,21,361
2025-01-18,22,418
2025-01-18,23,267
2025-01-19,0,240
2025-01-19,1,156
2025-01-19,2,117
2025-01-19,3,94
2025-01-19,4,60
2025-01-19,5,91
2025-01-19,6,129
2025-01-19,7,192
2025-01-19,8,287
2025-01-19,9,362
2025-01-19,10,501
2025-01-19,11,547
2025-01-19,12,662
2025-01-19,13,598
2025-01-19,14,606
2025-01-19,15,549
2025-01-19,16,549
2025-01-19,17,607
2025-01-19,18,489
2025-01-19,19,461
2025-01-19,20,439
2025-01-19,21,342
2025-01-19,22,255
2025-01-19,23,227
2025-01-20,0,152
2025-01-20,1,82
2025-01-20,2,47
2025-01-20,3,55
2025-01-20,4,86
2025-01-20,5,143
2025-01-20,6,216
2025-01-20,7,320
2025-01-20,8,462
2025-01-20,9,592
2025-01-20,10,635
2025-01-20,11,681
2025-01-20,12,727
2025-01-20,13,800
2025-01-20,14,805
2025-01-20,15,879
2025-01-20,16,787
2025-01-20,17,920
2025-01-20,18,777
2025-01-20,19,739
2025-01-20,20,653
2025-01-20,21,443
2025-01-20,22,388
2025-01-20,23,283
2025-01-21,0,237
2025-01-21,1,100
2025-01-21,2,52
2025-01-21,3,33
2025-01-21,4,80
2025-01-21,5,147
2025-01-21,6,372
2025-01-21,7,802
2025-01-21,8,1166
2025-01-21,9,1030
2025-01-21,10,887
2025-01-21,11,906
2025-01-21,12,860
2025-01-21,13,913
2025-01-21,14,952
2025-01-21,15,982
2025-01-21,16,1132
2025-01-21,17,1268
2025-01-21,18,937
2025-01-21,19,728
2025-01-21,20,608
2025-01-21,21,501
2025-01-21,22,323
2025-01-21,23,190
2025-01-22,0,133
2025-01-22,1,60
2025-01-22,2,31
2025-01-22,3,30
2025-01-22,4,69
2025-01-22,5,156
2025-01-22,6,408
2025-01-22,7,1001
2025-01-22,8,1464
2025-01-22,9,1283
2025-01-22,10,1000
2025-01-22,11,1035
2025-01-22,12,1037
2025-01-22,13,1011
2025-01-22,14,1058
2025-01-22,15,1172
2025-01-22,16,1315
2025-01-22,17,1291
2025-01-22,18,1006
2025-01-22,19,838
2025-01-22,20,693
2025-01-22,21,514
2025-01-22,22,320
2025-01-22,23,202
2025-01-23,0,142
2025-01-23,1,78
2025-01-23,2,26
2025-01-23,3,40
2025-01-23,4,73
2025-01-23,5,159
2025-01-23,6,371
2025-01-23,7,883
2025-01-23,8,1315
2025-01-23,9,1208
2025-01-23,10,967
2025-01-23,11,1019
2025-01-23,12,1025
2025-01-23,13,1130
2025-01-23,14,1139
2025-01-23,15,1238
2025-01-23,16,1328
2025-01-23,17,1494
2025-01-23,18,1229
2025-01-23,19,1091
2025-01-23,20,882
2025-01-23,21,652
2025-01-23,22,446
2025-01-23,23,347
2025-01-24,0,251
2025-01-24,1,92
2025-01-24,2,43
2025-01-24,3,34
2025-01-24,4,84
2025-01-24,5,150
2025-01-24,6,277
2025-01-24,7,642
2025-01-24,8,924
2025-01-24,9,1003
2025-01-24,10,894
2025-01-24,11,920
2025-01-24,12,951
2025-01-24,13,1035
2025-01-24,14,1090
2025-01-24,15,1158
2025-01-24,16,1122
2025-01-24,17,1213
2025-01-24,18,1178
2025-01-24,19,1006
2025-01-24,20,626
2025-01-24,21,527
2025-01-24,22,387
2025-01-24,23,291
2025-01-25,0,283
2025-01-25,1,145
2025-01-25,2,108
2025-01-25,3,66
2025-01-25,4,70
2025-01-25,5,73
2025-01-25,6,108
2025-01-25,7,189
2025-01-25,8,305
2025-01-25,9,435
2025-01-25,10,548
2025-01-25,11,582
2025-01-25,12,611
2025-01-25,13,636
2025-01-25,14,705
2025-01-25,15,638
2025-01-25,16,718
2025-01-25,17,728
2025-01-25,18,774
2025-01-25,19,658
2025-01-25,20,545
2025-01-25,21,456
2025-01-25,22,371
2025-01-25,23,303
2025-01-26,0,302
2025-01-26,1,155
2025-01-26,2,137
2025-01-26,3,86
2025-01-26,4,72
2025-01-26,5,101
2025-01-26,6,133
2025-01-26,7,190
2025-01-26,8,276
2025-01-26,9,395
2025-01-26,10,482
2025-01-26,11,505
2025-01-26,12,610
2025-01-26,13,626
2025-01-26,14,633
2025-01-26,15,591
2025-01-26,16,592
2025-01-26,17,705
2025-01-26,18,583
2025-01-26,19,539
2025-01-26,20,552
2025-01-26,21,479
2025-01-26,22,277
2025-01-26,23,207
2025-01-27,0,157
2025-01-27,1,76
2025-01-27,2,33
2025-01-27,3,56
2025-01-27,4,80
2025-01-27,5,160
2025-01-27,6,338
2025-01-27,7,749
2025-01-27,8,1077
2025-01-27,9,1054
2025-01-27,10,916
2025-01-27,11,903
2025-01-27,12,954
2025-01-27,13,976
2025-01-27,14,1001
2025-01-27,15,1090
2025-01-27,16,1071
2025-01-27,17,1076
2025-01-27,18,903
2025-01-27,19,652
2025-01-27,20,591
2025-01-27,21,467
2025-01-27,22,313
2025-01-27,23,165
2025-01-28,0,128
2025-01-28,1,56
2025-01-28,2,21
2025-01-28,3,35
2025-01-28,4,70
2025-01-28,5,121
2025-01-28,6,310
2025-01-28,7,806
2025-01-28,8,1244
2025-01-28,9,1257
2025-01-28,10,1021
2025-01-28,11,1006
2025-01-28,12,937
2025-01-28,13,1029
2025-01-28,14,1037
2025-01-28,15,1115
2025-01-28,16,1142
2025-01-28,17,1171
2025-01-28,18,915
2025-01-28,19,791
2025-01-28,20,697
2025-01-28,21,473
2025-01-28,22,317
2025-01-28,23,217
2025-01-29,0,137
2025-01-29,1,58
2025-01-29,2,26
2025-01-29,3,33
2025-01-29,4,56
2025-01-29,5,130
2025-01-29,6,292
2025-01-29,7,785
2025-01-29,8,1215
2025-01-29,9,1153
2025-01-29,10,941
2025-01-29,11,956
2025-01-29,12,961
2025-01-29,13,987
2025-01-29,14,1061
2025-01-29,15,1127
2025-01-29,16,1245
2025-01-29,17,1280
2025-01-29,18,1036
2025-01-29,19,864
2025-01-29,20,762
2025-01-29,21,546
2025-01-29,22,339
2025-01-29,23,233
2025-01-30,0,137
2025-01-30,1,71
2025-01-30,2,38
2025-01-30,3,31
2025-01-30,4,61
2025-01-30,5,127
2025-01-30,6,311
2025-01-30,7,796
2025-01-30,8,1145
2025-01-30,9,1098
2025-01-30,10,939
2025-01-30,11,947
2025-01-30,12,1002
2025-01-30,13,1124
2025-01-30,14,1172
2025-01-30,15,1211
2025-01-30,16,1302
2025-01-30,17,1430
2025-01-30,18,1481
2025-01-30,19,1124
2025-01-30,20,783
2025-01-30,21,676
2025-01-30,22,510
2025-01-30,23,258
2025-01-31,0,238
2025-01-31,1,122
2025-01-31,2,48
2025-01-31,3,44
2025-01-31,4,87
2025-01-31,5,146
2025-01-31,6,293
2025-01-31,7,654
2025-01-31,8,1071
2025-01-31,9,1042
2025-01-31,10,1098
2025-01-31,11,1098
2025-01-31,12,1146
2025-01-31,13,1105
2025-01-31,14,1203
2025-01-31,15,1159
2025-01-31,16,1079
2025-01-31,17,1203
2025-01-31,18,1114
2025-01-31,19,860
2025-01-31,20,657
2025-01-31,21,497
2025-01-31,22,412
2025-01-31,23,328
2025-02-01,0,257
2025-02-01,1,167
2025-02-01,2,122
2025-02-01,3,87
2025-02-01,4,68
2025-02-01,5,88
2025-02-01,6,114
2025-02-01,7,183
2025-02-01,8,323
2025-02-01,9,474
2025-02-01,10,631
2025-02-01,11,627
2025-02-01,12,678
2025-02-01,13,663
2025-02-01,14,748
2025-02-01,15,711
2025-02-01,16,714
2025-02-01,17,707
2025-02-01,18,723
2025-02-01,19,684
2025-02-01,20,554
2025-02-01,21,449
2025-02-01,22,367
2025-02-01,23,301
2025-02-02,0,268
2025-02-02,1,171
2025-02-02,2,137
2025-02-02,3,88
2025-02-02,4,94
2025-02-02,5,90
2025-02-02,6,122
2025-02-02,7,181
2025-02-02,8,285
2025-02-02,9,426
2025-02-02,10,511
2025-02-02,11,583
2025-02-02,12,637
2025-02-02,13,659
2025-02-02,14,670
2025-02-02,15,682
2025-02-02,16,632
2025-02-02,17,727
2025-02-02,18,667
2025-02-02,19,629
2025-02-02,20,581
2025-02-02,21,438
2025-02-02,22,318
2025-02-02,23,204
2025-02-03,0,198
2025-02-03,1,116
2025-02-03,2,47
2025-02-03,3,39
2025-02-03,4,75
2025-02-03,5,153
2025-02-03,6,323
2025-02-03,7,726
2025-02-03,8,985
2025-02-03,9,1096
2025-02-03,10,957
2025-02-03,11,911
2025-02-03,12,973
2025-02-03,13,1014
2025-02-03,14,1067
2025-02-03,15,1131
2025-02-03,16,1120
2025-02-03,17,1079
2025-02-03,18,941
2025-02-03,19,796
2025-02-03,20,635
2025-02-03,21,439
2025-02-03,22,315
2025-02-03,23,226
2025-02-04,0,137
2025-02-04,1,68
2025-02-04,2,35
2025-02-04,3,29
2025-02-04,4,72
2025-02-04,5,143
2025-02-04,6,334
2025-02-04,7,815
2025-02-04,8,1319
2025-02-04,9,1302
2025-02-04,10,995
2025-02-04,11,1025
2025-02-04,12,1020
2025-02-04,13,1104
2025-02-04,14,1169
2025-02-04,15,1178
2025-02-04,16,1330
2025-02-04,17,1247
2025-02-04,18,1077
2025-02-04,19,896
2025-02-04,20,570
2025-02-04,21,525
2025-02-04,22,373
2025-02-04,23,236
2025-02-05,0,136
2025-02-05,1,57
2025-02-05,2,40
2025-02-05,3,47
2025-02-05,4,69
2025-02-05,5,138
2025-02-05,6,306
2025-02-05,7,846
2025-02-05,8,1318
2025-02-05,9,1124
2025-02-05,10,1029
2025-02-05,11,1026
2025-02-05,12,1023
2025-02-05,13,1029
2025-02-05,14,1128
2025-02-05,15,1119
2025-02-05,16,1248
2025-02-05,17,1300
2025-02-05,18,1053
2025-02-05,19,901
2025-02-05,20,708
2025-02-05,21,558
2025-02-05,22,396
2025-02-05,23,321
2025-02-06,0,184
2025-02-06,1,90
2025-02-06,2,42
2025-02-06,3,35
2025-02-06,4,71
2025-02-06,5,164
2025-02-06,6,423
2025-02-06,7,909
2025-02-06,8,1313
2025-02-06,9,1238
2025-02-06,10,977
2025-02-06,11,1011
2025-02-06,12,1150
2025-02-06,13,1122
2025-02-06,14,1144
2025-02-06,15,1179
2025-02-06,16,1282
2025-02-06,17,1326
2025-02-06,18,1133
2025-02-06,19,1000
2025-02-06,20,799
2025-02-06,21,641
2025-02-06,22,481
2025-02-06,23,379
2025-02-07,0,248
2025-02-07,1,105
2025-02-07,2,37
2025-02-07,3,43
2025-02-07,4,93
2025-02-07,5,130
2025-02-07,6,291
2025-02-07,7,585
2025-02-07,8,903
2025-02-07,9,929
2025-02-07,10,874
2025-02-07,11,969
2025-02-07,12,1010
2025-02-07,13,997
2025-02-07,14,1075
2025-02-07,15,1053
2025-02-07,16,1152
2025-02-07,17,1165
2025-02-07,18,1130
2025-02-07,19,983
2025-02-07,20,618
2025-02-07,21,507
2025-02-07,22,486
2025-02-07,23,333
2025-02-08,0,217
2025-02-08,1,148
2025-02-08,2,115
2025-02-08,3,81
2025-02-08,4,75
2025-02-08,5,77
2025-02-08,6,118
2025-02-08,7,192
2025-02-08,8,301
2025-02-08,9,486
2025-02-08,10,568
2025-02-08,11,600
2025-02-08,12,724
2025-02-08,13,697
2025-02-08,14,749
2025-02-08,15,762
2025-02-08,16,759
2025-02-08,17,792
2025-02-08,18,758
2025-02-08,19,644
2025-02-08,20,629
2025-02-08,21,477
2025-02-08,22,363
2025-02-08,23,311
2025-02-09,0,230
2025-02-09,1,162
2025-02-09,2,128
2025-02-09,3,84
2025-02-09,4,84
2025-02-09,5,85
2025-02-09,6,126
2025-02-09,7,175
2025-02-09,8,292
2025-02-09,9,424
2025-02-09,10,517
2025-02-09,11,525
2025-02-09,12,630
2025-02-09,13,645
2025-02-09,14,716
2025-02-09,15,809
2025-02-09,16,955
2025-02-09,17,1109
2025-02-09,18,619
2025-02-09,19,635
2025-02-09,20,609
2025-02-09,21,628
2025-02-09,22,320
2025-02-09,23,229
2025-02-10,0,170
2025-02-10,1,87
2025-02-10,2,48
2025-02-10,3,42
2025-02-10,4,94
2025-02-10,5,179
2025-02-10,6,373
2025-02-10,7,864
2025-02-10,8,1172
2025-02-10,9,1120
2025-02-10,10,947
2025-02-10,11,1032
2025-02-10,12,1032
2025-02-10,13,1012
2025-02-10,14,1060
2025-02-10,15,1076
2025-02-10,16,1137
2025-02-10,17,1140
2025-02-10,18,948
2025-02-10,19,904
2025-02-10,20,707
2025-02-10,21,474
2025-02-10,22,329
2025-02-10,23,209
2025-02-11,0,135
2025-02-11,1,86
2025-02-11,2,49
2025-02-11,3,33
2025-02-11,4,78
2025-02-11,5,144
2025-02-11,6,367
2025-02-11,7,893
2025-02-11,8,1411
2025-02-11,9,1371
2025-02-11,10,1083
2025-02-11,11,1072
2025-02-11,12,1076
2025-02-11,13,1055
2025-02-11,14,1138
2025-02-11,15,1171
2025-02-11,16,1357
2025-02-11,17,1409
2025-02-11,18,1153
2025-02-11,19,881
2025-02-11,20,716
2025-02-11,21,526
2025-02-11,22,337
2025-02-11,23,282
2025-02-12,0,200
2025-02-12,1,70
2025-02-12,2,51
2025-02-12,3,46
2025-02-12,4,94
2025-02-12,5,181
2025-02-12,6,328
2025-02-12,7,678
2025-02-12,8,1015
2025-02-12,9,1004
2025-02-12,10,916
2025-02-12,11,932
2025-02-12,12,866
2025-02-12,13,937
2025-02-12,14,1029
2025-02-12,15,987
2025-02-12,16,940
2025-02-12,17,1060
2025-02-12,18,953
2025-02-12,19,763
2025-02-12,20,569
2025-02-12,21,610
2025-02-12,22,520
2025-02-12,23,325
2025-02-13,0,287
2025-02-13,1,159
2025-02-13,2,43
2025-02-13,3,49
2025-02-13,4,72
2025-02-13,5,155
2025-02-13,6,385
2025-02-13,7,884
2025-02-13,8,1364
2025-02-13,9,1195
2025-02-13,10,947
2025-02-13,11,1000
2025-02-13,12,998
2025-02-13,13,1098
2025-02-13,14,1192
2025-02-13,15,1273
2025-02-13,16,1385
2025-02-13,17,1555
2025-02-13,18,1368
2025-02-13,19,1219
2025-02-13,20,888
2025-02-13,21,842
2025-02-13,22,660
2025-02-13,23,406
2025-02-14,0,284
2025-02-14,1,196
2025-02-14,2,87
2025-02-14,3,66
2025-02-14,4,100
2025-02-14,5,188
2025-02-14,6,361
2025-02-14,7,777
2025-02-14,8,1113
2025-02-14,9,1071
2025-02-14,10,933
2025-02-14,11,1016
2025-02-14,12,1133
2025-02-14,13,1187
2025-02-14,14,1356
2025-02-14,15,1374
2025-02-14,16,1333
2025-02-14,17,1517
2025-02-14,18,1345
2025-02-14,19,1215
2025-02-14,20,960
2025-02-14,21,787
2025-02-14,22,757
2025-02-14,23,654
2025-02-15,0,431
2025-02-15,1,224
2025-02-15,2,124
2025-02-15,3,107
2025-02-15,4,103
2025-02-15,5,130
2025-02-15,6,179
2025-02-15,7,226
2025-02-15,8,332
2025-02-15,9,545
2025-02-15,10,740
2025-02-15,11,718
2025-02-15,12,771
2025-02-15,13,825
2025-02-15,14,847
2025-02-15,15,779
2025-02-15,16,750
2025-02-15,17,810
2025-02-15,18,935
2025-02-15,19,894
2025-02-15,20,599
2025-02-15,21,601
2025-02-15,22,645
2025-02-15,23,526
2025-02-16,0,306
2025-02-16,1,250
2025-02-16,2,183
2025-02-16,3,104
2025-02-16,4,109
2025-02-16,5,113
2025-02-16,6,193
2025-02-16,7,217
2025-02-16,8,284
2025-02-16,9,469
2025-02-16,10,675
2025-02-16,11,685
2025-02-16,12,793
2025-02-16,13,831
2025-02-16,14,793
2025-02-16,15,701
2025-02-16,16,659
2025-02-16,17,720
2025-02-16,18,671
2025-02-16,19,605
2025-02-16,20,541
2025-02-16,21,429
2025-02-16,22,378
2025-02-16,23,346
2025-02-17,0,291
2025-02-17,1,139
2025-02-17,2,64
2025-02-17,3,71
2025-02-17,4,99
2025-02-17,5,177
2025-02-17,6,294
2025-02-17,7,475
2025-02-17,8,717
2025-02-17,9,871
2025-02-17,10,842
2025-02-17,11,887
2025-02-17,12,992
2025-02-17,13,1050
2025-02-17,14,1051
2025-02-17,15,1091
2025-02-17,16,1100
2025-02-17,17,1034
2025-02-17,18,1032
2025-02-17,19,806
2025-02-17,20,674
2025-02-17,21,538
2025-02-17,22,415
2025-02-17,23,398
2025-02-18,0,306
2025-02-18,1,198
2025-02-18,2,83
2025-02-18,3,43
2025-02-18,4,80
2025-02-18,5,171
2025-02-18,6,484
2025-02-18,7,1123
2025-02-18,8,1596
2025-02-18,9,1425
2025-02-18,10,1080
2025-02-18,11,1064
2025-02-18,12,1042
2025-02-18,13,1154
2025-02-18,14,1180
2025-02-18,15,1120
2025-02-18,16,1328
2025-02-18,17,1397
2025-02-18,18,1160
2025-02-18,19,1040
2025-02-18,20,745
2025-02-18,21,508
2025-02-18,22,342
2025-02-18,23,235
2025-02-19,0,210
2025-02-19,1,96
2025-02-19,2,49
2025-02-19,3,36
2025-02-19,4,74
2025-02-19,5,151
2025-02-19,6,414
2025-02-19,7,1042
2025-02-19,8,1627
2025-02-19,9,1412
2025-02-19,10,1129
2025-02-19,11,1092
2025-02-19,12,1084
2025-02-19,13,1185
2025-02-19,14,1250
2025-02-19,15,1405
2025-02-19,16,1523
2025-02-19,17,1659
2025-02-19,18,1322
2025-02-19,19,1128
2025-02-19,20,936
2025-02-19,21,679
2025-02-19,22,400
2025-02-19,23,298
2025-02-20,0,219
2025-02-20,1,82
2025-02-20,2,54
2025-02-20,3,46
2025-02-20,4,100
2025-02-20,5,178
2025-02-20,6,427
2025-02-20,7,1027
2025-02-20,8,1575
2025-02-20,9,1438
2025-02-20,10,1107
2025-02-20,11,1098
2025-02-20,12,1101
2025-02-20,13,1262
2025-02-20,14,1343
2025-02-20,15,1482
2025-02-20,16,1609
2025-02-20,17,1612
2025-02-20,18,1602
2025-02-20,19,1314
2025-02-20,20,1040
2025-02-20,21,771
2025-02-20,22,640
2025-02-20,23,405
2025-02-21,0,306
2025-02-21,1,141
2025-02-21,2,76
2025-02-21,3,50
2025-02-21,4,103
2025-02-21,5,192
2025-02-21,6,402
2025-02-21,7,865
2025-02-21,8,1250
2025-02-21,9,1183
2025-02-21,10,1022
2025-02-21,11,1059
2025-02-21,12,1095
2025-02-21,13,1173
2025-02-21,14,1254
2025-02-21,15,1331
2025-02-21,16,1361
2025-02-21,17,1486
2025-02-21,18,1356
2025-02-21,19,1092
2025-02-21,20,754
2025-02-21,21,637
2025-02-21,22,551
2025-02-21,23,453
2025-02-22,0,333
2025-02-22,1,175
2025-02-22,2,166
2025-02-22,3,122
2025-02-22,4,124
2025-02-22,5,106
2025-02-22,6,173
2025-02-22,7,280
2025-02-22,8,522
2025-02-22,9,705
2025-02-22,10,753
2025-02-22,11,839
2025-02-22,12,896
2025-02-22,13,985
2025-02-22,14,1019
2025-02-22,15,1062
2025-02-22,16,986
2025-02-22,17,990
2025-02-22,18,1045
2025-02-22,19,990
2025-02-22,20,705
2025-02-22,21,498
2025-02-22,22,465
2025-02-22,23,451
2025-02-23,0,367
2025-02-23,1,257
2025-02-23,2,173
2025-02-23,3,132
2025-02-23,4,110
2025-02-23,5,130
2025-02-23,6,178
2025-02-23,7,270
2025-02-23,8,406
2025-02-23,9,552
2025-02-23,10,650
2025-02-23,11,682
2025-02-23,12,782
2025-02-23,13,858
2025-02-23,14,795
2025-02-23,15,741
2025-02-23,16,775
2025-02-23,17,769
2025-02-23,18,704
2025-02-23,19,687
2025-02-23,20,679
2025-02-23,21,484
2025-02-23,22,371
2025-02-23,23,300
2025-02-24,0,251
2025-02-24,1,122
2025-02-24,2,47
2025-02-24,3,41
2025-02-24,4,83
2025-02-24,5,186
2025-02-24,6,397
2025-02-24,7,771
2025-02-24,8,1159
2025-02-24,9,1178
2025-02-24,10,1018
2025-02-24,11,979
2025-02-24,12,1081
2025-02-24,13,1086
2025-02-24,14,1179
2025-02-24,15,1190
2025-02-24,16,1200
2025-02-24,17,1178
2025-02-24,18,945
2025-02-24,19,827
2025-02-24,20,714
2025-02-24,21,522
2025-02-24,22,366
2025-02-24,23,241
2025-02-25,0,209
2025-02-25,1,91
2025-02-25,2,38
2025-02-25,3,32
2025-02-25,4,81
2025-02-25,5,157
2025-02-25,6,326
2025-02-25,7,765
2025-02-25,8,1229
2025-02-25,9,1247
2025-02-25,10,1018
2025-02-25,11,971
2025-02-25,12,1066
2025-02-25,13,1136
2025-02-25,14,1098
2025-02-25,15,1130
2025-02-25,16,1284
2025-02-25,17,1243
2025-02-25,18,1074
2025-02-25,19,986
2025-02-25,20,802
2025-02-25,21,524
2025-02-25,22,375
2025-02-25,23,262
2025-02-26,0,175
2025-02-26,1,71
2025-02-26,2,46
2025-02-26,3,35
2025-02-26,4,81
2025-02-26,5,165
2025-02-26,6,371
2025-02-26,7,1081
2025-02-26,8,1514
2025-02-26,9,1278
2025-02-26,10,1048
2025-02-26,11,1031
2025-02-26,12,1165
2025-02-26,13,1158
2025-02-26,14,1219
2025-02-26,15,1330
2025-02-26,16,1359
2025-02-26,17,1399
2025-02-26,18,1292
2025-02-26,19,1038
2025-02-26,20,934
2025-02-26,21,711
2025-02-26,22,471
2025-02-26,23,263
2025-02-27,0,209
2025-02-27,1,81
2025-02-27,2,25
2025-02-27,3,43
2025-02-27,4,80
2025-02-27,5,173
2025-02-27,6,375
2025-02-27,7,791
2025-02-27,8,1284
2025-02-27,9,1249
2025-02-27,10,992
2025-02-27,11,1083
2025-02-27,12,1156
2025-02-27,13,1271
2025-02-27,14,1285
2025-02-27,15,1426
2025-02-27,16,1481
2025-02-27,17,1502
2025-02-27,18,1357
2025-02-27,19,1272
2025-02-27,20,1024
2025-02-27,21,852
2025-02-27,22,627
2025-02-27,23,410
2025-02-28,0,304
2025-02-28,1,138
2025-02-28,2,62
2025-02-28,3,72
2025-02-28,4,113
2025-02-28,5,193
2025-02-28,6,353
2025-02-28,7,659
2025-02-28,8,978
2025-02-28,9,1010
2025-02-28,10,1003
2025-02-28,11,1067
2025-02-28,12,1057
2025-02-28,13,1241
2025-02-28,14,1256
2025-02-28,15,1270
2025-02-28,16,1318
2025-02-28,17,1433
2025-02-28,18,1439
2025-02-28,19,1181
2025-02-28,20,835
2025-02-28,21,643
2025-02-28,22,608
2025-02-28,23,382
2025-03-01,0,332
2025-03-01,1,202
2025-03-01,2,129
2025-03-01,3,98
2025-03-01,4,91
2025-03-01,5,104
2025-03-01,6,193
2025-03-01,7,253
2025-03-01,8,371
2025-03-01,9,695
2025-03-01,10,761
2025-03-01,11,787
2025-03-01,12,933
2025-03-01,13,1008
2025-03-01,14,1022
2025-03-01,15,1048
2025-03-01,16,1006
2025-03-01,17,1099
2025-03-01,18,1190
2025-03-01,19,1092
2025-03-01,20,776
2025-03-01,21,604
2025-03-01,22,614
2025-03-01,23,391
2025-03-02,0,275
2025-03-02,1,209
2025-03-02,2,140
2025-03-02,3,94
2025-03-02,4,106
2025-03-02,5,121
2025-03-02,6,179
2025-03-02,7,273
2025-03-02,8,501
2025-03-02,9,646
2025-03-02,10,760
2025-03-02,11,753
2025-03-02,12,794
2025-03-02,13,899
2025-03-02,14,890
2025-03-02,15,899
2025-03-02,16,873
2025-03-02,17,957
2025-03-02,18,1033
2025-03-02,19,828
2025-03-02,20,719
2025-03-02,21,534
2025-03-02,22,463
2025-03-02,23,302
2025-03-03,0,254
2025-03-03,1,98
2025-03-03,2,49
2025-03-03,3,40
2025-03-03,4,77
2025-03-03,5,180
2025-03-03,6,359
2025-03-03,7,792
2025-03-03,8,1239
2025-03-03,9,1298
2025-03-03,10,1092
2025-03-03,11,1138
2025-03-03,12,1135
2025-03-03,13,1246
2025-03-03,14,1255
2025-03-03,15,1330
2025-03-03,16,1294
2025-03-03,17,1363
2025-03-03,18,1285
2025-03-03,19,1046
2025-03-03,20,775
2025-03-03,21,499
2025-03-03,22,434
2025-03-03,23,296
2025-03-04,0,195
2025-03-04,1,91
2025-03-04,2,68
2025-03-04,3,45
2025-03-04,4,80
2025-03-04,5,200
2025-03-04,6,461
2025-03-04,7,1021
2025-03-04,8,1519
2025-03-04,9,1453
2025-03-04,10,1154
2025-03-04,11,1188
2025-03-04,12,1315
2025-03-04,13,1417
2025-03-04,14,1641
2025-03-04,15,1494
2025-03-04,16,1506
2025-03-04,17,1644
2025-03-04,18,1435
2025-03-04,19,1153
2025-03-04,20,892
2025-03-04,21,668
2025-03-04,22,492
2025-03-04,23,262
2025-03-05,0,197
2025-03-05,1,103
2025-03-05,2,49
2025-03-05,3,48
2025-03-05,4,89
2025-03-05,5,185
2025-03-05,6,434
2025-03-05,7,961
2025-03-05,8,1400
2025-03-05,9,1362
2025-03-05,10,1195
2025-03-05,11,1176
2025-03-05,12,1222
2025-03-05,13,1346
2025-03-05,14,1394
2025-03-05,15,1527
2025-03-05,16,1643
2025-03-05,17,1683
2025-03-05,18,1287
2025-03-05,19,1123
2025-03-05,20,884
2025-03-05,21,746
2025-03-05,22,476
2025-03-05,23,339
2025-03-06,0,246
2025-03-06,1,117
2025-03-06,2,64
2025-03-06,3,47
2025-03-06,4,95
2025-03-06,5,208
2025-03-06,6,378
2025-03-06,7,918
2025-03-06,8,1386
2025-03-06,9,1347
2025-03-06,10,1119
2025-03-06,11,1126
2025-03-06,12,1187
2025-03-06,13,1339
2025-03-06,14,1407
2025-03-06,15,1470
2025-03-06,16,1480
2025-03-06,17,1545
2025-03-06,18,1327
2025-03-06,19,1220
2025-03-06,20,972
2025-03-06,21,724
2025-03-06,22,483
2025-03-06,23,364
2025-03-07,0,229
2025-03-07,1,134
2025-03-07,2,76
2025-03-07,3,58
2025-03-07,4,96
2025-03-07,5,186
2025-03-07,6,309
2025-03-07,7,696
2025-03-07,8,1009
2025-03-07,9,1024
2025-03-07,10,967
2025-03-07,11,1066
2025-03-07,12,1197
2025-03-07,13,1330
2025-03-07,14,1409
2025-03-07,15,1421
2025-03-07,16,1380
2025-03-07,17,1492
2025-03-07,18,1434
2025-03-07,19,1148
2025-03-07,20,727
2025-03-07,21,602
2025-03-07,22,493
2025-03-07,23,416
2025-03-08,0,296
2025-03-08,1,188
2025-03-08,2,134
2025-03-08,3,96
2025-03-08,4,84
2025-03-08,5,129
2025-03-08,6,159
2025-03-08,7,235
2025-03-08,8,329
2025-03-08,9,511
2025-03-08,10,674
2025-03-08,11,757
2025-03-08,12,918
2025-03-08,13,848
2025-03-08,14,926
2025-03-08,15,902
2025-03-08,16,915
2025-03-08,17,899
2025-03-08,18,998
2025-03-08,19,913
2025-03-08,20,664
2025-03-08,21,524
2025-03-08,22,473
2025-03-08,23,427
2025-03-09,0,344
2025-03-09,1,210
2025-03-09,3,225
2025-03-09,4,133
2025-03-09,5,131
2025-03-09,6,150
2025-03-09,7,249
2025-03-09,8,363
2025-03-09,9,512
2025-03-09,10,646
2025-03-09,11,735
2025-03-09,12,791
2025-03-09,13,829
2025-03-09,14,824
2025-03-09,15,839
2025-03-09,16,718
2025-03-09,17,792
2025-03-09,18,775
2025-03-09,19,722
2025-03-09,20,797
2025-03-09,21,536
2025-03-09,22,477
2025-03-09,23,308
2025-03-10,0,191
2025-03-10,1,138
2025-03-10,2,66
2025-03-10,3,45
2025-03-10,4,73
2025-03-10,5,173
2025-03-10,6,391
2025-03-10,7,777
2025-03-10,8,1193
2025-03-10,9,1157
2025-03-10,10,1021
2025-03-10,11,992
2025-03-10,12,1047
2025-03-10,13,1136
2025-03-10,14,1163
2025-03-10,15,1212
2025-03-10,16,1156
2025-03-10,17,1212
2025-03-10,18,1029
2025-03-10,19,798
2025-03-10,20,800
2025-03-10,21,625
2025-03-10,22,359
2025-03-10,23,250
2025-03-11,0,185
2025-03-11,1,99
2025-03-11,2,43
2025-03-11,3,44
2025-03-11,4,79
2025-03-11,5,135
2025-03-11,6,365
2025-03-11,7,885
2025-03-11,8,1385
2025-03-11,9,1331
2025-03-11,10,1068
2025-03-11,11,1089
2025-03-11,12,1148
2025-03-11,13,1225
2025-03-11,14,1254
2025-03-11,15,1349
2025-03-11,16,1449
2025-03-11,17,1517
2025-03-11,18,1225
2025-03-11,19,1127
2025-03-11,20,999
2025-03-11,21,635
2025-03-11,22,383
2025-03-11,23,288
2025-03-12,0,172
2025-03-12,1,91
2025-03-12,2,45
2025-03-12,3,40
2025-03-12,4,75
2025-03-12,5,134
2025-03-12,6,372
2025-03-12,7,932
2025-03-12,8,1414
2025-03-12,9,1387
2025-03-12,10,1109
2025-03-12,11,1108
2025-03-12,12,1157
2025-03-12,13,1231
2025-03-12,14,1325
2025-03-12,15,1484
2025-03-12,16,1449
2025-03-12,17,1527
2025-03-12,18,1264
2025-03-12,19,1169
2025-03-12,20,993
2025-03-12,21,758
2025-03-12,22,545
2025-03-12,23,290
2025-03-13,0,201
2025-03-13,1,96
2025-03-13,2,55
2025-03-13,3,50
2025-03-13,4,77
2025-03-13,5,189
2025-03-13,6,382
2025-03-13,7,845
2025-03-13,8,1461
2025-03-13,9,1475
2025-03-13,10,1137
2025-03-13,11,1199
2025-03-13,12,1220
2025-03-13,13,1228
2025-03-13,14,1242
2025-03-13,15,1398
2025-03-13,16,1500
2025-03-13,17,1637
2025-03-13,18,1442
2025-03-13,19,1317
2025-03-13,20,1179
2025-03-13,21,878
2025-03-13,22,658
2025-03-13,23,394
2025-03-14,0,242
2025-03-14,1,168
2025-03-14,2,96
2025-03-14,3,58
2025-03-14,4,84
2025-03-14,5,154
2025-03-14,6,343
2025-03-14,7,734
2025-03-14,8,1053
2025-03-14,9,1109
2025-03-14,10,1086
2025-03-14,11,1070
2025-03-14,12,1284
2025-03-14,13,1190
2025-03-14,14,1312
2025-03-14,15,1400
2025-03-14,16,1474
2025-03-14,17,1556
2025-03-14,18,1583
2025-03-14,19,1389
2025-03-14,20,965
2025-03-14,21,725
2025-03-14,22,764
2025-03-14,23,629
2025-03-15,0,436
2025-03-15,1,286
2025-03-15,2,182
2025-03-15,3,98
2025-03-15,4,119
2025-03-15,5,133
2025-03-15,6,171
2025-03-15,7,315
2025-03-15,8,693
2025-03-15,9,945
2025-03-15,10,1044
2025-03-15,11,1042
2025-03-15,12,982
2025-03-15,13,1049
2025-03-15,14,1060
2025-03-15,15,1200
2025-03-15,16,1370
2025-03-15,17,1436
2025-03-15,18,1490
2025-03-15,19,1417
2025-03-15,20,1191
2025-03-15,21,1066
2025-03-15,22,1012
2025-03-15,23,790
2025-03-16,0,475
2025-03-16,1,335
2025-03-16,2,242
2025-03-16,3,148
2025-03-16,4,163
2025-03-16,5,177
2025-03-16,6,246
2025-03-16,7,302
2025-03-16,8,423
2025-03-16,9,707
2025-03-16,10,964
2025-03-16,11,1112
2025-03-16,12,1190
2025-03-16,13,1035
2025-03-16,14,1100
2025-03-16,15,932
2025-03-16,16,934
2025-03-16,17,1009
2025-03-16,18,893
2025-03-16,19,850
2025-03-16,20,691
2025-03-16,21,659
2025-03-16,22,510
2025-03-16,23,349
2025-03-17,0,316
2025-03-17,1,195
2025-03-17,2,101
2025-03-17,3,79
2025-03-17,4,116
2025-03-17,5,218
2025-03-17,6,430
2025-03-17,7,1002
2025-03-17,8,1479
2025-03-17,9,1414
2025-03-17,10,1248
2025-03-17,11,1340
2025-03-17,12,1456
2025-03-17,13,1483
2025-03-17,14,1491
2025-03-17,15,1620
2025-03-17,16,1645
2025-03-17,17,1724
2025-03-17,18,1526
2025-03-17,19,1205
2025-03-17,20,955
2025-03-17,21,692
2025-03-17,22,505
2025-03-17,23,306
2025-03-18,0,238
2025-03-18,1,126
2025-03-18,2,63
2025-03-18,3,59
2025-03-18,4,83
2025-03-18,5,181
2025-03-18,6,422
2025-03-18,7,1049
2025-03-18,8,1657
2025-03-18,9,1731
2025-03-18,10,1332
2025-03-18,11,1237
2025-03-18,12,1287
2025-03-18,13,1393
2025-03-18,14,1454
2025-03-18,15,1527
2025-03-18,16,1585
2025-03-18,17,1568
2025-03-18,18,1424
2025-03-18,19,1207
2025-03-18,20,932
2025-03-18,21,769
2025-03-18,22,553
2025-03-18,23,375
2025-03-19,0,202
2025-03-19,1,121
2025-03-19,2,75
2025-03-19,3,50
2025-03-19,4,99
2025-03-19,5,228
2025-03-19,6,510
2025-03-19,7,1054
2025-03-19,8,1486
2025-03-19,9,1459
2025-03-19,10,1186
2025-03-19,11,1285
2025-03-19,12,1484
2025-03-19,13,1632
2025-03-19,14,1540
2025-03-19,15,1793
2025-03-19,16,1640
2025-03-19,17,1490
2025-03-19,18,1413
2025-03-19,19,1079
2025-03-19,20,997
2025-03-19,21,988
2025-03-19,22,776
2025-03-19,23,629
2025-03-20,0,411
2025-03-20,1,148
2025-03-20,2,91
2025-03-20,3,85
2025-03-20,4,146
2025-03-20,5,256
2025-03-20,6,476
2025-03-20,7,998
2025-03-20,8,1396
2025-03-20,9,1406
2025-03-20,10,1284
2025-03-20,11,1392
2025-03-20,12,1483
2025-03-20,13,1553
2025-03-20,14,1518
2025-03-20,15,1531
2025-03-20,16,1529
2025-03-20,17,1588
2025-03-20,18,1482
2025-03-20,19,1345
2025-03-20,20,1132
2025-03-20,21,867
2025-03-20,22,608
2025-03-20,23,481
2025-03-21,0,346
2025-03-21,1,202
2025-03-21,2,87
2025-03-21,3,66
2025-03-21,4,100
2025-03-21,5,206
2025-03-21,6,413
2025-03-21,7,747
2025-03-21,8,1009
2025-03-21,9,1068
2025-03-21,10,976
2025-03-21,11,1214
2025-03-21,12,1280
2025-03-21,13,1305
2025-03-21,14,1279
2025-03-21,15,1311
2025-03-21,16,1253
2025-03-21,17,1171
2025-03-21,18,1146
2025-03-21,19,1100
2025-03-21,20,834
2025-03-21,21,617
2025-03-21,22,535
2025-03-21,23,478
2025-03-22,0,306
2025-03-22,1,224
2025-03-22,2,130
2025-03-22,3,101
2025-03-22,4,95
2025-03-22,5,103
2025-03-22,6,161
2025-03-22,7,222
2025-03-22,8,347
2025-03-22,9,565
2025-03-22,10,750
2025-03-22,11,870
2025-03-22,12,977
2025-03-22,13,1008
2025-03-22,14,931
2025-03-22,15,938
2025-03-22,16,908
2025-03-22,17,917
2025-03-22,18,838
2025-03-22,19,876
2025-03-22,20,691
2025-03-22,21,590
2025-03-22,22,521
2025-03-22,23,368
2025-03-23,0,294
2025-03-23,1,191
2025-03-23,2,155
2025-03-23,3,114
2025-03-23,4,126
2025-03-23,5,162
2025-03-23,6,228
2025-03-23,7,299
2025-03-23,8,368
2025-03-23,9,501
2025-03-23,10,720
2025-03-23,11,881
2025-03-23,12,970
2025-03-23,13,988
2025-03-23,14,894
2025-03-23,15,900
2025-03-23,16,936
2025-03-23,17,921
2025-03-23,18,798
2025-03-23,19,763
2025-03-23,20,751
2025-03-23,21,590
2025-03-23,22,459
2025-03-23,23,307
2025-03-24,0,241
2025-03-24,1,146
2025-03-24,2,53
2025-03-24,3,48
2025-03-24,4,76
2025-03-24,5,187
2025-03-24,6,369
2025-03-24,7,797
2025-03-24,8,1136
2025-03-24,9,1161
2025-03-24,10,1000
2025-03-24,11,930
2025-03-24,12,1047
2025-03-24,13,1088
2025-03-24,14,1134
2025-03-24,15,1111
2025-03-24,16,1079
2025-03-24,17,1107
2025-03-24,18,943
2025-03-24,19,737
2025-03-24,20,683
2025-03-24,21,488
2025-03-24,22,354
2025-03-24,23,275
2025-03-25,0,224
2025-03-25,1,101
2025-03-25,2,43
2025-03-25,3,45
2025-03-25,4,79
2025-03-25,5,172
2025-03-25,6,342
2025-03-25,7,750
2025-03-25,8,1161
2025-03-25,9,1196
2025-03-25,10,1027
2025-03-25,11,1035
2025-03-25,12,1064
2025-03-25,13,1091
2025-03-25,14,1159
2025-03-25,15,1195
2025-03-25,16,1196
2025-03-25,17,1178
2025-03-25,18,1094
2025-03-25,19,890
2025-03-25,20,783
2025-03-25,21,574
2025-03-25,22,403
2025-03-25,23,227
2025-03-26,0,197
2025-03-26,1,81
2025-03-26,2,46
2025-03-26,3,57
2025-03-26,4,80
2025-03-26,5,147
2025-03-26,6,358
2025-03-26,7,790
2025-03-26,8,1173
2025-03-26,9,1155
2025-03-26,10,1065
2025-03-26,11,1130
2025-03-26,12,1210
2025-03-26,13,1197
2025-03-26,14,1252
2025-03-26,15,1296
2025-03-26,16,1248
2025-03-26,17,1335
2025-03-26,18,1178
2025-03-26,19,947
2025-03-26,20,833
2025-03-26,21,662
2025-03-26,22,485
2025-03-26,23,249
2025-03-27,0,177
2025-03-27,1,113
2025-03-27,2,50
2025-03-27,3,58
2025-03-27,4,71
2025-03-27,5,189
2025-03-27,6,327
2025-03-27,7,684
2025-03-27,8,1114
2025-03-27,9,1179
2025-03-27,10,1018
2025-03-27,11,1127
2025-03-27,12,1187
2025-03-27,13,1266
2025-03-27,14,1308
2025-03-27,15,1351
2025-03-27,16,1374
2025-03-27,17,1496
2025-03-27,18,1250
2025-03-27,19,1071
2025-03-27,20,954
2025-03-27,21,711
2025-03-27,22,610
2025-03-27,23,342
2025-03-28,0,270
2025-03-28,1,130
2025-03-28,2,46
2025-03-28,3,48
2025-03-28,4,77
2025-03-28,5,160
2025-03-28,6,337
2025-03-28,7,593
2025-03-28,8,864
2025-03-28,9,997
2025-03-28,10,1052
2025-03-28,11,1216
2025-03-28,12,1252
2025-03-28,13,1272
2025-03-28,14,1345
2025-03-28,15,1382
2025-03-28,16,1453
2025-03-28,17,1451
2025-03-28,18,1399
2025-03-28,19,1182
2025-03-28,20,993
2025-03-28,21,687
2025-03-28,22,571
2025-03-28,23,490
2025-03-29,0,341
2025-03-29,1,264
2025-03-29,2,162
2025-03-29,3,107
2025-03-29,4,91
2025-03-29,5,123
2025-03-29,6,206
2025-03-29,7,354
2025-03-29,8,488
2025-03-29,9,717
2025-03-29,10,776
2025-03-29,11,866
2025-03-29,12,1007
2025-03-29,13,980
2025-03-29,14,932
2025-03-29,15,1052
2025-03-29,16,1080
2025-03-29,17,1197
2025-03-29,18,1205
2025-03-29,19,1032
2025-03-29,20,791
2025-03-29,21,802
2025-03-29,22,723
2025-03-29,23,431
2025-03-30,0,314
2025-03-30,1,226
2025-03-30,2,135
2025-03-30,3,103
2025-03-30,4,104
2025-03-30,5,127
2025-03-30,6,223
2025-03-30,7,349
2025-03-30,8,481
2025-03-30,9,701
2025-03-30,10,862
2025-03-30,11,895
2025-03-30,12,1018
2025-03-30,13,1063
2025-03-30,14,1070
2025-03-30,15,1064
2025-03-30,16,916
2025-03-30,17,907
2025-03-30,18,847
2025-03-30,19,699
2025-03-30,20,675
2025-03-30,21,633
2025-03-30,22,537
2025-03-30,23,390
2025-03-31,0,271
2025-03-31,1,144
2025-03-31,2,128
2025-03-31,3,112
2025-03-31,4,91
2025-03-31,5,236
2025-03-31,6,442
2025-03-31,7,899
2025-03-31,8,1319
2025-03-31,9,1212
2025-03-31,10,1191
2025-03-31,11,1153
2025-03-31,12,1370
2025-03-31,13,1449
2025-03-31,14,1411
2025-03-31,15,1421
2025-03-31,16,1256
2025-03-31,17,1305
2025-03-31,18,1127
2025-03-31,19,933
2025-03-31,20,766
2025-03-31,21,622
2025-03-31,22,450
2025-03-31,23,356
2025-04-01,0,296
2025-04-01,1,222
2025-04-01,2,172
2025-04-01,3,75
2025-04-01,4,79
2025-04-01,5,202
2025-04-01,6,407
2025-04-01,7,805
2025-04-01,8,1372
2025-04-01,9,1342
2025-04-01,10,1211
2025-04-01,11,1127
2025-04-01,12,1267
2025-04-01,13,1219
2025-04-01,14,1304
2025-04-01,15,1461
2025-04-01,16,1465
2025-04-01,17,1446
2025-04-01,18,1299
2025-04-01,19,1024
2025-04-01,20,917
2025-04-01,21,641
2025-04-01,22,397
2025-04-01,23,343
2025-04-02,0,192
2025-04-02,1,142
2025-04-02,2,64
2025-04-02,3,48
2025-04-02,4,89
2025-04-02,5,207
2025-04-02,6,608
2025-04-02,7,1125
2025-04-02,8,1550
2025-04-02,9,1479
2025-04-02,10,1160
2025-04-02,11,1216
2025-04-02,12,1202
2025-04-02,13,1176
2025-04-02,14,1124
2025-04-02,15,1277
2025-04-02,16,1438
2025-04-02,17,1400
2025-04-02,18,1270
2025-04-02,19,943
2025-04-02,20,789
2025-04-02,21,822
2025-04-02,22,746
2025-04-02,23,700
2025-04-03,0,526
2025-04-03,1,348
2025-04-03,2,283
2025-04-03,3,144
2025-04-03,4,97
2025-04-03,5,226
2025-04-03,6,458
2025-04-03,7,911
2025-04-03,8,1381
2025-04-03,9,1396
2025-04-03,10,1185
2025-04-03,11,1267
2025-04-03,12,1433
2025-04-03,13,1451
2025-04-03,14,1435
2025-04-03,15,1609
2025-04-03,16,1636
2025-04-03,17,1574
2025-04-03,18,1364
2025-04-03,19,1180
2025-04-03,20,996
2025-04-03,21,861
2025-04-03,22,609
2025-04-03,23,410
2025-04-04,0,271
2025-04-04,1,189
2025-04-04,2,112
2025-04-04,3,103
2025-04-04,4,138
2025-04-04,5,249
2025-04-04,6,380
2025-04-04,7,790
2025-04-04,8,1106
2025-04-04,9,1165
2025-04-04,10,1139
2025-04-04,11,1352
2025-04-04,12,1512
2025-04-04,13,1424
2025-04-04,14,1401
2025-04-04,15,1478
2025-04-04,16,1472
2025-04-04,17,1657
2025-04-04,18,1552
2025-04-04,19,1151
2025-04-04,20,817
2025-04-04,21,719
2025-04-04,22,707
2025-04-04,23,444
2025-04-05,0,300
2025-04-05,1,225
2025-04-05,2,178
2025-04-05,3,98
2025-04-05,4,103
2025-04-05,5,103
2025-04-05,6,206
2025-04-05,7,267
2025-04-05,8,354
2025-04-05,9,591
2025-04-05,10,872
2025-04-05,11,983
2025-04-05,12,1098
2025-04-05,13,1059
2025-04-05,14,1032
2025-04-05,15,939
2025-04-05,16,981
2025-04-05,17,1023
2025-04-05,18,892
2025-04-05,19,774
2025-04-05,20,649
2025-04-05,21,539
2025-04-05,22,515
2025-04-05,23,575
2025-04-06,0,347
2025-04-06,1,293
2025-04-06,2,188
2025-04-06,3,131
2025-04-06,4,112
2025-04-06,5,145
2025-04-06,6,224
2025-04-06,7,289
2025-04-06,8,429
2025-04-06,9,628
2025-04-06,10,780
2025-04-06,11,936
2025-04-06,12,1031
2025-04-06,13,1013
2025-04-06,14,965
2025-04-06,15,986
2025-04-06,16,1000
2025-04-06,17,993
2025-04-06,18,775
2025-04-06,19,810
2025-04-06,20,715
2025-04-06,21,619
2025-04-06,22,490
2025-04-06,23,328
2025-04-07,0,229
2025-04-07,1,147
2025-04-07,2,74
2025-04-07,3,46
2025-04-07,4,92
2025-04-07,5,196
2025-04-07,6,473
2025-04-07,7,893
2025-04-07,8,1260
2025-04-07,9,1195
2025-04-07,10,1071
2025-04-07,11,1159
2025-04-07,12,1106
2025-04-07,13,1235
2025-04-07,14,1305
2025-04-07,15,1389
2025-04-07,16,1325
2025-04-07,17,1311
2025-04-07,18,1037
2025-04-07,19,865
2025-04-07,20,822
2025-04-07,21,752
2025-04-07,22,473
2025-04-07,23,322
2025-04-08,0,188
2025-04-08,1,124
2025-04-08,2,63
2025-04-08,3,48
2025-04-08,4,69
2025-04-08,5,170
2025-04-08,6,457
2025-04-08,7,1025
2025-04-08,8,1522
2025-04-08,9,1446
2025-04-08,10,1213
2025-04-08,11,1295
2025-04-08,12,1270
2025-04-08,13,1300
2025-04-08,14,1268
2025-04-08,15,1309
2025-04-08,16,1460
2025-04-08,17,1483
2025-04-08,18,1227
2025-04-08,19,1039
2025-04-08,20,901
2025-04-08,21,687
2025-04-08,22,507
2025-04-08,23,297
2025-04-09,0,191
2025-04-09,1,72
2025-04-09,2,38
2025-04-09,3,51
2025-04-09,4,81
2025-04-09,5,197
2025-04-09,6,418
2025-04-09,7,933
2025-04-09,8,1596
2025-04-09,9,1382
2025-04-09,10,1187
2025-04-09,11,1198
2025-04-09,12,1312
2025-04-09,13,1293
2025-04-09,14,1331
2025-04-09,15,1427
2025-04-09,16,1580
2025-04-09,17,1792
2025-04-09,18,1466
2025-04-09,19,1212
2025-04-09,20,956
2025-04-09,21,826
2025-04-09,22,505
2025-04-09,23,308
2025-04-10,0,228
2025-04-10,1,90
2025-04-10,2,41
2025-04-10,3,43
2025-04-10,4,94
2025-04-10,5,229
2025-04-10,6,426
2025-04-10,7,967
2025-04-10,8,1435
2025-04-10,9,1364
2025-04-10,10,1202
2025-04-10,11,1205
2025-04-10,12,1417
2025-04-10,13,1420
2025-04-10,14,1450
2025-04-10,15,1601
2025-04-10,16,1606
2025-04-10,17,1677
2025-04-10,18,1388
2025-04-10,19,1137
2025-04-10,20,954
2025-04-10,21,747
2025-04-10,22,560
2025-04-10,23,454
2025-04-11,0,283
2025-04-11,1,165
2025-04-11,2,66
2025-04-11,3,61
2025-04-11,4,80
2025-04-11,5,224
2025-04-11,6,420
2025-04-11,7,821
2025-04-11,8,1094
2025-04-11,9,1110
2025-04-11,10,1090
2025-04-11,11,1180
2025-04-11,12,1282
2025-04-11,13,1379
2025-04-11,14,1404
2025-04-11,15,1394
2025-04-11,16,1364
2025-04-11,17,1466
2025-04-11,18,1435
2025-04-11,19,1269
2025-04-11,20,1019
2025-04-11,21,745
2025-04-11,22,564
2025-04-11,23,458
2025-04-12,0,327
2025-04-12,1,199
2025-04-12,2,142
2025-04-12,3,93
2025-04-12,4,96
2025-04-12,5,108
2025-04-12,6,154
2025-04-12,7,241
2025-04-12,8,428
2025-04-12,9,715
2025-04-12,10,913
2025-04-12,11,915
2025-04-12,12,981
2025-04-12,13,962
2025-04-12,14,970
2025-04-12,15,999
2025-04-12,16,986
2025-04-12,17,1044
2025-04-12,18,990
2025-04-12,19,882
2025-04-12,20,766
2025-04-12,21,625
2025-04-12,22,516
2025-04-12,23,393
2025-04-13,0,329
2025-04-13,1,184
2025-04-13,2,160
2025-04-13,3,103
2025-04-13,4,95
2025-04-13,5,136
2025-04-13,6,162
2025-04-13,7,246
2025-04-13,8,391
2025-04-13,9,686
2025-04-13,10,842
2025-04-13,11,857
2025-04-13,12,990
2025-04-13,13,1008
2025-04-13,14,1068
2025-04-13,15,945
2025-04-13,16,798
2025-04-13,17,816
2025-04-13,18,841
2025-04-13,19,774
2025-04-13,20,748
2025-04-13,21,582
2025-04-13,22,440
2025-04-13,23,376
2025-04-14,0,219
2025-04-14,1,108
2025-04-14,2,56
2025-04-14,3,44
2025-04-14,4,93
2025-04-14,5,235
2025-04-14,6,426
2025-04-14,7,802
2025-04-14,8,1172
2025-04-14,9,1211
2025-04-14,10,1060
2025-04-14,11,1060
2025-04-14,12,1126
2025-04-14,13,1132
2025-04-14,14,1251
2025-04-14,15,1271
2025-04-14,16,1248
2025-04-14,17,1150
2025-04-14,18,1024
2025-04-14,19,864
2025-04-14,20,761
2025-04-14,21,571
2025-04-14,22,369
2025-04-14,23,288
2025-04-15,0,230
2025-04-15,1,92
2025-04-15,2,52
2025-04-15,3,35
2025-04-15,4,68
2025-04-15,5,158
2025-04-15,6,440
2025-04-15,7,1128
2025-04-15,8,1571
2025-04-15,9,1532
2025-04-15,10,1123
2025-04-15,11,1111
2025-04-15,12,1157
2025-04-15,13,1315
2025-04-15,14,1322
2025-04-15,15,1349
2025-04-15,16,1429
2025-04-15,17,1396
2025-04-15,18,1144
2025-04-15,19,929
2025-04-15,20,825
2025-04-15,21,647
2025-04-15,22,398
2025-04-15,23,262
2025-04-16,0,177
2025-04-16,1,80
2025-04-16,2,42
2025-04-16,3,45
2025-04-16,4,73
2025-04-16,5,198
2025-04-16,6,404
2025-04-16,7,1003
2025-04-16,8,1484
2025-04-16,9,1473
2025-04-16,10,1205
2025-04-16,11,1178
2025-04-16,12,1255
2025-04-16,13,1300
2025-04-16,14,1384
2025-04-16,15,1503
2025-04-16,16,1600
2025-04-16,17,1665
2025-04-16,18,1413
2025-04-16,19,1085
2025-04-16,20,981
2025-04-16,21,749
2025-04-16,22,567
2025-04-16,23,262
2025-04-17,0,208
2025-04-17,1,122
2025-04-17,2,52
2025-04-17,3,50
2025-04-17,4,112
2025-04-17,5,261
2025-04-17,6,461
2025-04-17,7,952
2025-04-17,8,1443
2025-04-17,9,1336
2025-04-17,10,1164
2025-04-17,11,1218
2025-04-17,12,1330
2025-04-17,13,1420
2025-04-17,14,1483
2025-04-17,15,1673
2025-04-17,16,1741
2025-04-17,17,1728
2025-04-17,18,1334
2025-04-17,19,1137
2025-04-17,20,1120
2025-04-17,21,853
2025-04-17,22,587
2025-04-17,23,393
2025-04-18,0,276
2025-04-18,1,146
2025-04-18,2,64
2025-04-18,3,55
2025-04-18,4,92
2025-04-18,5,152
2025-04-18,6,371
2025-04-18,7,585
2025-04-18,8,798
2025-04-18,9,943
2025-04-18,10,976
2025-04-18,11,1177
2025-04-18,12,1469
2025-04-18,13,1383
2025-04-18,14,1248
2025-04-18,15,1280
2025-04-18,16,1210
2025-04-18,17,1168
2025-04-18,18,1013
2025-04-18,19,844
2025-04-18,20,837
2025-04-18,21,700
2025-04-18,22,462
2025-04-18,23,438
2025-04-19,0,315
2025-04-19,1,215
2025-04-19,2,130
2025-04-19,3,112
2025-04-19,4,94
2025-04-19,5,110
2025-04-19,6,219
2025-04-19,7,324
2025-04-19,8,419
2025-04-19,9,681
2025-04-19,10,898
2025-04-19,11,1040
2025-04-19,12,1116
2025-04-19,13,1077
2025-04-19,14,983
2025-04-19,15,963
2025-04-19,16,915
2025-04-19,17,893
2025-04-19,18,890
2025-04-19,19,779
2025-04-19,20,718
2025-04-19,21,596
2025-04-19,22,479
2025-04-19,23,384
2025-04-20,0,240
2025-04-20,1,133
2025-04-20,2,128
2025-04-20,3,95
2025-04-20,4,88
2025-04-20,5,114
2025-04-20,6,212
2025-04-20,7,352
2025-04-20,8,420
2025-04-20,9,743
2025-04-20,10,995
2025-04-20,11,1032
2025-04-20,12,1180
2025-04-20,13,1030
2025-04-20,14,1037
2025-04-20,15,945
2025-04-20,16,861
2025-04-20,17,855
2025-04-20,18,729
2025-04-20,19,767
2025-04-20,20,743
2025-04-20,21,563
2025-04-20,22,462
2025-04-20,23,307
2025-04-21,0,239
2025-04-21,1,132
2025-04-21,2,52
2025-04-21,3,48
2025-04-21,4,87
2025-04-21,5,240
2025-04-21,6,420
2025-04-21,7,865
2025-04-21,8,1134
2025-04-21,9,1176
2025-04-21,10,1009
2025-04-21,11,1018
2025-04-21,12,1112
2025-04-21,13,1219
2025-04-21,14,1207
2025-04-21,15,1179
2025-04-21,16,1176
2025-04-21,17,1145
2025-04-21,18,1058
2025-04-21,19,938
2025-04-21,20,846
2025-04-21,21,679
2025-04-21,22,396
2025-04-21,23,283
2025-04-22,0,225
2025-04-22,1,129
2025-04-22,2,55
2025-04-22,3,34
2025-04-22,4,71
2025-04-22,5,153
2025-04-22,6,375
2025-04-22,7,897
2025-04-22,8,1341
2025-04-22,9,1458
2025-04-22,10,1247
2025-04-22,11,1214
2025-04-22,12,1266
2025-04-22,13,1269
2025-04-22,14,1325
2025-04-22,15,1355
2025-04-22,16,1397
2025-04-22,17,1499
2025-04-22,18,1291
2025-04-22,19,974
2025-04-22,20,870
2025-04-22,21,666
2025-04-22,22,420
2025-04-22,23,323
2025-04-23,0,192
2025-04-23,1,88
2025-04-23,2,44
2025-04-23,3,41
2025-04-23,4,69
2025-04-23,5,214
2025-04-23,6,515
2025-04-23,7,1167
2025-04-23,8,1650
2025-04-23,9,1589
2025-04-23,10,1310
2025-04-23,11,1297
2025-04-23,12,1340
2025-04-23,13,1321
2025-04-23,14,1284
2025-04-23,15,1479
2025-04-23,16,1576
2025-04-23,17,1516
2025-04-23,18,1226
2025-04-23,19,1028
2025-04-23,20,1027
2025-04-23,21,878
2025-04-23,22,529
2025-04-23,23,321
2025-04-24,0,230
2025-04-24,1,114
2025-04-24,2,53
2025-04-24,3,38
2025-04-24,4,101
2025-04-24,5,277
2025-04-24,6,460
2025-04-24,7,967
2025-04-24,8,1460
2025-04-24,9,1485
2025-04-24,10,1268
2025-04-24,11,1316
2025-04-24,12,1352
2025-04-24,13,1488
2025-04-24,14,1525
2025-04-24,15,1711
2025-04-24,16,1728
2025-04-24,17,1832
2025-04-24,18,1625
2025-04-24,19,1424
2025-04-24,20,1291
2025-04-24,21,1089
2025-04-24,22,695
2025-04-24,23,442
2025-04-25,0,296
2025-04-25,1,185
2025-04-25,2,100
2025-04-25,3,78
2025-04-25,4,103
2025-04-25,5,224
2025-04-25,6,404
2025-04-25,7,744
2025-04-25,8,1174
2025-04-25,9,1130
2025-04-25,10,1214
2025-04-25,11,1438
2025-04-25,12,1552
2025-04-25,13,1883
2025-04-25,14,1725
2025-04-25,15,1710
2025-04-25,16,1516
2025-04-25,17,1554
2025-04-25,18,1600
2025-04-25,19,1375
2025-04-25,20,1036
2025-04-25,21,872
2025-04-25,22,766
2025-04-25,23,616
2025-04-26,0,407
2025-04-26,1,246
2025-04-26,2,130
2025-04-26,3,108
2025-04-26,4,98
2025-04-26,5,123
2025-04-26,6,193
2025-04-26,7,335
2025-04-26,8,507
2025-04-26,9,749
2025-04-26,10,793
2025-04-26,11,818
2025-04-26,12,958
2025-04-26,13,1210
2025-04-26,14,1316
2025-04-26,15,1201
2025-04-26,16,1267
2025-04-26,17,1277
2025-04-26,18,1276
2025-04-26,19,1059
2025-04-26,20,939
2025-04-26,21,841
2025-04-26,22,727
2025-04-26,23,601
2025-04-27,0,444
2025-04-27,1,288
2025-04-27,2,188
2025-04-27,3,118
2025-04-27,4,134
2025-04-27,5,193
2025-04-27,6,277
2025-04-27,7,376
2025-04-27,8,554
2025-04-27,9,870
2025-04-27,10,1130
2025-04-27,11,1049
2025-04-27,12,1142
2025-04-27,13,1172
2025-04-27,14,1222
2025-04-27,15,1210
2025-04-27,16,1236
2025-04-27,17,1259
2025-04-27,18,1154
2025-04-27,19,1070
2025-04-27,20,909
2025-04-27,21,905
2025-04-27,22,598
2025-04-27,23,383
2025-04-28,0,295
2025-04-28,1,168
2025-04-28,2,62
2025-04-28,3,43
2025-04-28,4,107
2025-04-28,5,227
2025-04-28,6,462
2025-04-28,7,1002
2025-04-28,8,1434
2025-04-28,9,1374
2025-04-28,10,1151
2025-04-28,11,1202
2025-04-28,12,1187
2025-04-28,13,1375
2025-04-28,14,1390
2025-04-28,15,1481
2025-04-28,16,1504
2025-04-28,17,1496
2025-04-28,18,1427
2025-04-28,19,1115
2025-04-28,20,1043
2025-04-28,21,718
2025-04-28,22,495
2025-04-28,23,376
2025-04-29,0,288
2025-04-29,1,141
2025-04-29,2,57
2025-04-29,3,49
2025-04-29,4,84
2025-04-29,5,186
2025-04-29,6,446
2025-04-29,7,1031
2025-04-29,8,1552
2025-04-29,9,1488
2025-04-29,10,1230
2025-04-29,11,1227
2025-04-29,12,1340
2025-04-29,13,1362
2025-04-29,14,1433
2025-04-29,15,1541
2025-04-29,16,1510
2025-04-29,17,1482
2025-04-29,18,1308
2025-04-29,19,1086
2025-04-29,20,940
2025-04-29,21,716
2025-04-29,22,451
2025-04-29,23,363
2025-04-30,0,223
2025-04-30,1,92
2025-04-30,2,37
2025-04-30,3,58
2025-04-30,4,110
2025-04-30,5,255
2025-04-30,6,512
2025-04-30,7,1137
2025-04-30,8,1463
2025-04-30,9,1513
2025-04-30,10,1303
2025-04-30,11,1393
2025-04-30,12,1589
2025-04-30,13,1597
2025-04-30,14,1684
2025-04-30,15,1682
2025-04-30,16,1611
2025-04-30,17,1615
2025-04-30,18,1346
2025-04-30,19,1149
2025-04-30,20,1015
2025-04-30,21,786
2025-04-30,22,499
2025-04-30,23,357
2025-05-01,0,237
2025-05-01,1,143
2025-05-01,2,66
2025-05-01,3,58
2025-05-01,4,93
2025-05-01,5,242
2025-05-01,6,583
2025-05-01,7,1168
2025-05-01,8,1560
2025-05-01,9,1461
2025-05-01,10,1228
2025-05-01,11,1214
2025-05-01,12,1398
2025-05-01,13,1434
2025-05-01,14,1484
2025-05-01,15,1520
2025-05-01,16,1630
2025-05-01,17,1686
2025-05-01,18,1422
2025-05-01,19,1096
2025-05-01,20,1059
2025-05-01,21,897
2025-05-01,22,587
2025-05-01,23,409
2025-05-02,0,305
2025-05-02,1,140
2025-05-02,2,76
2025-05-02,3,58
2025-05-02,4,108
2025-05-02,5,254
2025-05-02,6,483
2025-05-02,7,831
2025-05-02,8,1180
2025-05-02,9,1129
2025-05-02,10,1066
2025-05-02,11,1158
2025-05-02,12,1266
2025-05-02,13,1342
2025-05-02,14,1464
2025-05-02,15,1408
2025-05-02,16,1313
2025-05-02,17,1336
2025-05-02,18,1288
2025-05-02,19,1073
2025-05-02,20,851
2025-05-02,21,739
2025-05-02,22,528
2025-05-02,23,481
2025-05-03,0,311
2025-05-03,1,197
2025-05-03,2,143
2025-05-03,3,107
2025-05-03,4,84
2025-05-03,5,126
2025-05-03,6,162
2025-05-03,7,254
2025-05-03,8,370
2025-05-03,9,621
2025-05-03,10,791
2025-05-03,11,835
2025-05-03,12,1122
2025-05-03,13,1194
2025-05-03,14,1138
2025-05-03,15,1140
2025-05-03,16,1056
2025-05-03,17,1015
2025-05-03,18,1038
2025-05-03,19,899
2025-05-03,20,750
2025-05-03,21,696
2025-05-03,22,551
2025-05-03,23,498
2025-05-04,0,300
2025-05-04,1,242
2025-05-04,2,134
2025-05-04,3,123
2025-05-04,4,134
2025-05-04,5,171
2025-05-04,6,216
2025-05-04,7,330
2025-05-04,8,506
2025-05-04,9,687
2025-05-04,10,902
2025-05-04,11,914
2025-05-04,12,1143
2025-05-04,13,1125
2025-05-04,14,1208
2025-05-04,15,1398
2025-05-04,16,1421
2025-05-04,17,1292
2025-05-04,18,1139
2025-05-04,19,949
2025-05-04,20,870
2025-05-04,21,757
2025-05-04,22,491
2025-05-04,23,417
2025-05-05,0,273
2025-05-05,1,200
2025-05-05,2,101
2025-05-05,3,67
2025-05-05,4,92
2025-05-05,5,186
2025-05-05,6,472
2025-05-05,7,1084
2025-05-05,8,1609
2025-05-05,9,1527
2025-05-05,10,1347
2025-05-05,11,1317
2025-05-05,12,1368
2025-05-05,13,1385
2025-05-05,14,1489
2025-05-05,15,1634
2025-05-05,16,1586
2025-05-05,17,1723
2025-05-05,18,1505
2025-05-05,19,1187
2025-05-05,20,981
2025-05-05,21,842
2025-05-05,22,649
2025-05-05,23,418
2025-05-06,0,314
2025-05-06,1,184
2025-05-06,2,78
2025-05-06,3,46
2025-05-06,4,75
2025-05-06,5,181
2025-05-06,6,431
2025-05-06,7,1120
2025-05-06,8,1712
2025-05-06,9,1610
2025-05-06,10,1358
2025-05-06,11,1426
2025-05-06,12,1495
2025-05-06,13,1550
2025-05-06,14,1618
2025-05-06,15,1766
2025-05-06,16,1836
2025-05-06,17,1830
2025-05-06,18,1610
2025-05-06,19,1143
2025-05-06,20,1046
2025-05-06,21,863
2025-05-06,22,717
2025-05-06,23,398
2025-05-07,0,262
2025-05-07,1,136
2025-05-07,2,74
2025-05-07,3,59
2025-05-07,4,101
2025-05-07,5,227
2025-05-07,6,500
2025-05-07,7,1010
2025-05-07,8,1540
2025-05-07,9,1497
2025-05-07,10,1380
2025-05-07,11,1475
2025-05-07,12,1687
2025-05-07,13,1773
2025-05-07,14,1551
2025-05-07,15,1712
2025-05-07,16,1674
2025-05-07,17,1686
2025-05-07,18,1505
2025-05-07,19,1283
2025-05-07,20,1153
2025-05-07,21,915
2025-05-07,22,575
2025-05-07,23,315
2025-05-08,0,252
2025-05-08,1,111
2025-05-08,2,46
2025-05-08,3,54
2025-05-08,4,108
2025-05-08,5,227
2025-05-08,6,474
2025-05-08,7,919
2025-05-08,8,1473
2025-05-08,9,1428
2025-05-08,10,1229
2025-05-08,11,1208
2025-05-08,12,1443
2025-05-08,13,1541
2025-05-08,14,1615
2025-05-08,15,1730
2025-05-08,16,1611
2025-05-08,17,1681
2025-05-08,18,1500
2025-05-08,19,1301
2025-05-08,20,1194
2025-05-08,21,1054
2025-05-08,22,735
2025-05-08,23,414
2025-05-09,0,322
2025-05-09,1,166
2025-05-09,2,62
2025-05-09,3,66
2025-05-09,4,101
2025-05-09,5,266
2025-05-09,6,481
2025-05-09,7,879
2025-05-09,8,1186
2025-05-09,9,1120
2025-05-09,10,1117
2025-05-09,11,1154
2025-05-09,12,1366
2025-05-09,13,1398
2025-05-09,14,1457
2025-05-09,15,1563
2025-05-09,16,1486
2025-05-09,17,1454
2025-05-09,18,1334
2025-05-09,19,1084
2025-05-09,20,856
2025-05-09,21,668
2025-05-09,22,603
2025-05-09,23,501
2025-05-10,0,368
2025-05-10,1,241
2025-05-10,2,137
2025-05-10,3,103
2025-05-10,4,96
2025-05-10,5,139
2025-05-10,6,167
2025-05-10,7,317
2025-05-10,8,469
2025-05-10,9,800
2025-05-10,10,915
2025-05-10,11,947
2025-05-10,12,1061
2025-05-10,13,1054
2025-05-10,14,1114
2025-05-10,15,1066
2025-05-10,16,1095
2025-05-10,17,1064
2025-05-10,18,1037
2025-05-10,19,903
2025-05-10,20,712
2025-05-10,21,698
2025-05-10,22,641
2025-05-10,23,547
2025-05-11,0,365
2025-05-11,1,194
2025-05-11,2,117
2025-05-11,3,116
2025-05-11,4,113
2025-05-11,5,148
2025-05-11,6,177
2025-05-11,7,257
2025-05-11,8,442
2025-05-11,9,695
2025-05-11,10,903
2025-05-11,11,871
2025-05-11,12,1009
2025-05-11,13,1021
2025-05-11,14,1036
2025-05-11,15,1006
2025-05-11,16,968
2025-05-11,17,985
2025-05-11,18,941
2025-05-11,19,842
2025-05-11,20,774
2025-05-11,21,699
2025-05-11,22,534
2025-05-11,23,352
2025-05-12,0,211
2025-05-12,1,99
2025-05-12,2,58
2025-05-12,3,38
2025-05-12,4,102
2025-05-12,5,252
2025-05-12,6,498
2025-05-12,7,930
2025-05-12,8,1212
2025-05-12,9,1204
2025-05-12,10,1173
2025-05-12,11,1120
2025-05-12,12,1308
2025-05-12,13,1282
2025-05-12,14,1394
2025-05-12,15,1439
2025-05-12,16,1339
2025-05-12,17,1453
2025-05-12,18,1224
2025-05-12,19,1000
2025-05-12,20,832
2025-05-12,21,749
2025-05-12,22,606
2025-05-12,23,412
2025-05-13,0,238
2025-05-13,1,102
2025-05-13,2,32
2025-05-13,3,43
2025-05-13,4,85
2025-05-13,5,215
2025-05-13,6,474
2025-05-13,7,1041
2025-05-13,8,1664
2025-05-13,9,1466
2025-05-13,10,1177
2025-05-13,11,1185
2025-05-13,12,1227
2025-05-13,13,1304
2025-05-13,14,1352
2025-05-13,15,1471
2025-05-13,16,1468
2025-05-13,17,1571
2025-05-13,18,1297
2025-05-13,19,1080
2025-05-13,20,870
2025-05-13,21,879
2025-05-13,22,653
2025-05-13,23,384
2025-05-14,0,200
2025-05-14,1,95
2025-05-14,2,64
2025-05-14,3,43
2025-05-14,4,76
2025-05-14,5,206
2025-05-14,6,478
2025-05-14,7,1030
2025-05-14,8,1665
2025-05-14,9,1521
2025-05-14,10,1267
2025-05-14,11,1264
2025-05-14,12,1373
2025-05-14,13,1484
2025-05-14,14,1482
2025-05-14,15,1684
2025-05-14,16,1614
2025-05-14,17,1647
2025-05-14,18,1457
2025-05-14,19,1231
2025-05-14,20,1062
2025-05-14,21,1017
2025-05-14,22,714
2025-05-14,23,439
2025-05-15,0,341
2025-05-15,1,182
2025-05-15,2,92
2025-05-15,3,59
2025-05-15,4,122
2025-05-15,5,288
2025-05-15,6,566
2025-05-15,7,1122
2025-05-15,8,1532
2025-05-15,9,1377
2025-05-15,10,1186
2025-05-15,11,1388
2025-05-15,12,1617
2025-05-15,13,1737
2025-05-15,14,1819
2025-05-15,15,1974
2025-05-15,16,1875
2025-05-15,17,1803
2025-05-15,18,1714
2025-05-15,19,1302
2025-05-15,20,1084
2025-05-15,21,816
2025-05-15,22,744
2025-05-15,23,676
2025-05-16,0,586
2025-05-16,1,483
2025-05-16,2,308
2025-05-16,3,115
2025-05-16,4,155
2025-05-16,5,319
2025-05-16,6,558
2025-05-16,7,955
2025-05-16,8,1317
2025-05-16,9,1331
2025-05-16,10,1427
2025-05-16,11,1630
2025-05-16,12,1770
2025-05-16,13,1660
2025-05-16,14,1587
2025-05-16,15,1709
2025-05-16,16,1786
2025-05-16,17,1909
2025-05-16,18,1941
2025-05-16,19,1641
2025-05-16,20,1209
2025-05-16,21,1116
2025-05-16,22,940
2025-05-16,23,895
2025-05-17,0,700
2025-05-17,1,461
2025-05-17,2,292
2025-05-17,3,168
2025-05-17,4,152
2025-05-17,5,172
2025-05-17,6,252
2025-05-17,7,484
2025-05-17,8,855
2025-05-17,9,1108
2025-05-17,10,1218
2025-05-17,11,1240
2025-05-17,12,1329
2025-05-17,13,1371
2025-05-17,14,1326
2025-05-17,15,1230
2025-05-17,16,1440
2025-05-17,17,1607
2025-05-17,18,1599
2025-05-17,19,1248
2025-05-17,20,857
2025-05-17,21,796
2025-05-17,22,726
2025-05-17,23,717
2025-05-18,0,650
2025-05-18,1,287
2025-05-18,2,182
2025-05-18,3,137
2025-05-18,4,174
2025-05-18,5,263
2025-05-18,6,357
2025-05-18,7,472
2025-05-18,8,782
2025-05-18,9,1161
2025-05-18,10,1157
2025-05-18,11,1271
2025-05-18,12,1379
2025-05-18,13,1417
2025-05-18,14,1315
2025-05-18,15,1290
2025-05-18,16,1345
2025-05-18,17,1500
2025-05-18,18,1505
2025-05-18,19,1276
2025-05-18,20,865
2025-05-18,21,545
2025-05-18,22,669
2025-05-18,23,638
2025-05-19,0,478
2025-05-19,1,185
2025-05-19,2,81
2025-05-19,3,89
2025-05-19,4,191
2025-05-19,5,377
2025-05-19,6,626
2025-05-19,7,1116
2025-05-19,8,1562
2025-05-19,9,1707
2025-05-19,10,1508
2025-05-19,11,1456
2025-05-19,12,1556
2025-05-19,13,1576
2025-05-19,14,1688
2025-05-19,15,1860
2025-05-19,16,1782
2025-05-19,17,1786
2025-05-19,18,1596
2025-05-19,19,1244
2025-05-19,20,969
2025-05-19,21,844
2025-05-19,22,619
2025-05-19,23,421
2025-05-20,0,331
2025-05-20,1,154
2025-05-20,2,78
2025-05-20,3,65
2025-05-20,4,122
2025-05-20,5,297
2025-05-20,6,770
2025-05-20,7,1274
2025-05-20,8,1573
2025-05-20,9,1546
2025-05-20,10,1264
2025-05-20,11,1387
2025-05-20,12,1533
2025-05-20,13,1644
2025-05-20,14,1689
2025-05-20,15,1704
2025-05-20,16,1679
2025-05-20,17,1725
2025-05-20,18,1527
2025-05-20,19,1099
2025-05-20,20,914
2025-05-20,21,956
2025-05-20,22,774
2025-05-20,23,629
2025-05-21,0,518
2025-05-21,1,172
2025-05-21,2,71
2025-05-21,3,67
2025-05-21,4,109
2025-05-21,5,267
2025-05-21,6,586
2025-05-21,7,1181
2025-05-21,8,1597
2025-05-21,9,1521
2025-05-21,10,1368
2025-05-21,11,1370
2025-05-21,12,1511
2025-05-21,13,1625
2025-05-21,14,1533
2025-05-21,15,1652
2025-05-21,16,1726
2025-05-21,17,1799
2025-05-21,18,1434
2025-05-21,19,1258
2025-05-21,20,1032
2025-05-21,21,833
2025-05-21,22,673
2025-05-21,23,474
2025-05-22,0,257
2025-05-22,1,113
2025-05-22,2,53
2025-05-22,3,41
2025-05-22,4,136
2025-05-22,5,286
2025-05-22,6,596
2025-05-22,7,1134
2025-05-22,8,1501
2025-05-22,9,1360
2025-05-22,10,1173
2025-05-22,11,1259
2025-05-22,12,1416
2025-05-22,13,1486
2025-05-22,14,1612
2025-05-22,15,1687
2025-05-22,16,1676
2025-05-22,17,1797
2025-05-22,18,1455
2025-05-22,19,1270
2025-05-22,20,972
2025-05-22,21,1020
2025-05-22,22,715
2025-05-22,23,624
2025-05-23,0,378
2025-05-23,1,234
2025-05-23,2,95
2025-05-23,3,71
2025-05-23,4,144
2025-05-23,5,302
2025-05-23,6,433
2025-05-23,7,728
2025-05-23,8,1004
2025-05-23,9,1081
2025-05-23,10,1095
2025-05-23,11,1184
2025-05-23,12,1218
2025-05-23,13,1335
2025-05-23,14,1415
2025-05-23,15,1562
2025-05-23,16,1503
2025-05-23,17,1426
2025-05-23,18,1328
2025-05-23,19,1056
2025-05-23,20,827
2025-05-23,21,717
2025-05-23,22,641
2025-05-23,23,497
2025-05-24,0,346
2025-05-24,1,223
2025-05-24,2,153
2025-05-24,3,132
2025-05-24,4,105
2025-05-24,5,173
2025-05-24,6,181
2025-05-24,7,251
2025-05-24,8,378
2025-05-24,9,590
2025-05-24,10,797
2025-05-24,11,812
2025-05-24,12,996
2025-05-24,13,1116
2025-05-24,14,1147
2025-05-24,15,1057
2025-05-24,16,1094
2025-05-24,17,1059
2025-05-24,18,1101
2025-05-24,19,973
2025-05-24,20,740
2025-05-24,21,632
2025-05-24,22,588
2025-05-24,23,550
2025-05-25,0,447
2025-05-25,1,226
2025-05-25,2,166
2025-05-25,3,136
2025-05-25,4,156
2025-05-25,5,143
2025-05-25,6,172
2025-05-25,7,227
2025-05-25,8,340
2025-05-25,9,527
2025-05-25,10,795
2025-05-25,11,834
2025-05-25,12,998
2025-05-25,13,1063
2025-05-25,14,1057
2025-05-25,15,988
2025-05-25,16,962
2025-05-25,17,911
2025-05-25,18,847
2025-05-25,19,792
2025-05-25,20,730
2025-05-25,21,601
2025-05-25,22,601
2025-05-25,23,408
2025-05-26,0,270
2025-05-26,1,191
2025-05-26,2,121
2025-05-26,3,133
2025-05-26,4,179
2025-05-26,5,157
2025-05-26,6,184
2025-05-26,7,238
2025-05-26,8,316
2025-05-26,9,539
2025-05-26,10,736
2025-05-26,11,989
2025-05-26,12,1041
2025-05-26,13,965
2025-05-26,14,974
2025-05-26,15,924
2025-05-26,16,947
2025-05-26,17,911
2025-05-26,18,835
2025-05-26,19,796
2025-05-26,20,717
2025-05-26,21,656
2025-05-26,22,471
2025-05-26,23,305
2025-05-27,0,233
2025-05-27,1,156
2025-05-27,2,102
2025-05-27,3,87
2025-05-27,4,78
2025-05-27,5,204
2025-05-27,6,443
2025-05-27,7,939
2025-05-27,8,1328
2025-05-27,9,1292
2025-05-27,10,1151
2025-05-27,11,1113
2025-05-27,12,1153
2025-05-27,13,1228
2025-05-27,14,1297
2025-05-27,15,1259
2025-05-27,16,1318
2025-05-27,17,1276
2025-05-27,18,1083
2025-05-27,19,863
2025-05-27,20,651
2025-05-27,21,618
2025-05-27,22,429
2025-05-27,23,320
2025-05-28,0,209
2025-05-28,1,133
2025-05-28,2,42
2025-05-28,3,40
2025-05-28,4,74
2025-05-28,5,174
2025-05-28,6,400
2025-05-28,7,1028
2025-05-28,8,1691
2025-05-28,9,1745
2025-05-28,10,1416
2025-05-28,11,1283
2025-05-28,12,1285
2025-05-28,13,1280
2025-05-28,14,1308
2025-05-28,15,1466
2025-05-28,16,1516
2025-05-28,17,1514
2025-05-28,18,1325
2025-05-28,19,1075
2025-05-28,20,852
2025-05-28,21,797
2025-05-28,22,684
2025-05-28,23,348
2025-05-29,0,226
2025-05-29,1,96
2025-05-29,2,44
2025-05-29,3,37
2025-05-29,4,78
2025-05-29,5,170
2025-05-29,6,380
2025-05-29,7,999
2025-05-29,8,1538
2025-05-29,9,1434
2025-05-29,10,1245
2025-05-29,11,1339
2025-05-29,12,1405
2025-05-29,13,1596
2025-05-29,14,1694
2025-05-29,15,1647
2025-05-29,16,1655
2025-05-29,17,1854
2025-05-29,18,1626
2025-05-29,19,1294
2025-05-29,20,1070
2025-05-29,21,1098
2025-05-29,22,850
2025-05-29,23,494
2025-05-30,0,300
2025-05-30,1,134
2025-05-30,2,76
2025-05-30,3,53
2025-05-30,4,94
2025-05-30,5,224
2025-05-30,6,503
2025-05-30,7,1011
2025-05-30,8,1328
2025-05-30,9,1414
2025-05-30,10,1420
2025-05-30,11,1493
2025-05-30,12,1766
2025-05-30,13,1718
2025-05-30,14,1676
2025-05-30,15,1848
2025-05-30,16,1886
2025-05-30,17,1998
2025-05-30,18,1976
2025-05-30,19,1589
2025-05-30,20,1257
2025-05-30,21,896
2025-05-30,22,756
2025-05-30,23,634
2025-05-31,0,555
2025-05-31,1,324
2025-05-31,2,151
2025-05-31,3,121
2025-05-31,4,112
2025-05-31,5,151
2025-05-31,6,309
2025-05-31,7,556
2025-05-31,8,802
2025-05-31,9,876
2025-05-31,10,1095
2025-05-31,11,1150
2025-05-31,12,1269
2025-05-31,13,1316
2025-05-31,14,1323
2025-05-31,15,1257
2025-05-31,16,1424
2025-05-31,17,1514
2025-05-31,18,1586
2025-05-31,19,1332
2025-05-31,20,1115
2025-05-31,21,1090
2025-05-31,22,861
2025-05-31,23,703
2025-06-01,0,588
2025-06-01,1,313
2025-06-01,2,164
2025-06-01,3,128
2025-06-01,4,166
2025-06-01,5,290
2025-06-01,6,383
2025-06-01,7,512
2025-06-01,8,836
2025-06-01,9,985
2025-06-01,10,1051
2025-06-01,11,1171
2025-06-01,12,1235
2025-06-01,13,1197
2025-06-01,14,1176
2025-06-01,15,1300
2025-06-01,16,1283
2025-06-01,17,1398
2025-06-01,18,1431
2025-06-01,19,1261
2025-06-01,20,1003
2025-06-01,21,865
2025-06-01,22,610
2025-06-01,23,384
2025-06-02,0,214
2025-06-02,1,152
2025-06-02,2,84
2025-06-02,3,50
2025-06-02,4,113
2025-06-02,5,324
2025-06-02,6,657
2025-06-02,7,1132
2025-06-02,8,1515
2025-06-02,9,1419
2025-06-02,10,1308
2025-06-02,11,1490
2025-06-02,12,1630
2025-06-02,13,1672
2025-06-02,14,1714
2025-06-02,15,1649
2025-06-02,16,1555
2025-06-02,17,1612
2025-06-02,18,1429
2025-06-02,19,1137
2025-06-02,20,926
2025-06-02,21,797
2025-06-02,22,624
2025-06-02,23,361
2025-06-03,0,234
2025-06-03,1,130
2025-06-03,2,62
2025-06-03,3,59
2025-06-03,4,122
2025-06-03,5,280
2025-06-03,6,640
2025-06-03,7,1134
2025-06-03,8,1516
2025-06-03,9,1521
2025-06-03,10,1343
2025-06-03,11,1606
2025-06-03,12,1729
2025-06-03,13,1700
2025-06-03,14,1674
2025-06-03,15,1629
2025-06-03,16,1573
2025-06-03,17,1530
2025-06-03,18,1359
2025-06-03,19,1117
2025-06-03,20,843
2025-06-03,21,729
2025-06-03,22,602
2025-06-03,23,395
2025-06-04,0,193
2025-06-04,1,101
2025-06-04,2,43
2025-06-04,3,38
2025-06-04,4,85
2025-06-04,5,259
2025-06-04,6,549
2025-06-04,7,1321
2025-06-04,8,1862
2025-06-04,9,1743
2025-06-04,10,1370
2025-06-04,11,1338
2025-06-04,12,1396
2025-06-04,13,1511
2025-06-04,14,1647
2025-06-04,15,1702
2025-06-04,16,1588
2025-06-04,17,1689
2025-06-04,18,1427
2025-06-04,19,1167
2025-06-04,20,966
2025-06-04,21,846
2025-06-04,22,664
2025-06-04,23,450
2025-06-05,0,227
2025-06-05,1,114
2025-06-05,2,59
2025-06-05,3,58
2025-06-05,4,108
2025-06-05,5,182
2025-06-05,6,445
2025-06-05,7,901
2025-06-05,8,1550
2025-06-05,9,1392
2025-06-05,10,1316
2025-06-05,11,1317
2025-06-05,12,1540
2025-06-05,13,1653
2025-06-05,14,1644
2025-06-05,15,1728
2025-06-05,16,1781
2025-06-05,17,1797
2025-06-05,18,1550
2025-06-05,19,1282
2025-06-05,20,1043
2025-06-05,21,1029
2025-06-05,22,877
2025-06-05,23,545
2025-06-06,0,326
2025-06-06,1,144
2025-06-06,2,93
2025-06-06,3,64
2025-06-06,4,132
2025-06-06,5,200
2025-06-06,6,423
2025-06-06,7,786
2025-06-06,8,1095
2025-06-06,9,1122
2025-06-06,10,1180
2025-06-06,11,1465
2025-06-06,12,1476
2025-06-06,13,1516
2025-06-06,14,1565
2025-06-06,15,1534
2025-06-06,16,1548
2025-06-06,17,1616
2025-06-06,18,1519
2025-06-06,19,1420
2025-06-06,20,968
2025-06-06,21,918
2025-06-06,22,843
2025-06-06,23,761
2025-06-07,0,524
2025-06-07,1,304
2025-06-07,2,167
2025-06-07,3,123
2025-06-07,4,106
2025-06-07,5,127
2025-06-07,6,204
2025-06-07,7,344
2025-06-07,8,644
2025-06-07,9,812
2025-06-07,10,968
2025-06-07,11,1173
2025-06-07,12,1240
2025-06-07,13,1268
2025-06-07,14,1345
2025-06-07,15,1278
2025-06-07,16,1278
2025-06-07,17,1243
2025-06-07,18,1217
2025-06-07,19,979
2025-06-07,20,769
2025-06-07,21,816
2025-06-07,22,764
2025-06-07,23,777
2025-06-08,0,581
2025-06-08,1,299
2025-06-08,2,223
2025-06-08,3,168
2025-06-08,4,157
2025-06-08,5,200
2025-06-08,6,249
2025-06-08,7,359
2025-06-08,8,508
2025-06-08,9,763
2025-06-08,10,1084
2025-06-08,11,1219
2025-06-08,12,1338
2025-06-08,13,1343
2025-06-08,14,1331
2025-06-08,15,1342
2025-06-08,16,1390
2025-06-08,17,1139
2025-06-08,18,1174
2025-06-08,19,886
2025-06-08,20,857
2025-06-08,21,755
2025-06-08,22,767
2025-06-08,23,606
2025-06-09,0,526
2025-06-09,1,299
2025-06-09,2,114
2025-06-09,3,97
2025-06-09,4,129
2025-06-09,5,285
2025-06-09,6,513
2025-06-09,7,1017
2025-06-09,8,1428
2025-06-09,9,1502
2025-06-09,10,1316
2025-06-09,11,1223
2025-06-09,12,1286
2025-06-09,13,1442
2025-06-09,14,1547
2025-06-09,15,1520
2025-06-09,16,1621
2025-06-09,17,1589
2025-06-09,18,1408
2025-06-09,19,1249
2025-06-09,20,917
2025-06-09,21,767
2025-06-09,22,693
2025-06-09,23,493
2025-06-10,0,354
2025-06-10,1,188
2025-06-10,2,85
2025-06-10,3,47
2025-06-10,4,73
2025-06-10,5,196
2025-06-10,6,447
2025-06-10,7,1031
2025-06-10,8,1659
2025-06-10,9,1771
2025-06-10,10,1447
2025-06-10,11,1425
2025-06-10,12,1540
2025-06-10,13,1552
2025-06-10,14,1768
2025-06-10,15,1783
2025-06-10,16,1793
2025-06-10,17,1726
2025-06-10,18,1446
2025-06-10,19,1310
2025-06-10,20,1036
2025-06-10,21,962
2025-06-10,22,847
2025-06-10,23,491
2025-06-11,0,292
2025-06-11,1,121
2025-06-11,2,64
2025-06-11,3,55
2025-06-11,4,94
2025-06-11,5,247
2025-06-11,6,501
2025-06-11,7,1142
2025-06-11,8,1709
2025-06-11,9,1712
2025-06-11,10,1388
2025-06-11,11,1525
2025-06-11,12,1709
2025-06-11,13,1683
2025-06-11,14,1753
2025-06-11,15,1801
2025-06-11,16,1798
2025-06-11,17,1845
2025-06-11,18,1620
2025-06-11,19,1367
2025-06-11,20,1161
2025-06-11,21,1051
2025-06-11,22,966
2025-06-11,23,565
2025-06-12,0,304
2025-06-12,1,152
2025-06-12,2,69
2025-06-12,3,70
2025-06-12,4,120
2025-06-12,5,237
2025-06-12,6,480
2025-06-12,7,1083
2025-06-12,8,1667
2025-06-12,9,1584
2025-06-12,10,1409
2025-06-12,11,1503
2025-06-12,12,1657
2025-06-12,13,2019
2025-06-12,14,1952
2025-06-12,15,1858
2025-06-12,16,1785
2025-06-12,17,1598
2025-06-12,18,1435
2025-06-12,19,1392
2025-06-12,20,1053
2025-06-12,21,1238
2025-06-12,22,1104
2025-06-12,23,747
2025-06-13,0,402
2025-06-13,1,200
2025-06-13,2,131
2025-06-13,3,80
2025-06-13,4,135
2025-06-13,5,302
2025-06-13,6,517
2025-06-13,7,771
2025-06-13,8,1148
2025-06-13,9,1187
2025-06-13,10,1327
2025-06-13,11,1675
2025-06-13,12,1651
2025-06-13,13,1499
2025-06-13,14,1668
2025-06-13,15,1514
2025-06-13,16,1580
2025-06-13,17,1721
2025-06-13,18,1552
2025-06-13,19,1212
2025-06-13,20,969
2025-06-13,21,802
2025-06-13,22,893
2025-06-13,23,707
2025-06-14,0,420
2025-06-14,1,278
2025-06-14,2,167
2025-06-14,3,134
2025-06-14,4,132
2025-06-14,5,151
2025-06-14,6,253
2025-06-14,7,347
2025-06-14,8,482
2025-06-14,9,704
2025-06-14,10,1107
2025-06-14,11,1235
2025-06-14,12,1179
2025-06-14,13,1136
2025-06-14,14,1139
2025-06-14,15,1236
2025-06-14,16,1259
2025-06-14,17,1298
2025-06-14,18,1111
2025-06-14,19,995
2025-06-14,20,854
2025-06-14,21,828
2025-06-14,22,872
2025-06-14,23,629
2025-06-15,0,446
2025-06-15,1,268
2025-06-15,2,221
2025-06-15,3,166
2025-06-15,4,152
2025-06-15,5,184
2025-06-15,6,273
2025-06-15,7,379
2025-06-15,8,530
2025-06-15,9,784
2025-06-15,10,1041
2025-06-15,11,1196
2025-06-15,12,1186
2025-06-15,13,1115
2025-06-15,14,1163
2025-06-15,15,1177
2025-06-15,16,1244
2025-06-15,17,1193
2025-06-15,18,893
2025-06-15,19,863
2025-06-15,20,690
2025-06-15,21,721
2025-06-15,22,586
2025-06-15,23,468
2025-06-16,0,313
2025-06-16,1,204
2025-06-16,2,126
2025-06-16,3,92
2025-06-16,4,142
2025-06-16,5,289
2025-06-16,6,465
2025-06-16,7,915
2025-06-16,8,1403
2025-06-16,9,1296
2025-06-16,10,1352
2025-06-16,11,1184
2025-06-16,12,1353
2025-06-16,13,1357
2025-06-16,14,1388
2025-06-16,15,1462
2025-06-16,16,1498
2025-06-16,17,1513
2025-06-16,18,1234
2025-06-16,19,1043
2025-06-16,20,857
2025-06-16,21,859
2025-06-16,22,736
2025-06-16,23,457
2025-06-17,0,304
2025-06-17,1,148
2025-06-17,2,65
2025-06-17,3,51
2025-06-17,4,84
2025-06-17,5,190
2025-06-17,6,445
2025-06-17,7,986
2025-06-17,8,1604
2025-06-17,9,1531
2025-06-17,10,1271
2025-06-17,11,1281
2025-06-17,12,1279
2025-06-17,13,1405
2025-06-17,14,1380
2025-06-17,15,1548
2025-06-17,16,1632
2025-06-17,17,1595
2025-06-17,18,1488
2025-06-17,19,1140
2025-06-17,20,929
2025-06-17,21,948
2025-06-17,22,653
2025-06-17,23,544
2025-06-18,0,286
2025-06-18,1,162
2025-06-18,2,144
2025-06-18,3,71
2025-06-18,4,85
2025-06-18,5,221
2025-06-18,6,520
2025-06-18,7,998
2025-06-18,8,1612
2025-06-18,9,1432
2025-06-18,10,1298
2025-06-18,11,1379
2025-06-18,12,1700
2025-06-18,13,1778
2025-06-18,14,1936
2025-06-18,15,1836
2025-06-18,16,1723
2025-06-18,17,1745
2025-06-18,18,1625
2025-06-18,19,1737
2025-06-18,20,1402
2025-06-18,21,1062
2025-06-18,22,941
2025-06-18,23,820
2025-06-19,0,560
2025-06-19,1,377
2025-06-19,2,131
2025-06-19,3,81
2025-06-19,4,120
2025-06-19,5,335
2025-06-19,6,478
2025-06-19,7,651
2025-06-19,8,895
2025-06-19,9,989
2025-06-19,10,1280
2025-06-19,11,1540
2025-06-19,12,1605
2025-06-19,13,1447
2025-06-19,14,1519
2025-06-19,15,1402
2025-06-19,16,1487
2025-06-19,17,1444
2025-06-19,18,1375
2025-06-19,19,1146
2025-06-19,20,921
2025-06-19,21,880
2025-06-19,22,719
2025-06-19,23,595
2025-06-20,0,458
2025-06-20,1,297
2025-06-20,2,169
2025-06-20,3,102
2025-06-20,4,118
2025-06-20,5,208
2025-06-20,6,374
2025-06-20,7,657
2025-06-20,8,951
2025-06-20,9,1168
2025-06-20,10,1275
2025-06-20,11,1629
2025-06-20,12,1618
2025-06-20,13,1483
2025-06-20,14,1628
2025-06-20,15,1526
2025-06-20,16,1650
2025-06-20,17,1743
2025-06-20,18,1691
2025-06-20,19,1211
2025-06-20,20,971
2025-06-20,21,912
2025-06-20,22,838
2025-06-20,23,705
2025-06-21,0,495
2025-06-21,1,385
2025-06-21,2,207
2025-06-21,3,139
2025-06-21,4,118
2025-06-21,5,136
2025-06-21,6,204
2025-06-21,7,325
2025-06-21,8,519
2025-06-21,9,874
2025-06-21,10,1069
2025-06-21,11,1212
2025-06-21,12,1280
2025-06-21,13,1209
2025-06-21,14,1267
2025-06-21,15,1246
2025-06-21,16,1329
2025-06-21,17,1379
2025-06-21,18,1317
2025-06-21,19,1155
2025-06-21,20,916
2025-06-21,21,810
2025-06-21,22,834
2025-06-21,23,677
2025-06-22,0,520
2025-06-22,1,353
2025-06-22,2,194
2025-06-22,3,164
2025-06-22,4,189
2025-06-22,5,213
2025-06-22,6,289
2025-06-22,7,416
2025-06-22,8,500
2025-06-22,9,785
2025-06-22,10,1025
2025-06-22,11,1114
2025-06-22,12,1114
2025-06-22,13,1108
2025-06-22,14,1155
2025-06-22,15,1177
2025-06-22,16,1310
2025-06-22,17,1346
2025-06-22,18,1278
2025-06-22,19,1093
2025-06-22,20,902
2025-06-22,21,749
2025-06-22,22,721
2025-06-22,23,455
2025-06-23,0,372
2025-06-23,1,198
2025-06-23,2,98
2025-06-23,3,79
2025-06-23,4,164
2025-06-23,5,332
2025-06-23,6,578
2025-06-23,7,1066
2025-06-23,8,1490
2025-06-23,9,1416
2025-06-23,10,1318
2025-06-23,11,1411
2025-06-23,12,1579
2025-06-23,13,1581
2025-06-23,14,1637
2025-06-23,15,1688
2025-06-23,16,1693
2025-06-23,17,1573
2025-06-23,18,1298
2025-06-23,19,998
2025-06-23,20,842
2025-06-23,21,724
2025-06-23,22,531
2025-06-23,23,374
2025-06-24,0,253
2025-06-24,1,128
2025-06-24,2,48
2025-06-24,3,39
2025-06-24,4,89
2025-06-24,5,226
2025-06-24,6,477
2025-06-24,7,978
2025-06-24,8,1677
2025-06-24,9,1488
2025-06-24,10,1286
2025-06-24,11,1292
2025-06-24,12,1324
2025-06-24,13,1300
2025-06-24,14,1258
2025-06-24,15,1368
2025-06-24,16,1503
2025-06-24,17,1621
2025-06-24,18,1196
2025-06-24,19,1020
2025-06-24,20,967
2025-06-24,21,1030
2025-06-24,22,729
2025-06-24,23,482
2025-06-25,0,224
2025-06-25,1,125
2025-06-25,2,72
2025-06-25,3,57
2025-06-25,4,84
2025-06-25,5,189
2025-06-25,6,436
2025-06-25,7,879
2025-06-25,8,1605
2025-06-25,9,1467
2025-06-25,10,1243
2025-06-25,11,1281
2025-06-25,12,1316
2025-06-25,13,1439
2025-06-25,14,1452
2025-06-25,15,1512
2025-06-25,16,1584
2025-06-25,17,1544
2025-06-25,18,1333
2025-06-25,19,1039
2025-06-25,20,939
2025-06-25,21,994
2025-06-25,22,955
2025-06-25,23,656
2025-06-26,0,449
2025-06-26,1,240
2025-06-26,2,99
2025-06-26,3,61
2025-06-26,4,94
2025-06-26,5,209
2025-06-26,6,502
2025-06-26,7,944
2025-06-26,8,1528
2025-06-26,9,1452
2025-06-26,10,1339
2025-06-26,11,1313
2025-06-26,12,1575
2025-06-26,13,1707
2025-06-26,14,1683
2025-06-26,15,1599
2025-06-26,16,1522
2025-06-26,17,1542
2025-06-26,18,1449
2025-06-26,19,1169
2025-06-26,20,964
2025-06-26,21,926
2025-06-26,22,839
2025-06-26,23,711
2025-06-27,0,567
2025-06-27,1,399
2025-06-27,2,271
2025-06-27,3,172
2025-06-27,4,146
2025-06-27,5,229
2025-06-27,6,405
2025-06-27,7,653
2025-06-27,8,1042
2025-06-27,9,1111
2025-06-27,10,1168
2025-06-27,11,1272
2025-06-27,12,1504
2025-06-27,13,1396
2025-06-27,14,1464
2025-06-27,15,1411
2025-06-27,16,1366
2025-06-27,17,1446
2025-06-27,18,1393
2025-06-27,19,1092
2025-06-27,20,836
2025-06-27,21,770
2025-06-27,22,803
2025-06-27,23,714
2025-06-28,0,432
2025-06-28,1,279
2025-06-28,2,218
2025-06-28,3,124
2025-06-28,4,107
2025-06-28,5,131
2025-06-28,6,169
2025-06-28,7,252
2025-06-28,8,383
2025-06-28,9,594
2025-06-28,10,836
2025-06-28,11,864
2025-06-28,12,879
2025-06-28,13,1012
2025-06-28,14,1072
2025-06-28,15,1140
2025-06-28,16,1108
2025-06-28,17,1124
2025-06-28,18,1227
2025-06-28,19,860
2025-06-28,20,700
2025-06-28,21,723
2025-06-28,22,698
2025-06-28,23,631
2025-06-29,0,465
2025-06-29,1,258
2025-06-29,2,212
2025-06-29,3,128
2025-06-29,4,153
2025-06-29,5,147
2025-06-29,6,213
2025-06-29,7,270
2025-06-29,8,434
2025-06-29,9,725
2025-06-29,10,985
2025-06-29,11,950
2025-06-29,12,979
2025-06-29,13,1071
2025-06-29,14,990
2025-06-29,15,895
2025-06-29,16,972
2025-06-29,17,973
2025-06-29,18,749
2025-06-29,19,677
2025-06-29,20,566
2025-06-29,21,533
2025-06-29,22,564
2025-06-29,23,492
2025-06-30,0,396
2025-06-30,1,200
2025-06-30,2,94
2025-06-30,3,74
2025-06-30,4,109
2025-06-30,5,167
2025-06-30,6,374
2025-06-30,7,654
2025-06-30,8,971
2025-06-30,9,1055
2025-06-30,10,1029
2025-06-30,11,1141
2025-06-30,12,1091
2025-06-30,13,1113
2025-06-30,14,1093
2025-06-30,15,1068
2025-06-30,16,1079
2025-06-30,17,1054
2025-06-30,18,961
2025-06-30,19,704
2025-06-30,20,617
2025-06-30,21,524
2025-06-30,22,420
2025-06-30,23,343
2025-07-01,0,260
2025-07-01,1,165
2025-07-01,2,81
2025-07-01,3,46
2025-07-01,4,72
2025-07-01,5,169
2025-07-01,6,332
2025-07-01,7,668
2025-07-01,8,1073
2025-07-01,9,1145
2025-07-01,10,1105
2025-07-01,11,1122
2025-07-01,12,1129
2025-07-01,13,1185
2025-07-01,14,1198
2025-07-01,15,1183
2025-07-01,16,1225
2025-07-01,17,1292
2025-07-01,18,1081
2025-07-01,19,800
2025-07-01,20,658
2025-07-01,21,664
2025-07-01,22,520
2025-07-01,23,388
2025-07-02,0,279
2025-07-02,1,203
2025-07-02,2,87
2025-07-02,3,57
2025-07-02,4,88
2025-07-02,5,146
2025-07-02,6,357
2025-07-02,7,694
2025-07-02,8,1075
2025-07-02,9,1098
2025-07-02,10,1011
2025-07-02,11,1048
2025-07-02,12,1174
2025-07-02,13,1160
2025-07-02,14,1209
2025-07-02,15,1232
2025-07-02,16,1291
2025-07-02,17,1289
2025-07-02,18,970
2025-07-02,19,805
2025-07-02,20,725
2025-07-02,21,657
2025-07-02,22,562
2025-07-02,23,398
2025-07-03,0,217
2025-07-03,1,140
2025-07-03,2,79
2025-07-03,3,49
2025-07-03,4,78
2025-07-03,5,148
2025-07-03,6,298
2025-07-03,7,528
2025-07-03,8,799
2025-07-03,9,917
2025-07-03,10,1011
2025-07-03,11,1018
2025-07-03,12,1190
2025-07-03,13,1317
2025-07-03,14,1326
2025-07-03,15,1256
2025-07-03,16,1161
2025-07-03,17,1159
2025-07-03,18,1016
2025-07-03,19,762
2025-07-03,20,676
2025-07-03,21,549
2025-07-03,22,563
2025-07-03,23,431
2025-07-04,0,274
2025-07-04,1,181
2025-07-04,2,132
2025-07-04,3,81
2025-07-04,4,92
2025-07-04,5,125
2025-07-04,6,164
2025-07-04,7,221
2025-07-04,8,282
2025-07-04,9,364
2025-07-04,10,702
2025-07-04,11,712
2025-07-04,12,734
2025-07-04,13,716
2025-07-04,14,770
2025-07-04,15,749
2025-07-04,16,773
2025-07-04,17,793
2025-07-04,18,803
2025-07-04,19,651
2025-07-04,20,563
2025-07-04,21,507
2025-07-04,22,513
2025-07-04,23,347
2025-07-05,0,207
2025-07-05,1,138
2025-07-05,2,105
2025-07-05,3,103
2025-07-05,4,95
2025-07-05,5,95
2025-07-05,6,142
2025-07-05,7,216
2025-07-05,8,327
2025-07-05,9,531
2025-07-05,10,756
2025-07-05,11,896
2025-07-05,12,1039
2025-07-05,13,1003
2025-07-05,14,988
2025-07-05,15,956
2025-07-05,16,997
2025-07-05,17,1026
2025-07-05,18,1007
2025-07-05,19,903
2025-07-05,20,740
2025-07-05,21,711
2025-07-05,22,530
2025-07-05,23,418
2025-07-06,0,292
2025-07-06,1,190
2025-07-06,2,119
2025-07-06,3,132
2025-07-06,4,162
2025-07-06,5,148
2025-07-06,6,192
2025-07-06,7,253
2025-07-06,8,393
2025-07-06,9,581
2025-07-06,10,778
2025-07-06,11,802
2025-07-06,12,905
2025-07-06,13,864
2025-07-06,14,921
2025-07-06,15,950
2025-07-06,16,928
2025-07-06,17,838
2025-07-06,18,794
2025-07-06,19,702
2025-07-06,20,799
2025-07-06,21,700
2025-07-06,22,576
2025-07-06,23,559
2025-07-07,0,529
2025-07-07,1,267
2025-07-07,2,84
2025-07-07,3,62
2025-07-07,4,114
2025-07-07,5,230
2025-07-07,6,365
2025-07-07,7,634
2025-07-07,8,1058
2025-07-07,9,1058
2025-07-07,10,1038
2025-07-07,11,1061
2025-07-07,12,1048
2025-07-07,13,1139
2025-07-07,14,1193
2025-07-07,15,1150
2025-07-07,16,1087
2025-07-07,17,1114
2025-07-07,18,959
2025-07-07,19,850
2025-07-07,20,714
2025-07-07,21,645
2025-07-07,22,570
2025-07-07,23,444
2025-07-08,0,334
2025-07-08,1,159
2025-07-08,2,50
2025-07-08,3,49
2025-07-08,4,79
2025-07-08,5,156
2025-07-08,6,333
2025-07-08,7,719
2025-07-08,8,1227
2025-07-08,9,1245
2025-07-08,10,1119
2025-07-08,11,1161
2025-07-08,12,1160
2025-07-08,13,1177
2025-07-08,14,1259
2025-07-08,15,1298
2025-07-08,16,1338
2025-07-08,17,1352
2025-07-08,18,1123
2025-07-08,19,927
2025-07-08,20,723
2025-07-08,21,760
2025-07-08,22,695
2025-07-08,23,409
2025-07-09,0,235
2025-07-09,1,111
2025-07-09,2,78
2025-07-09,3,66
2025-07-09,4,68
2025-07-09,5,156
2025-07-09,6,357
2025-07-09,7,739
2025-07-09,8,1346
2025-07-09,9,1267
2025-07-09,10,1180
2025-07-09,11,1157
2025-07-09,12,1267
2025-07-09,13,1264
2025-07-09,14,1277
2025-07-09,15,1406
2025-07-09,16,1365
2025-07-09,17,1345
2025-07-09,18,1214
2025-07-09,19,964
2025-07-09,20,774
2025-07-09,21,686
2025-07-09,22,648
2025-07-09,23,435
2025-07-10,0,275
2025-07-10,1,190
2025-07-10,2,69
2025-07-10,3,55
2025-07-10,4,86
2025-07-10,5,193
2025-07-10,6,375
2025-07-10,7,732
2025-07-10,8,1279
2025-07-10,9,1283
2025-07-10,10,1181
2025-07-10,11,1249
2025-07-10,12,1326
2025-07-10,13,1291
2025-07-10,14,1326
2025-07-10,15,1517
2025-07-10,16,1490
2025-07-10,17,1653
2025-07-10,18,1403
2025-07-10,19,1253
2025-07-10,20,1062
2025-07-10,21,829
2025-07-10,22,718
2025-07-10,23,469
2025-07-11,0,315
2025-07-11,1,277
2025-07-11,2,208
2025-07-11,3,220
2025-07-11,4,178
2025-07-11,5,232
2025-07-11,6,513
2025-07-11,7,727
2025-07-11,8,950
2025-07-11,9,1058
2025-07-11,10,1139
2025-07-11,11,1190
2025-07-11,12,1349
2025-07-11,13,1372
2025-07-11,14,1456
2025-07-11,15,1400
2025-07-11,16,1482
2025-07-11,17,1500
2025-07-11,18,1428
2025-07-11,19,988
2025-07-11,20,815
2025-07-11,21,767
2025-07-11,22,647
2025-07-11,23,438
2025-07-12,0,275
2025-07-12,1,262
2025-07-12,2,200
2025-07-12,3,129
2025-07-12,4,101
2025-07-12,5,122
2025-07-12,6,202
2025-07-12,7,299
2025-07-12,8,399
2025-07-12,9,636
2025-07-12,10,780
2025-07-12,11,882
2025-07-12,12,976
2025-07-12,13,1023
2025-07-12,14,1129
2025-07-12,15,1124
2025-07-12,16,1108
2025-07-12,17,1122
2025-07-12,18,1060
2025-07-12,19,847
2025-07-12,20,738
2025-07-12,21,704
2025-07-12,22,742
2025-07-12,23,553
2025-07-13,0,393
2025-07-13,1,253
2025-07-13,2,189
2025-07-13,3,116
2025-07-13,4,139
2025-07-13,5,170
2025-07-13,6,196
2025-07-13,7,284
2025-07-13,8,447
2025-07-13,9,720
2025-07-13,10,929
2025-07-13,11,1031
2025-07-13,12,1139
2025-07-13,13,1184
2025-07-13,14,1147
2025-07-13,15,1131
2025-07-13,16,1021
2025-07-13,17,1072
2025-07-13,18,887
2025-07-13,19,881
2025-07-13,20,723
2025-07-13,21,686
2025-07-13,22,644
2025-07-13,23,403
2025-07-14,0,341
2025-07-14,1,282
2025-07-14,2,113
2025-07-14,3,73
2025-07-14,4,145
2025-07-14,5,265
2025-07-14,6,396
2025-07-14,7,863
2025-07-14,8,1399
2025-07-14,9,1454
2025-07-14,10,1232
2025-07-14,11,1197
2025-07-14,12,1216
2025-07-14,13,1311
2025-07-14,14,1409
2025-07-14,15,1439
2025-07-14,16,1465
2025-07-14,17,1479
2025-07-14,18,1307
2025-07-14,19,938
2025-07-14,20,752
2025-07-14,21,752
2025-07-14,22,684
2025-07-14,23,440
2025-07-15,0,322
2025-07-15,1,173
2025-07-15,2,118
2025-07-15,3,80
2025-07-15,4,83
2025-07-15,5,171
2025-07-15,6,434
2025-07-15,7,886
2025-07-15,8,1498
2025-07-15,9,1623
2025-07-15,10,1372
2025-07-15,11,1255
2025-07-15,12,1322
2025-07-15,13,1426
2025-07-15,14,1381
2025-07-15,15,1468
2025-07-15,16,1593
2025-07-15,17,1768
2025-07-15,18,1448
2025-07-15,19,1132
2025-07-15,20,858
2025-07-15,21,873
2025-07-15,22,689
2025-07-15,23,392
2025-07-16,0,204
2025-07-16,1,119
2025-07-16,2,80
2025-07-16,3,78
2025-07-16,4,91
2025-07-16,5,196
2025-07-16,6,440
2025-07-16,7,981
2025-07-16,8,1544
2025-07-16,9,1710
2025-07-16,10,1446
2025-07-16,11,1345
2025-07-16,12,1531
2025-07-16,13,1504
2025-07-16,14,1546
2025-07-16,15,1674
2025-07-16,16,1645
2025-07-16,17,1471
2025-07-16,18,1347
2025-07-16,19,1071
2025-07-16,20,956
2025-07-16,21,1000
2025-07-16,22,953
2025-07-16,23,635
2025-07-17,0,326
2025-07-17,1,176
2025-07-17,2,114
2025-07-17,3,98
2025-07-17,4,106
2025-07-17,5,216
2025-07-17,6,457
2025-07-17,7,929
2025-07-17,8,1527
2025-07-17,9,1388
2025-07-17,10,1211
2025-07-17,11,1252
2025-07-17,12,1471
2025-07-17,13,1657
2025-07-17,14,1628
2025-07-17,15,1623
2025-07-17,16,1663
2025-07-17,17,1804
2025-07-17,18,1508
2025-07-17,19,1241
2025-07-17,20,1000
2025-07-17,21,992
2025-07-17,22,824
2025-07-17,23,578
2025-07-18,0,322
2025-07-18,1,146
2025-07-18,2,72
2025-07-18,3,70
2025-07-18,4,110
2025-07-18,5,212
2025-07-18,6,343
2025-07-18,7,605
2025-07-18,8,979
2025-07-18,9,1122
2025-07-18,10,1210
2025-07-18,11,1411
2025-07-18,12,1649
2025-07-18,13,1427
2025-07-18,14,1364
2025-07-18,15,1483
2025-07-18,16,1609
2025-07-18,17,1697
2025-07-18,18,1705
2025-07-18,19,1393
2025-07-18,20,950
2025-07-18,21,787
2025-07-18,22,747
2025-07-18,23,704
2025-07-19,0,521
2025-07-19,1,298
2025-07-19,2,166
2025-07-19,3,109
2025-07-19,4,110
2025-07-19,5,150
2025-07-19,6,169
2025-07-19,7,313
2025-07-19,8,481
2025-07-19,9,636
2025-07-19,10,888
2025-07-19,11,929
2025-07-19,12,1296
2025-07-19,13,1101
2025-07-19,14,1038
2025-07-19,15,1001
2025-07-19,16,1184
2025-07-19,17,1244
2025-07-19,18,1163
2025-07-19,19,1043
2025-07-19,20,830
2025-07-19,21,848
2025-07-19,22,751
2025-07-19,23,647
2025-07-20,0,520
2025-07-20,1,310
2025-07-20,2,213
2025-07-20,3,133
2025-07-20,4,162
2025-07-20,5,222
2025-07-20,6,254
2025-07-20,7,332
2025-07-20,8,494
2025-07-20,9,737
2025-07-20,10,996
2025-07-20,11,1010
2025-07-20,12,1151
2025-07-20,13,1170
2025-07-20,14,1081
2025-07-20,15,1127
2025-07-20,16,1068
2025-07-20,17,1156
2025-07-20,18,1060
2025-07-20,19,946
2025-07-20,20,738
2025-07-20,21,763
2025-07-20,22,698
2025-07-20,23,493
2025-07-21,0,312
2025-07-21,1,120
2025-07-21,2,49
2025-07-21,3,38
2025-07-21,4,125
2025-07-21,5,224
2025-07-21,6,434
2025-07-21,7,772
2025-07-21,8,1208
2025-07-21,9,1284
2025-07-21,10,1244
2025-07-21,11,1181
2025-07-21,12,1258
2025-07-21,13,1372
2025-07-21,14,1346
2025-07-21,15,1505
2025-07-21,16,1471
2025-07-21,17,1534
2025-07-21,18,1271
2025-07-21,19,967
2025-07-21,20,831
2025-07-21,21,807
2025-07-21,22,639
2025-07-21,23,390
2025-07-22,0,258
2025-07-22,1,134
2025-07-22,2,53
2025-07-22,3,51
2025-07-22,4,96
2025-07-22,5,187
2025-07-22,6,417
2025-07-22,7,921
2025-07-22,8,1478
2025-07-22,9,1490
2025-07-22,10,1269
2025-07-22,11,1239
2025-07-22,12,1333
2025-07-22,13,1360
2025-07-22,14,1411
2025-07-22,15,1426
2025-07-22,16,1525
2025-07-22,17,1575
2025-07-22,18,1415
2025-07-22,19,1135
2025-07-22,20,892
2025-07-22,21,881
2025-07-22,22,681
2025-07-22,23,417
2025-07-23,0,219
2025-07-23,1,104
2025-07-23,2,76
2025-07-23,3,60
2025-07-23,4,78
2025-07-23,5,167
2025-07-23,6,411
2025-07-23,7,902
2025-07-23,8,1540
2025-07-23,9,1545
2025-07-23,10,1312
2025-07-23,11,1388
2025-07-23,12,1603
2025-07-23,13,1500
2025-07-23,14,1434
2025-07-23,15,1571
2025-07-23,16,1744
2025-07-23,17,1739
2025-07-23,18,1476
2025-07-23,19,1217
2025-07-23,20,1025
2025-07-23,21,870
2025-07-23,22,635
2025-07-23,23,418
2025-07-24,0,253
2025-07-24,1,126
2025-07-24,2,64
2025-07-24,3,50
2025-07-24,4,96
2025-07-24,5,202
2025-07-24,6,408
2025-07-24,7,945
2025-07-24,8,1495
2025-07-24,9,1381
2025-07-24,10,1224
2025-07-24,11,1236
2025-07-24,12,1519
2025-07-24,13,1562
2025-07-24,14,1544
2025-07-24,15,1631
2025-07-24,16,1357
2025-07-24,17,1276
2025-07-24,18,1171
2025-07-24,19,973
2025-07-24,20,973
2025-07-24,21,938
2025-07-24,22,810
2025-07-24,23,750
2025-07-25,0,474
2025-07-25,1,183
2025-07-25,2,102
2025-07-25,3,91
2025-07-25,4,101
2025-07-25,5,225
2025-07-25,6,352
2025-07-25,7,646
2025-07-25,8,875
2025-07-25,9,958
2025-07-25,10,1117
2025-07-25,11,1109
2025-07-25,12,1349
2025-07-25,13,1466
2025-07-25,14,1504
2025-07-25,15,1299
2025-07-25,16,1267
2025-07-25,17,1262
2025-07-25,18,1285
2025-07-25,19,1013
2025-07-25,20,809
2025-07-25,21,807
2025-07-25,22,645
2025-07-25,23,481
2025-07-26,0,419
2025-07-26,1,310
2025-07-26,2,181
2025-07-26,3,121
2025-07-26,4,106
2025-07-26,5,129
2025-07-26,6,175
2025-07-26,7,269
2025-07-26,8,338
2025-07-26,9,605
2025-07-26,10,928
2025-07-26,11,866
2025-07-26,12,950
2025-07-26,13,925
2025-07-26,14,1117
2025-07-26,15,1058
2025-07-26,16,1042
2025-07-26,17,1099
2025-07-26,18,1025
2025-07-26,19,815
2025-07-26,20,759
2025-07-26,21,691
2025-07-26,22,664
2025-07-26,23,631
2025-07-27,0,327
2025-07-27,1,208
2025-07-27,2,156
2025-07-27,3,92
2025-07-27,4,113
2025-07-27,5,173
2025-07-27,6,193
2025-07-27,7,280
2025-07-27,8,431
2025-07-27,9,618
2025-07-27,10,789
2025-07-27,11,964
2025-07-27,12,1118
2025-07-27,13,1079
2025-07-27,14,1060
2025-07-27,15,1007
2025-07-27,16,1084
2025-07-27,17,969
2025-07-27,18,836
2025-07-27,19,779
2025-07-27,20,729
2025-07-27,21,673
2025-07-27,22,561
2025-07-27,23,464
2025-07-28,0,320
2025-07-28,1,231
2025-07-28,2,148
2025-07-28,3,63
2025-07-28,4,80
2025-07-28,5,248
2025-07-28,6,454
2025-07-28,7,824
2025-07-28,8,1301
2025-07-28,9,1177
2025-07-28,10,1182
2025-07-28,11,1126
2025-07-28,12,1401
2025-07-28,13,1318
2025-07-28,14,1286
2025-07-28,15,1400
2025-07-28,16,1448
2025-07-28,17,1472
2025-07-28,18,1312
2025-07-28,19,1079
2025-07-28,20,764
2025-07-28,21,711
2025-07-28,22,536
2025-07-28,23,435
2025-07-29,0,294
2025-07-29,1,209
2025-07-29,2,92
2025-07-29,3,50
2025-07-29,4,76
2025-07-29,5,156
2025-07-29,6,365
2025-07-29,7,919
2025-07-29,8,1502
2025-07-29,9,1437
2025-07-29,10,1306
2025-07-29,11,1216
2025-07-29,12,1260
2025-07-29,13,1321
2025-07-29,14,1395
2025-07-29,15,1424
2025-07-29,16,1470
2025-07-29,17,1513
2025-07-29,18,1339
2025-07-29,19,1071
2025-07-29,20,846
2025-07-29,21,853
2025-07-29,22,597
2025-07-29,23,395
2025-07-30,0,206
2025-07-30,1,121
2025-07-30,2,80
2025-07-30,3,61
2025-07-30,4,111
2025-07-30,5,186
2025-07-30,6,398
2025-07-30,7,925
2025-07-30,8,1497
2025-07-30,9,1485
2025-07-30,10,1372
2025-07-30,11,1308
2025-07-30,12,1400
2025-07-30,13,1772
2025-07-30,14,1619
2025-07-30,15,1631
2025-07-30,16,1563
2025-07-30,17,1500
2025-07-30,18,1438
2025-07-30,19,1262
2025-07-30,20,1002
2025-07-30,21,997
2025-07-30,22,856
2025-07-30,23,663
2025-07-31,0,350
2025-07-31,1,152
2025-07-31,2,75
2025-07-31,3,61
2025-07-31,4,115
2025-07-31,5,220
2025-07-31,6,466
2025-07-31,7,848
2025-07-31,8,1368
2025-07-31,9,1392
2025-07-31,10,1216
2025-07-31,11,1302
2025-07-31,12,1498
2025-07-31,13,1437
2025-07-31,14,1429
2025-07-31,15,1502
2025-07-31,16,1464
2025-07-31,17,1447
2025-07-31,18,1253
2025-07-31,19,1099
2025-07-31,20,977
2025-07-31,21,941
2025-07-31,22,820
2025-07-31,23,689
2025-08-01,0,422
2025-08-01,1,273
2025-08-01,2,186
2025-08-01,3,146
2025-08-01,4,135
2025-08-01,5,247
2025-08-01,6,395
2025-08-01,7,612
2025-08-01,8,937
2025-08-01,9,1107
2025-08-01,10,1189
2025-08-01,11,1377
2025-08-01,12,1417
2025-08-01,13,1345
2025-08-01,14,1361
2025-08-01,15,1423
2025-08-01,16,1344
2025-08-01,17,1350
2025-08-01,18,1214
2025-08-01,19,1021
2025-08-01,20,820
2025-08-01,21,811
2025-08-01,22,724
2025-08-01,23,644
2025-08-02,0,396
2025-08-02,1,251
2025-08-02,2,177
2025-08-02,3,127
2025-08-02,4,101
2025-08-02,5,148
2025-08-02,6,170
2025-08-02,7,275
2025-08-02,8,411
2025-08-02,9,642
2025-08-02,10,889
2025-08-02,11,1022
2025-08-02,12,1039
2025-08-02,13,1080
2025-08-02,14,1043
2025-08-02,15,1099
2025-08-02,16,1036
2025-08-02,17,1113
2025-08-02,18,1040
2025-08-02,19,820
2025-08-02,20,740
2025-08-02,21,649
2025-08-02,22,589
2025-08-02,23,523
2025-08-03,0,368
2025-08-03,1,253
2025-08-03,2,192
2025-08-03,3,145
2025-08-03,4,134
2025-08-03,5,194
2025-08-03,6,253
2025-08-03,7,284
2025-08-03,8,438
2025-08-03,9,584
2025-08-03,10,880
2025-08-03,11,1014
2025-08-03,12,1039
2025-08-03,13,1032
2025-08-03,14,1035
2025-08-03,15,1023
2025-08-03,16,967
2025-08-03,17,994
2025-08-03,18,943
2025-08-03,19,855
2025-08-03,20,759
2025-08-03,21,611
2025-08-03,22,637
2025-08-03,23,550
2025-08-04,0,301
2025-08-04,1,140
2025-08-04,2,71
2025-08-04,3,78
2025-08-04,4,187
2025-08-04,5,319
2025-08-04,6,507
2025-08-04,7,860
2025-08-04,8,1226
2025-08-04,9,1160
2025-08-04,10,1124
2025-08-04,11,1382
2025-08-04,12,1489
2025-08-04,13,1438
2025-08-04,14,1368
2025-08-04,15,1541
2025-08-04,16,1515
2025-08-04,17,1512
2025-08-04,18,1315
2025-08-04,19,989
2025-08-04,20,762
2025-08-04,21,730
2025-08-04,22,559
2025-08-04,23,346
2025-08-05,0,213
2025-08-05,1,111
2025-08-05,2,53
2025-08-05,3,41
2025-08-05,4,78
2025-08-05,5,180
2025-08-05,6,406
2025-08-05,7,823
2025-08-05,8,1361
2025-08-05,9,1298
2025-08-05,10,1144
2025-08-05,11,1164
2025-08-05,12,1235
2025-08-05,13,1272
2025-08-05,14,1300
2025-08-05,15,1382
2025-08-05,16,1376
2025-08-05,17,1491
2025-08-05,18,1314
2025-08-05,19,1004
2025-08-05,20,817
2025-08-05,21,786
2025-08-05,22,689
2025-08-05,23,370
2025-08-06,0,220
2025-08-06,1,89
2025-08-06,2,50
2025-08-06,3,53
2025-08-06,4,97
2025-08-06,5,167
2025-08-06,6,367
2025-08-06,7,815
2025-08-06,8,1350
2025-08-06,9,1311
2025-08-06,10,1192
2025-08-06,11,1254
2025-08-06,12,1459
2025-08-06,13,1435
2025-08-06,14,1292
2025-08-06,15,1397
2025-08-06,16,1513
2025-08-06,17,1631
2025-08-06,18,1275
2025-08-06,19,1005
2025-08-06,20,802
2025-08-06,21,848
2025-08-06,22,746
2025-08-06,23,426
2025-08-07,0,286
2025-08-07,1,167
2025-08-07,2,111
2025-08-07,3,74
2025-08-07,4,100
2025-08-07,5,180
2025-08-07,6,390
2025-08-07,7,808
2025-08-07,8,1314
2025-08-07,9,1287
2025-08-07,10,1174
2025-08-07,11,1185
2025-08-07,12,1336
2025-08-07,13,1330
2025-08-07,14,1388
2025-08-07,15,1484
2025-08-07,16,1513
2025-08-07,17,1546
2025-08-07,18,1355
2025-08-07,19,1049
2025-08-07,20,999
2025-08-07,21,895
2025-08-07,22,690
2025-08-07,23,462
2025-08-08,0,291
2025-08-08,1,167
2025-08-08,2,81
2025-08-08,3,69
2025-08-08,4,100
2025-08-08,5,196
2025-08-08,6,351
2025-08-08,7,615
2025-08-08,8,936
2025-08-08,9,1054
2025-08-08,10,1063
2025-08-08,11,1125
2025-08-08,12,1456
2025-08-08,13,1360
2025-08-08,14,1388
2025-08-08,15,1397
2025-08-08,16,1358
2025-08-08,17,1506
2025-08-08,18,1212
2025-08-08,19,1012
2025-08-08,20,816
2025-08-08,21,670
2025-08-08,22,542
2025-08-08,23,461
2025-08-09,0,310
2025-08-09,1,164
2025-08-09,2,134
2025-08-09,3,97
2025-08-09,4,106
2025-08-09,5,113
2025-08-09,6,187
2025-08-09,7,258
2025-08-09,8,419
2025-08-09,9,658
2025-08-09,10,976
2025-08-09,11,1044
2025-08-09,12,1175
2025-08-09,13,1184
2025-08-09,14,1223
2025-08-09,15,1203
2025-08-09,16,1213
2025-08-09,17,1239
2025-08-09,18,1106
2025-08-09,19,986
2025-08-09,20,780
2025-08-09,21,729
2025-08-09,22,654
2025-08-09,23,561
2025-08-10,0,297
2025-08-10,1,182
2025-08-10,2,157
2025-08-10,3,108
2025-08-10,4,115
2025-08-10,5,181
2025-08-10,6,231
2025-08-10,7,328
2025-08-10,8,422
2025-08-10,9,692
2025-08-10,10,1008
2025-08-10,11,1142
2025-08-10,12,1055
2025-08-10,13,999
2025-08-10,14,1045
2025-08-10,15,1134
2025-08-10,16,1148
2025-08-10,17,1067
2025-08-10,18,962
2025-08-10,19,787
2025-08-10,20,690
2025-08-10,21,662
2025-08-10,22,613
2025-08-10,23,425
2025-08-11,0,229
2025-08-11,1,119
2025-08-11,2,68
2025-08-11,3,72
2025-08-11,4,148
2025-08-11,5,273
2025-08-11,6,453
2025-08-11,7,851
2025-08-11,8,1175
2025-08-11,9,1204
2025-08-11,10,1151
2025-08-11,11,1081
2025-08-11,12,1266
2025-08-11,13,1353
2025-08-11,14,1333
2025-08-11,15,1388
2025-08-11,16,1340
2025-08-11,17,1430
2025-08-11,18,1295
2025-08-11,19,969
2025-08-11,20,876
2025-08-11,21,851
2025-08-11,22,640
2025-08-11,23,490
2025-08-12,0,351
2025-08-12,1,218
2025-08-12,2,56
2025-08-12,3,44
2025-08-12,4,74
2025-08-12,5,142
2025-08-12,6,384
2025-08-12,7,926
2025-08-12,8,1396
2025-08-12,9,1373
2025-08-12,10,1151
2025-08-12,11,1214
2025-08-12,12,1180
2025-08-12,13,1229
2025-08-12,14,1307
2025-08-12,15,1570
2025-08-12,16,1534
2025-08-12,17,1509
2025-08-12,18,1406
2025-08-12,19,912
2025-08-12,20,766
2025-08-12,21,809
2025-08-12,22,724
2025-08-12,23,672
2025-08-13,0,544
2025-08-13,1,256
2025-08-13,2,74
2025-08-13,3,54
2025-08-13,4,93
2025-08-13,5,173
2025-08-13,6,352
2025-08-13,7,864
2025-08-13,8,1426
2025-08-13,9,1298
2025-08-13,10,1103
2025-08-13,11,1136
2025-08-13,12,1312
2025-08-13,13,1317
2025-08-13,14,1353
2025-08-13,15,1365
2025-08-13,16,1443
2025-08-13,17,1539
2025-08-13,18,1310
2025-08-13,19,1127
2025-08-13,20,963
2025-08-13,21,827
2025-08-13,22,636
2025-08-13,23,474
2025-08-14,0,282
2025-08-14,1,142
2025-08-14,2,75
2025-08-14,3,62
2025-08-14,4,96
2025-08-14,5,191
2025-08-14,6,380
2025-08-14,7,862
2025-08-14,8,1330
2025-08-14,9,1282
2025-08-14,10,1223
2025-08-14,11,1193
2025-08-14,12,1435
2025-08-14,13,1452
2025-08-14,14,1434
2025-08-14,15,1632
2025-08-14,16,1626
2025-08-14,17,1670
2025-08-14,18,1428
2025-08-14,19,1135
2025-08-14,20,1038
2025-08-14,21,922
2025-08-14,22,660
2025-08-14,23,441
2025-08-15,0,325
2025-08-15,1,171
2025-08-15,2,123
2025-08-15,3,77
2025-08-15,4,103
2025-08-15,5,175
2025-08-15,6,367
2025-08-15,7,645
2025-08-15,8,991
2025-08-15,9,1182
2025-08-15,10,1155
2025-08-15,11,1411
2025-08-15,12,1554
2025-08-15,13,1426
2025-08-15,14,1440
2025-08-15,15,1511
2025-08-15,16,1653
2025-08-15,17,1740
2025-08-15,18,1641
2025-08-15,19,1274
2025-08-15,20,920
2025-08-15,21,790
2025-08-15,22,677
2025-08-15,23,582
2025-08-16,0,390
2025-08-16,1,192
2025-08-16,2,119
2025-08-16,3,77
2025-08-16,4,87
2025-08-16,5,133
2025-08-16,6,189
2025-08-16,7,312
2025-08-16,8,461
2025-08-16,9,847
2025-08-16,10,1176
2025-08-16,11,1128
2025-08-16,12,1222
2025-08-16,13,1101
2025-08-16,14,1049
2025-08-16,15,1151
2025-08-16,16,1266
2025-08-16,17,1302
2025-08-16,18,1288
2025-08-16,19,1238
2025-08-16,20,846
2025-08-16,21,704
2025-08-16,22,721
2025-08-16,23,645
2025-08-17,0,626
2025-08-17,1,413
2025-08-17,2,262
2025-08-17,3,186
2025-08-17,4,201
2025-08-17,5,232
2025-08-17,6,319
2025-08-17,7,356
2025-08-17,8,530
2025-08-17,9,829
2025-08-17,10,1064
2025-08-17,11,1024
2025-08-17,12,1150
2025-08-17,13,1071
2025-08-17,14,1046
2025-08-17,15,1031
2025-08-17,16,1180
2025-08-17,17,1220
2025-08-17,18,1287
2025-08-17,19,951
2025-08-17,20,801
2025-08-17,21,770
2025-08-17,22,693
2025-08-17,23,527
2025-08-18,0,355
2025-08-18,1,190
2025-08-18,2,110
2025-08-18,3,67
2025-08-18,4,101
2025-08-18,5,241
2025-08-18,6,580
2025-08-18,7,1005
2025-08-18,8,1339
2025-08-18,9,1270
2025-08-18,10,1318
2025-08-18,11,1146
2025-08-18,12,1192
2025-08-18,13,1232
2025-08-18,14,1258
2025-08-18,15,1316
2025-08-18,16,1391
2025-08-18,17,1374
2025-08-18,18,1719
2025-08-18,19,1071
2025-08-18,20,851
2025-08-18,21,789
2025-08-18,22,588
2025-08-18,23,431
2025-08-19,0,453
2025-08-19,1,394
2025-08-19,2,387
2025-08-19,3,180
2025-08-19,4,111
2025-08-19,5,205
2025-08-19,6,485
2025-08-19,7,1088
2025-08-19,8,1533
2025-08-19,9,1528
2025-08-19,10,1254
2025-08-19,11,1233
2025-08-19,12,1335
2025-08-19,13,1324
2025-08-19,14,1274
2025-08-19,15,1393
2025-08-19,16,1510
2025-08-19,17,1590
2025-08-19,18,1285
2025-08-19,19,987
2025-08-19,20,897
2025-08-19,21,849
2025-08-19,22,730
2025-08-19,23,566
2025-08-20,0,189
2025-08-20,1,62
2025-08-20,2,34
2025-08-20,3,41
2025-08-20,4,94
2025-08-20,5,201
2025-08-20,6,455
2025-08-20,7,981
2025-08-20,8,1499
2025-08-20,9,1419
2025-08-20,10,1181
2025-08-20,11,1186
2025-08-20,12,1272
2025-08-20,13,1253
2025-08-20,14,1241
2025-08-20,15,1478
2025-08-20,16,1506
2025-08-20,17,1605
2025-08-20,18,1338
2025-08-20,19,1102
2025-08-20,20,920
2025-08-20,21,744
2025-08-20,22,689
2025-08-20,23,517
2025-08-21,0,214
2025-08-21,1,95
2025-08-21,2,53
2025-08-21,3,55
2025-08-21,4,99
2025-08-21,5,253
2025-08-21,6,433
2025-08-21,7,1002
2025-08-21,8,1347
2025-08-21,9,1248
2025-08-21,10,1122
2025-08-21,11,1272
2025-08-21,12,1343
2025-08-21,13,1322
2025-08-21,14,1339
2025-08-21,15,1452
2025-08-21,16,1526
2025-08-21,17,1539
2025-08-21,18,1288
2025-08-21,19,1032
2025-08-21,20,987
2025-08-21,21,780
2025-08-21,22,624
2025-08-21,23,424
2025-08-22,0,282
2025-08-22,1,121
2025-08-22,2,63
2025-08-22,3,52
2025-08-22,4,108
2025-08-22,5,223
2025-08-22,6,443
2025-08-22,7,736
2025-08-22,8,1009
2025-08-22,9,1006
2025-08-22,10,987
2025-08-22,11,1044
2025-08-22,12,1089
2025-08-22,13,1157
2025-08-22,14,1265
2025-08-22,15,1238
2025-08-22,16,1290
2025-08-22,17,1239
2025-08-22,18,1104
2025-08-22,19,896
2025-08-22,20,761
2025-08-22,21,665
2025-08-22,22,540
2025-08-22,23,402
2025-08-23,0,268
2025-08-23,1,140
2025-08-23,2,83
2025-08-23,3,60
2025-08-23,4,83
2025-08-23,5,107
2025-08-23,6,149
2025-08-23,7,227
2025-08-23,8,371
2025-08-23,9,599
2025-08-23,10,701
2025-08-23,11,836
2025-08-23,12,934
2025-08-23,13,959
2025-08-23,14,1047
2025-08-23,15,1050
2025-08-23,16,1013
2025-08-23,17,994
2025-08-23,18,926
2025-08-23,19,814
2025-08-23,20,710
2025-08-23,21,616
2025-08-23,22,446
2025-08-23,23,427
2025-08-24,0,252
2025-08-24,1,161
2025-08-24,2,107
2025-08-24,3,88
2025-08-24,4,110
2025-08-24,5,160
2025-08-24,6,237
2025-08-24,7,289
2025-08-24,8,438
2025-08-24,9,619
2025-08-24,10,838
2025-08-24,11,964
2025-08-24,12,1051
2025-08-24,13,1021
2025-08-24,14,976
2025-08-24,15,921
2025-08-24,16,892
2025-08-24,17,868
2025-08-24,18,802
2025-08-24,19,715
2025-08-24,20,718
2025-08-24,21,581
2025-08-24,22,486
2025-08-24,23,309
2025-08-25,0,199
2025-08-25,1,137
2025-08-25,2,59
2025-08-25,3,52
2025-08-25,4,80
2025-08-25,5,215
2025-08-25,6,409
2025-08-25,7,861
2025-08-25,8,1250
2025-08-25,9,1184
2025-08-25,10,1087
2025-08-25,11,1102
2025-08-25,12,1106
2025-08-25,13,1171
2025-08-25,14,1169
2025-08-25,15,1250
2025-08-25,16,1166
2025-08-25,17,1246
2025-08-25,18,982
2025-08-25,19,784
2025-08-25,20,724
2025-08-25,21,608
2025-08-25,22,438
2025-08-25,23,259
2025-08-26,0,139
2025-08-26,1,71
2025-08-26,2,41
2025-08-26,3,44
2025-08-26,4,60
2025-08-26,5,164
2025-08-26,6,394
2025-08-26,7,916
2025-08-26,8,1328
2025-08-26,9,1226
2025-08-26,10,1113
2025-08-26,11,1036
2025-08-26,12,1148
2025-08-26,13,1205
2025-08-26,14,1173
2025-08-26,15,1250
2025-08-26,16,1285
2025-08-26,17,1327
2025-08-26,18,1038
2025-08-26,19,886
2025-08-26,20,774
2025-08-26,21,598
2025-08-26,22,416
2025-08-26,23,287
2025-08-27,0,135
2025-08-27,1,65
2025-08-27,2,35
2025-08-27,3,40
2025-08-27,4,85
2025-08-27,5,172
2025-08-27,6,429
2025-08-27,7,983
2025-08-27,8,1349
2025-08-27,9,1284
2025-08-27,10,1130
2025-08-27,11,1176
2025-08-27,12,1240
2025-08-27,13,1252
2025-08-27,14,1287
2025-08-27,15,1325
2025-08-27,16,1439
2025-08-27,17,1493
2025-08-27,18,1307
2025-08-27,19,1097
2025-08-27,20,939
2025-08-27,21,685
2025-08-27,22,520
2025-08-27,23,373
2025-08-28,0,245
2025-08-28,1,102
2025-08-28,2,50
2025-08-28,3,49
2025-08-28,4,136
2025-08-28,5,236
2025-08-28,6,450
2025-08-28,7,987
2025-08-28,8,1330
2025-08-28,9,1224
2025-08-28,10,1208
2025-08-28,11,1253
2025-08-28,12,1267
2025-08-28,13,1391
2025-08-28,14,1427
2025-08-28,15,1608
2025-08-28,16,1738
2025-08-28,17,1709
2025-08-28,18,1553
2025-08-28,19,1266
2025-08-28,20,965
2025-08-28,21,826
2025-08-28,22,607
2025-08-28,23,713
2025-08-29,0,586
2025-08-29,1,256
2025-08-29,2,92
2025-08-29,3,99
2025-08-29,4,139
2025-08-29,5,273
2025-08-29,6,439
2025-08-29,7,733
2025-08-29,8,929
2025-08-29,9,1017
2025-08-29,10,1030
2025-08-29,11,1176
2025-08-29,12,1359
2025-08-29,13,1378
2025-08-29,14,1483
2025-08-29,15,1569
2025-08-29,16,1576
2025-08-29,17,1482
2025-08-29,18,1283
2025-08-29,19,1047
2025-08-29,20,869
2025-08-29,21,726
2025-08-29,22,668
2025-08-29,23,556
2025-08-30,0,441
2025-08-30,1,202
2025-08-30,2,127
2025-08-30,3,110
2025-08-30,4,125
2025-08-30,5,112
2025-08-30,6,196
2025-08-30,7,241
2025-08-30,8,361
2025-08-30,9,611
2025-08-30,10,840
2025-08-30,11,957
2025-08-30,12,968
2025-08-30,13,986
2025-08-30,14,1081
2025-08-30,15,1209
2025-08-30,16,1312
2025-08-30,17,1226
2025-08-30,18,1111
2025-08-30,19,945
2025-08-30,20,715
2025-08-30,21,611
2025-08-30,22,594
2025-08-30,23,525
2025-08-31,0,442
2025-08-31,1,198
2025-08-31,2,152
2025-08-31,3,117
2025-08-31,4,110
2025-08-31,5,107
2025-08-31,6,187
2025-08-31,7,239
2025-08-31,8,371
2025-08-31,9,560
2025-08-31,10,815
2025-08-31,11,909
2025-08-31,12,988
2025-08-31,13,960
2025-08-31,14,1061
2025-08-31,15,1217
2025-08-31,16,1184
2025-08-31,17,1158
2025-08-31,18,974
2025-08-31,19,819
2025-08-31,20,715
2025-08-31,21,596
2025-08-31,22,591
2025-08-31,23,485
2025-09-01,0,404
2025-09-01,1,176
2025-09-01,2,122
2025-09-01,3,117
2025-09-01,4,144
2025-09-01,5,188
2025-09-01,6,233
2025-09-01,7,248
2025-09-01,8,355
2025-09-01,9,469
2025-09-01,10,800
2025-09-01,11,1007
2025-09-01,12,1177
2025-09-01,13,1187
2025-09-01,14,1180
2025-09-01,15,1072
2025-09-01,16,961
2025-09-01,17,1046
2025-09-01,18,868
2025-09-01,19,785
2025-09-01,20,657
2025-09-01,21,617
2025-09-01,22,485
2025-09-01,23,489
2025-09-02,0,358
2025-09-02,1,140
2025-09-02,2,73
2025-09-02,3,61
2025-09-02,4,126
2025-09-02,5,241
2025-09-02,6,506
2025-09-02,7,1045
2025-09-02,8,1222
2025-09-02,9,1297
2025-09-02,10,1069
2025-09-02,11,1067
2025-09-02,12,1195
2025-09-02,13,1224
2025-09-02,14,1283
2025-09-02,15,1373
2025-09-02,16,1231
2025-09-02,17,1303
2025-09-02,18,1049
2025-09-02,19,842
2025-09-02,20,758
2025-09-02,21,588
2025-09-02,22,472
2025-09-02,23,291
2025-09-03,0,166
2025-09-03,1,63
2025-09-03,2,30
2025-09-03,3,36
2025-09-03,4,80
2025-09-03,5,172
2025-09-03,6,384
2025-09-03,7,840
2025-09-03,8,1307
2025-09-03,9,1293
2025-09-03,10,1151
2025-09-03,11,1160
2025-09-03,12,1290
2025-09-03,13,1259
2025-09-03,14,1240
2025-09-03,15,1330
2025-09-03,16,1434
2025-09-03,17,1521
2025-09-03,18,1260
2025-09-03,19,920
2025-09-03,20,796
2025-09-03,21,678
2025-09-03,22,500
2025-09-03,23,324
2025-09-04,0,179
2025-09-04,1,83
2025-09-04,2,52
2025-09-04,3,60
2025-09-04,4,94
2025-09-04,5,170
2025-09-04,6,389
2025-09-04,7,881
2025-09-04,8,1390
2025-09-04,9,1339
2025-09-04,10,1143
2025-09-04,11,1133
2025-09-04,12,1193
2025-09-04,13,1224
2025-09-04,14,1248
2025-09-04,15,1346
2025-09-04,16,1432
2025-09-04,17,1463
2025-09-04,18,1337
2025-09-04,19,1067
2025-09-04,20,881
2025-09-04,21,695
2025-09-04,22,480
2025-09-04,23,370
2025-09-05,0,252
2025-09-05,1,122
2025-09-05,2,59
2025-09-05,3,87
2025-09-05,4,106
2025-09-05,5,179
2025-09-05,6,411
2025-09-05,7,794
2025-09-05,8,1050
2025-09-05,9,1031
2025-09-05,10,1059
2025-09-05,11,1141
2025-09-05,12,1339
2025-09-05,13,1264
2025-09-05,14,1339
2025-09-05,15,1347
2025-09-05,16,1428
2025-09-05,17,1560
2025-09-05,18,1398
2025-09-05,19,1125
2025-09-05,20,853
2025-09-05,21,752
2025-09-05,22,561
2025-09-05,23,435
2025-09-06,0,268
2025-09-06,1,154
2025-09-06,2,110
2025-09-06,3,79
2025-09-06,4,68
2025-09-06,5,106
2025-09-06,6,237
2025-09-06,7,324
2025-09-06,8,473
2025-09-06,9,644
2025-09-06,10,855
2025-09-06,11,920
2025-09-06,12,1058
2025-09-06,13,1074
2025-09-06,14,1132
2025-09-06,15,1116
2025-09-06,16,1085
2025-09-06,17,1116
2025-09-06,18,1040
2025-09-06,19,980
2025-09-06,20,815
2025-09-06,21,679
2025-09-06,22,617
2025-09-06,23,430
2025-09-07,0,290
2025-09-07,1,173
2025-09-07,2,125
2025-09-07,3,71
2025-09-07,4,102
2025-09-07,5,131
2025-09-07,6,210
2025-09-07,7,291
2025-09-07,8,496
2025-09-07,9,727
2025-09-07,10,949
2025-09-07,11,1039
2025-09-07,12,1196
2025-09-07,13,1191
2025-09-07,14,1148
2025-09-07,15,1178
2025-09-07,16,1197
2025-09-07,17,1244
2025-09-07,18,1104
2025-09-07,19,898
2025-09-07,20,934
2025-09-07,21,726
2025-09-07,22,628
2025-09-07,23,394
2025-09-08,0,257
2025-09-08,1,136
2025-09-08,2,72
2025-09-08,3,55
2025-09-08,4,110
2025-09-08,5,250
2025-09-08,6,520
2025-09-08,7,1027
2025-09-08,8,1485
2025-09-08,9,1451
2025-09-08,10,1234
2025-09-08,11,1215
2025-09-08,12,1306
2025-09-08,13,1385
2025-09-08,14,1440
2025-09-08,15,1588
2025-09-08,16,1621
2025-09-08,17,1738
2025-09-08,18,1435
2025-09-08,19,1059
2025-09-08,20,810
2025-09-08,21,733
2025-09-08,22,680
2025-09-08,23,619
2025-09-09,0,281
2025-09-09,1,98
2025-09-09,2,60
2025-09-09,3,45
2025-09-09,4,86
2025-09-09,5,174
2025-09-09,6,467
2025-09-09,7,1165
2025-09-09,8,1642
2025-09-09,9,1650
2025-09-09,10,1300
2025-09-09,11,1284
2025-09-09,12,1407
2025-09-09,13,1381
2025-09-09,14,1469
2025-09-09,15,1618
2025-09-09,16,1637
2025-09-09,17,1723
2025-09-09,18,1480
2025-09-09,19,1226
2025-09-09,20,1027
2025-09-09,21,759
2025-09-09,22,533
2025-09-09,23,323
2025-09-10,0,166
2025-09-10,1,71
2025-09-10,2,46
2025-09-10,3,44
2025-09-10,4,104
2025-09-10,5,200
2025-09-10,6,440
2025-09-10,7,1107
2025-09-10,8,1659
2025-09-10,9,1664
2025-09-10,10,1396
2025-09-10,11,1406
2025-09-10,12,1573
2025-09-10,13,1491
2025-09-10,14,1584
2025-09-10,15,1679
2025-09-10,16,1715
2025-09-10,17,1731
2025-09-10,18,1566
2025-09-10,19,1301
2025-09-10,20,1159
2025-09-10,21,876
2025-09-10,22,627
2025-09-10,23,315
2025-09-11,0,190
2025-09-11,1,87
2025-09-11,2,39
2025-09-11,3,42
2025-09-11,4,112
2025-09-11,5,241
2025-09-11,6,517
2025-09-11,7,1034
2025-09-11,8,1475
2025-09-11,9,1503
2025-09-11,10,1256
2025-09-11,11,1379
2025-09-11,12,1571
2025-09-11,13,1612
2025-09-11,14,1724
2025-09-11,15,1715
2025-09-11,16,1661
2025-09-11,17,1578
2025-09-11,18,1511
2025-09-11,19,1300
2025-09-11,20,1054
2025-09-11,21,880
2025-09-11,22,682
2025-09-11,23,387
2025-09-12,0,283
2025-09-12,1,149
2025-09-12,2,67
2025-09-12,3,62
2025-09-12,4,105
2025-09-12,5,240
2025-09-12,6,503
2025-09-12,7,907
2025-09-12,8,1223
2025-09-12,9,1225
2025-09-12,10,1150
2025-09-12,11,1435
2025-09-12,12,1491
2025-09-12,13,1383
2025-09-12,14,1432
2025-09-12,15,1567
2025-09-12,16,1563
2025-09-12,17,1582
2025-09-12,18,1470
2025-09-12,19,1224
2025-09-12,20,915
2025-09-12,21,716
2025-09-12,22,658
2025-09-12,23,491
2025-09-13,0,285
2025-09-13,1,187
2025-09-13,2,142
2025-09-13,3,70
2025-09-13,4,86
2025-09-13,5,102
2025-09-13,6,163
2025-09-13,7,333
2025-09-13,8,578
2025-09-13,9,712
2025-09-13,10,826
2025-09-13,11,1017
2025-09-13,12,1113
2025-09-13,13,1014
2025-09-13,14,1067
2025-09-13,15,1147
2025-09-13,16,1215
2025-09-13,17,1223
2025-09-13,18,1118
2025-09-13,19,993
2025-09-13,20,747
2025-09-13,21,610
2025-09-13,22,552
2025-09-13,23,450
2025-09-14,0,265
2025-09-14,1,247
2025-09-14,2,132
2025-09-14,3,96
2025-09-14,4,115
2025-09-14,5,186
2025-09-14,6,266
2025-09-14,7,323
2025-09-14,8,521
2025-09-14,9,804
2025-09-14,10,1035
2025-09-14,11,1214
2025-09-14,12,1183
2025-09-14,13,1180
2025-09-14,14,1109
2025-09-14,15,1166
2025-09-14,16,1173
2025-09-14,17,1055
2025-09-14,18,1101
2025-09-14,19,931
2025-09-14,20,797
2025-09-14,21,686
2025-09-14,22,576
2025-09-14,23,338
2025-09-15,0,215
2025-09-15,1,120
2025-09-15,2,35
2025-09-15,3,45
2025-09-15,4,111
2025-09-15,5,278
2025-09-15,6,476
2025-09-15,7,953
2025-09-15,8,1426
2025-09-15,9,1353
2025-09-15,10,1330
2025-09-15,11,1263
2025-09-15,12,1333
2025-09-15,13,1387
2025-09-15,14,1547
2025-09-15,15,1604
2025-09-15,16,1517
2025-09-15,17,1505
2025-09-15,18,1310
2025-09-15,19,1097
2025-09-15,20,826
2025-09-15,21,689
2025-09-15,22,573
2025-09-15,23,387
2025-09-16,0,284
2025-09-16,1,108
2025-09-16,2,50
2025-09-16,3,44
2025-09-16,4,92
2025-09-16,5,177
2025-09-16,6,461
2025-09-16,7,1136
2025-09-16,8,1633
2025-09-16,9,1504
2025-09-16,10,1252
2025-09-16,11,1239
2025-09-16,12,1341
2025-09-16,13,1383
2025-09-16,14,1325
2025-09-16,15,1477
2025-09-16,16,1572
2025-09-16,17,1587
2025-09-16,18,1368
2025-09-16,19,1168
2025-09-16,20,992
2025-09-16,21,796
2025-09-16,22,550
2025-09-16,23,282
2025-09-17,0,185
2025-09-17,1,75
2025-09-17,2,43
2025-09-17,3,45
2025-09-17,4,100
2025-09-17,5,184
2025-09-17,6,466
2025-09-17,7,1100
2025-09-17,8,1696
2025-09-17,9,1649
2025-09-17,10,1335
2025-09-17,11,1322
2025-09-17,12,1432
2025-09-17,13,1570
2025-09-17,14,1583
2025-09-17,15,1740
2025-09-17,16,1692
2025-09-17,17,1772
2025-09-17,18,1600
2025-09-17,19,1432
2025-09-17,20,1263
2025-09-17,21,1083
2025-09-17,22,738
2025-09-17,23,474
2025-09-18,0,297
2025-09-18,1,113
2025-09-18,2,52
2025-09-18,3,52
2025-09-18,4,112
2025-09-18,5,232
2025-09-18,6,563
2025-09-18,7,1116
2025-09-18,8,1550
2025-09-18,9,1524
2025-09-18,10,1353
2025-09-18,11,1415
2025-09-18,12,1547
2025-09-18,13,1697
2025-09-18,14,1665
2025-09-18,15,1833
2025-09-18,16,1746
2025-09-18,17,1945
2025-09-18,18,1829
2025-09-18,19,1584
2025-09-18,20,1273
2025-09-18,21,1162
2025-09-18,22,924
2025-09-18,23,646
2025-09-19,0,422
2025-09-19,1,186
2025-09-19,2,75
2025-09-19,3,83
2025-09-19,4,139
2025-09-19,5,293
2025-09-19,6,526
2025-09-19,7,986
2025-09-19,8,1317
2025-09-19,9,1342
2025-09-19,10,1335
2025-09-19,11,1533
2025-09-19,12,1690
2025-09-19,13,1674
2025-09-19,14,1753
2025-09-19,15,1794
2025-09-19,16,1601
2025-09-19,17,1756
2025-09-19,18,1609
2025-09-19,19,1358
2025-09-19,20,1088
2025-09-19,21,1048
2025-09-19,22,935
2025-09-19,23,744
2025-09-20,0,421
2025-09-20,1,217
2025-09-20,2,126
2025-09-20,3,108
2025-09-20,4,122
2025-09-20,5,140
2025-09-20,6,257
2025-09-20,7,413
2025-09-20,8,566
2025-09-20,9,733
2025-09-20,10,946
2025-09-20,11,1078
2025-09-20,12,1249
2025-09-20,13,1306
2025-09-20,14,1370
2025-09-20,15,1250
2025-09-20,16,1276
2025-09-20,17,1380
2025-09-20,18,1389
2025-09-20,19,1123
2025-09-20,20,813
2025-09-20,21,770
2025-09-20,22,843
2025-09-20,23,648
2025-09-21,0,330
2025-09-21,1,218
2025-09-21,2,141
2025-09-21,3,119
2025-09-21,4,127
2025-09-21,5,157
2025-09-21,6,267
2025-09-21,7,380
2025-09-21,8,510
2025-09-21,9,768
2025-09-21,10,1072
2025-09-21,11,1266
2025-09-21,12,1378
2025-09-21,13,1371
2025-09-21,14,1346
2025-09-21,15,1251
2025-09-21,16,1069
2025-09-21,17,1062
2025-09-21,18,1035
2025-09-21,19,1067
2025-09-21,20,868
2025-09-21,21,785
2025-09-21,22,777
2025-09-21,23,492
2025-09-22,0,266
2025-09-22,1,139
2025-09-22,2,56
2025-09-22,3,60
2025-09-22,4,139
2025-09-22,5,272
2025-09-22,6,485
2025-09-22,7,974
2025-09-22,8,1257
2025-09-22,9,1355
2025-09-22,10,1187
2025-09-22,11,1098
2025-09-22,12,1264
2025-09-22,13,1215
2025-09-22,14,1339
2025-09-22,15,1430
2025-09-22,16,1485
2025-09-22,17,1464
2025-09-22,18,1285
2025-09-22,19,989
2025-09-22,20,847
2025-09-22,21,637
2025-09-22,22,484
2025-09-22,23,319
2025-09-23,0,200
2025-09-23,1,118
2025-09-23,2,45
2025-09-23,3,47
2025-09-23,4,89
2025-09-23,5,173
2025-09-23,6,371
2025-09-23,7,939
2025-09-23,8,1449
2025-09-23,9,1431
2025-09-23,10,1283
2025-09-23,11,1221
2025-09-23,12,1203
2025-09-23,13,1285
2025-09-23,14,1305
2025-09-23,15,1361
2025-09-23,16,1455
2025-09-23,17,1576
2025-09-23,18,1342
2025-09-23,19,1006
2025-09-23,20,878
2025-09-23,21,780
2025-09-23,22,586
2025-09-23,23,352
2025-09-24,0,149
2025-09-24,1,85
2025-09-24,2,45
2025-09-24,3,48
2025-09-24,4,92
2025-09-24,5,183
2025-09-24,6,470
2025-09-24,7,1131
2025-09-24,8,1588
2025-09-24,9,1514
2025-09-24,10,1276
2025-09-24,11,1319
2025-09-24,12,1333
2025-09-24,13,1418
2025-09-24,14,1564
2025-09-24,15,1630
2025-09-24,16,1633
2025-09-24,17,1700
2025-09-24,18,1458
2025-09-24,19,1274
2025-09-24,20,1132
2025-09-24,21,904
2025-09-24,22,692
2025-09-24,23,427
2025-09-25,0,201
2025-09-25,1,84
2025-09-25,2,50
2025-09-25,3,61
2025-09-25,4,108
2025-09-25,5,244
2025-09-25,6,595
2025-09-25,7,1128
2025-09-25,8,1589
2025-09-25,9,1559
2025-09-25,10,1299
2025-09-25,11,1300
2025-09-25,12,1430
2025-09-25,13,1549
2025-09-25,14,1693
2025-09-25,15,1904
2025-09-25,16,1752
2025-09-25,17,1921
2025-09-25,18,1648
2025-09-25,19,1455
2025-09-25,20,1239
2025-09-25,21,1113
2025-09-25,22,985
2025-09-25,23,608
2025-09-26,0,327
2025-09-26,1,158
2025-09-26,2,66
2025-09-26,3,70
2025-09-26,4,134
2025-09-26,5,272
2025-09-26,6,480
2025-09-26,7,856
2025-09-26,8,1084
2025-09-26,9,1269
2025-09-26,10,1220
2025-09-26,11,1448
2025-09-26,12,1622
2025-09-26,13,1536
2025-09-26,14,1538
2025-09-26,15,1577
2025-09-26,16,1573
2025-09-26,17,1726
2025-09-26,18,1732
2025-09-26,19,1459
2025-09-26,20,1023
2025-09-26,21,835
2025-09-26,22,655
2025-09-26,23,514
2025-09-27,0,318
2025-09-27,1,201
2025-09-27,2,156
2025-09-27,3,91
2025-09-27,4,90
2025-09-27,5,127
2025-09-27,6,202
2025-09-27,7,319
2025-09-27,8,532
2025-09-27,9,820
2025-09-27,10,1024
2025-09-27,11,1148
2025-09-27,12,1313
2025-09-27,13,1277
2025-09-27,14,1305
2025-09-27,15,1303
2025-09-27,16,1285
2025-09-27,17,1481
2025-09-27,18,1329
2025-09-27,19,1135
2025-09-27,20,880
2025-09-27,21,769
2025-09-27,22,753
2025-09-27,23,494
2025-09-28,0,302
2025-09-28,1,228
2025-09-28,2,181
2025-09-28,3,108
2025-09-28,4,147
2025-09-28,5,233
2025-09-28,6,306
2025-09-28,7,404
2025-09-28,8,609
2025-09-28,9,846
2025-09-28,10,1117
2025-09-28,11,1230
2025-09-28,12,1270
2025-09-28,13,1362
2025-09-28,14,1363
2025-09-28,15,1312
2025-09-28,16,1276
2025-09-28,17,1367
2025-09-28,18,1232
2025-09-28,19,1043
2025-09-28,20,927
2025-09-28,21,884
2025-09-28,22,609
2025-09-28,23,430
2025-09-29,0,314
2025-09-29,1,118
2025-09-29,2,60
2025-09-29,3,56
2025-09-29,4,102
2025-09-29,5,241
2025-09-29,6,495
2025-09-29,7,1029
2025-09-29,8,1461
2025-09-29,9,1509
2025-09-29,10,1395
2025-09-29,11,1270
2025-09-29,12,1406
2025-09-29,13,1517
2025-09-29,14,1506
2025-09-29,15,1652
2025-09-29,16,1645
2025-09-29,17,1739
2025-09-29,18,1527
2025-09-29,19,1270
2025-09-29,20,931
2025-09-29,21,844
2025-09-29,22,637
2025-09-29,23,373
2025-09-30,0,232
2025-09-30,1,97
2025-09-30,2,57
2025-09-30,3,45
2025-09-30,4,89
2025-09-30,5,184
2025-09-30,6,430
2025-09-30,7,1058
2025-09-30,8,1668
2025-09-30,9,1618
2025-09-30,10,1348
2025-09-30,11,1415
2025-09-30,12,1594
2025-09-30,13,1736
2025-09-30,14,1678
2025-09-30,15,1666
2025-09-30,16,1677
2025-09-30,17,1803
2025-09-30,18,1786
2025-09-30,19,1470
2025-09-30,20,1125
2025-09-30,21,965
2025-09-30,22,682
2025-09-30,23,392
2025-10-01,0,225
2025-10-01,1,76
2025-10-01,2,39
2025-10-01,3,37
2025-10-01,4,98
2025-10-01,5,202
2025-10-01,6,547
2025-10-01,7,1106
2025-10-01,8,1583
2025-10-01,9,1579
2025-10-01,10,1333
2025-10-01,11,1502
2025-10-01,12,1822
2025-10-01,13,1824
2025-10-01,14,1708
2025-10-01,15,1715
2025-10-01,16,1661
2025-10-01,17,1720
2025-10-01,18,1575
2025-10-01,19,1314
2025-10-01,20,975
2025-10-01,21,766
2025-10-01,22,509
2025-10-01,23,295
2025-10-02,0,167
2025-10-02,1,70
2025-10-02,2,34
2025-10-02,3,40
2025-10-02,4,104
2025-10-02,5,210
2025-10-02,6,458
2025-10-02,7,990
2025-10-02,8,1366
2025-10-02,9,1267
2025-10-02,10,1116
2025-10-02,11,1079
2025-10-02,12,1154
2025-10-02,13,1422
2025-10-02,14,1558
2025-10-02,15,1723
2025-10-02,16,1552
2025-10-02,17,1590
2025-10-02,18,1346
2025-10-02,19,1250
2025-10-02,20,1091
2025-10-02,21,855
2025-10-02,22,667
2025-10-02,23,429
2025-10-03,0,240
2025-10-03,1,106
2025-10-03,2,59
2025-10-03,3,35
2025-10-03,4,93
2025-10-03,5,214
2025-10-03,6,404
2025-10-03,7,863
2025-10-03,8,1126
2025-10-03,9,1132
2025-10-03,10,1180
2025-10-03,11,1263
2025-10-03,12,1437
2025-10-03,13,1516
2025-10-03,14,1542
2025-10-03,15,1571
2025-10-03,16,1477
2025-10-03,17,1576
2025-10-03,18,1532
2025-10-03,19,1206
2025-10-03,20,900
2025-10-03,21,819
2025-10-03,22,674
2025-10-03,23,399
2025-10-04,0,294
2025-10-04,1,188
2025-10-04,2,114
2025-10-04,3,104
2025-10-04,4,65
2025-10-04,5,104
2025-10-04,6,170
2025-10-04,7,337
2025-10-04,8,493
2025-10-04,9,770
2025-10-04,10,1072
2025-10-04,11,1132
2025-10-04,12,1340
2025-10-04,13,1272
2025-10-04,14,1353
2025-10-04,15,1305
2025-10-04,16,1290
2025-10-04,17,1272
2025-10-04,18,1145
2025-10-04,19,1011
2025-10-04,20,807
2025-10-04,21,720
2025-10-04,22,617
2025-10-04,23,473
2025-10-05,0,375
2025-10-05,1,203
2025-10-05,2,146
2025-10-05,3,90
2025-10-05,4,111
2025-10-05,5,149
2025-10-05,6,218
2025-10-05,7,320
2025-10-05,8,478
2025-10-05,9,725
2025-10-05,10,928
2025-10-05,11,940
2025-10-05,12,1092
2025-10-05,13,1127
2025-10-05,14,1216
2025-10-05,15,1163
2025-10-05,16,1053
2025-10-05,17,1151
2025-10-05,18,1092
2025-10-05,19,1000
2025-10-05,20,855
2025-10-05,21,702
2025-10-05,22,585
2025-10-05,23,343
2025-10-06,0,204
2025-10-06,1,102
2025-10-06,2,49
2025-10-06,3,42
2025-10-06,4,100
2025-10-06,5,240
2025-10-06,6,488
2025-10-06,7,984
2025-10-06,8,1406
2025-10-06,9,1346
2025-10-06,10,1176
2025-10-06,11,1153
2025-10-06,12,1187
2025-10-06,13,1249
2025-10-06,14,1300
2025-10-06,15,1424
2025-10-06,16,1451
2025-10-06,17,1580
2025-10-06,18,1463
2025-10-06,19,1139
2025-10-06,20,880
2025-10-06,21,738
2025-10-06,22,618
2025-10-06,23,524
2025-10-07,0,297
2025-10-07,1,130
2025-10-07,2,59
2025-10-07,3,44
2025-10-07,4,86
2025-10-07,5,194
2025-10-07,6,573
2025-10-07,7,1245
2025-10-07,8,1623
2025-10-07,9,1717
2025-10-07,10,1451
2025-10-07,11,1238
2025-10-07,12,1349
2025-10-07,13,1337
2025-10-07,14,1357
2025-10-07,15,1406
2025-10-07,16,1483
2025-10-07,17,1548
2025-10-07,18,1338
2025-10-07,19,1023
2025-10-07,20,887
2025-10-07,21,829
2025-10-07,22,623
2025-10-07,23,302
2025-10-08,0,165
2025-10-08,1,55
2025-10-08,2,35
2025-10-08,3,41
2025-10-08,4,94
2025-10-08,5,186
2025-10-08,6,412
2025-10-08,7,1014
2025-10-08,8,1540
2025-10-08,9,1548
2025-10-08,10,1248
2025-10-08,11,1204
2025-10-08,12,1277
2025-10-08,13,1393
2025-10-08,14,1553
2025-10-08,15,1681
2025-10-08,16,1661
2025-10-08,17,1694
2025-10-08,18,1434
2025-10-08,19,1417
2025-10-08,20,1263
2025-10-08,21,1053
2025-10-08,22,656
2025-10-08,23,493
2025-10-09,0,257
2025-10-09,1,146
2025-10-09,2,52
2025-10-09,3,56
2025-10-09,4,106
2025-10-09,5,229
2025-10-09,6,466
2025-10-09,7,1016
2025-10-09,8,1556
2025-10-09,9,1525
2025-10-09,10,1212
2025-10-09,11,1252
2025-10-09,12,1389
2025-10-09,13,1529
2025-10-09,14,1678
2025-10-09,15,1795
2025-10-09,16,1816
2025-10-09,17,1897
2025-10-09,18,1761
2025-10-09,19,1470
2025-10-09,20,1198
2025-10-09,21,1028
2025-10-09,22,826
2025-10-09,23,564
2025-10-10,0,517
2025-10-10,1,271
2025-10-10,2,100
2025-10-10,3,61
2025-10-10,4,88
2025-10-10,5,220
2025-10-10,6,477
2025-10-10,7,877
2025-10-10,8,1229
2025-10-10,9,1314
2025-10-10,10,1255
2025-10-10,11,1498
2025-10-10,12,1715
2025-10-10,13,1684
2025-10-10,14,1843
2025-10-10,15,1837
2025-10-10,16,1638
2025-10-10,17,1812
2025-10-10,18,1707
2025-10-10,19,1462
2025-10-10,20,943
2025-10-10,21,855
2025-10-10,22,642
2025-10-10,23,515
2025-10-11,0,384
2025-10-11,1,226
2025-10-11,2,154
2025-10-11,3,72
2025-10-11,4,77
2025-10-11,5,109
2025-10-11,6,193
2025-10-11,7,294
2025-10-11,8,466
2025-10-11,9,863
2025-10-11,10,1143
2025-10-11,11,1196
2025-10-11,12,1183
2025-10-11,13,1236
2025-10-11,14,1383
2025-10-11,15,1342
2025-10-11,16,1287
2025-10-11,17,1281
2025-10-11,18,1193
2025-10-11,19,1017
2025-10-11,20,731
2025-10-11,21,623
2025-10-11,22,635
2025-10-11,23,407
2025-10-12,0,264
2025-10-12,1,199
2025-10-12,2,135
2025-10-12,3,91
2025-10-12,4,111
2025-10-12,5,211
2025-10-12,6,227
2025-10-12,7,277
2025-10-12,8,388
2025-10-12,9,470
2025-10-12,10,625
2025-10-12,11,675
2025-10-12,12,843
2025-10-12,13,957
2025-10-12,14,1074
2025-10-12,15,1262
2025-10-12,16,1284
2025-10-12,17,1379
2025-10-12,18,1178
2025-10-12,19,967
2025-10-12,20,862
2025-10-12,21,727
2025-10-12,22,505
2025-10-12,23,296
2025-10-13,0,236
2025-10-13,1,111
2025-10-13,2,85
2025-10-13,3,77
2025-10-13,4,179
2025-10-13,5,358
2025-10-13,6,491
2025-10-13,7,741
2025-10-13,8,1010
2025-10-13,9,1099
2025-10-13,10,1167
2025-10-13,11,1316
2025-10-13,12,1467
2025-10-13,13,1542
2025-10-13,14,1460
2025-10-13,15,1475
2025-10-13,16,1476
2025-10-13,17,1455
2025-10-13,18,1220
2025-10-13,19,1031
2025-10-13,20,744
2025-10-13,21,700
2025-10-13,22,597
2025-10-13,23,333
2025-10-14,0,259
2025-10-14,1,168
2025-10-14,2,67
2025-10-14,3,47
2025-10-14,4,94
2025-10-14,5,220
2025-10-14,6,522
2025-10-14,7,1074
2025-10-14,8,1632
2025-10-14,9,1517
2025-10-14,10,1375
2025-10-14,11,1294
2025-10-14,12,1400
2025-10-14,13,1509
2025-10-14,14,1606
2025-10-14,15,1616
2025-10-14,16,1678
2025-10-14,17,1740
2025-10-14,18,1637
2025-10-14,19,1301
2025-10-14,20,987
2025-10-14,21,832
2025-10-14,22,552
2025-10-14,23,370
2025-10-15,0,222
2025-10-15,1,86
2025-10-15,2,51
2025-10-15,3,49
2025-10-15,4,89
2025-10-15,5,199
2025-10-15,6,490
2025-10-15,7,1060
2025-10-15,8,1515
2025-10-15,9,1725
2025-10-15,10,1595
2025-10-15,11,1493
2025-10-15,12,1341
2025-10-15,13,1307
2025-10-15,14,1370
2025-10-15,15,1479
2025-10-15,16,1540
2025-10-15,17,1730
2025-10-15,18,1556
2025-10-15,19,1355
2025-10-15,20,995
2025-10-15,21,992
2025-10-15,22,748
2025-10-15,23,392
2025-10-16,0,262
2025-10-16,1,102
2025-10-16,2,51
2025-10-16,3,40
2025-10-16,4,90
2025-10-16,5,208
2025-10-16,6,512
2025-10-16,7,1026
2025-10-16,8,1516
2025-10-16,9,1533
2025-10-16,10,1270
2025-10-16,11,1368
2025-10-16,12,1462
2025-10-16,13,1632
2025-10-16,14,1742
2025-10-16,15,1801
2025-10-16,16,1653
2025-10-16,17,1638
2025-10-16,18,1641
2025-10-16,19,1428
2025-10-16,20,1125
2025-10-16,21,1004
2025-10-16,22,848
2025-10-16,23,511
2025-10-17,0,318
2025-10-17,1,157
2025-10-17,2,76
2025-10-17,3,76
2025-10-17,4,141
2025-10-17,5,318
2025-10-17,6,567
2025-10-17,7,929
2025-10-17,8,1264
2025-10-17,9,1217
2025-10-17,10,1191
2025-10-17,11,1443
2025-10-17,12,1586
2025-10-17,13,1631
2025-10-17,14,1664
2025-10-17,15,1657
2025-10-17,16,1485
2025-10-17,17,1581
2025-10-17,18,1589
2025-10-17,19,1264
2025-10-17,20,937
2025-10-17,21,809
2025-10-17,22,835
2025-10-17,23,558
2025-10-18,0,371
2025-10-18,1,195
2025-10-18,2,140
2025-10-18,3,105
2025-10-18,4,95
2025-10-18,5,130
2025-10-18,6,209
2025-10-18,7,275
2025-10-18,8,380
2025-10-18,9,652
2025-10-18,10,999
2025-10-18,11,1118
2025-10-18,12,1061
2025-10-18,13,983
2025-10-18,14,1067
2025-10-18,15,1131
2025-10-18,16,1073
2025-10-18,17,1022
2025-10-18,18,1035
2025-10-18,19,935
2025-10-18,20,816
2025-10-18,21,846
2025-10-18,22,822
2025-10-18,23,552
2025-10-19,0,487
2025-10-19,1,329
2025-10-19,2,161
2025-10-19,3,101
2025-10-19,4,114
2025-10-19,5,196
2025-10-19,6,232
2025-10-19,7,299
2025-10-19,8,578
2025-10-19,9,901
2025-10-19,10,1200
2025-10-19,11,1222
2025-10-19,12,1072
2025-10-19,13,903
2025-10-19,14,1066
2025-10-19,15,1225
2025-10-19,16,1194
2025-10-19,17,1181
2025-10-19,18,940
2025-10-19,19,890
2025-10-19,20,749
2025-10-19,21,732
2025-10-19,22,464
2025-10-19,23,331
2025-10-20,0,357
2025-10-20,1,249
2025-10-20,2,99
2025-10-20,3,76
2025-10-20,4,126
2025-10-20,5,281
2025-10-20,6,469
2025-10-20,7,907
2025-10-20,8,1231
2025-10-20,9,1285
2025-10-20,10,1124
2025-10-20,11,1059
2025-10-20,12,1004
2025-10-20,13,1099
2025-10-20,14,1051
2025-10-20,15,1116
2025-10-20,16,1131
2025-10-20,17,1127
2025-10-20,18,1083
2025-10-20,19,985
2025-10-20,20,844
2025-10-20,21,770
2025-10-20,22,515
2025-10-20,23,328
2025-10-21,0,197
2025-10-21,1,121
2025-10-21,2,52
2025-10-21,3,32
2025-10-21,4,56
2025-10-21,5,162
2025-10-21,6,430
2025-10-21,7,1014
2025-10-21,8,1540
2025-10-21,9,1441
2025-10-21,10,1200
2025-10-21,11,1145
2025-10-21,12,1192
2025-10-21,13,1357
2025-10-21,14,1472
2025-10-21,15,1730
2025-10-21,16,1771
2025-10-21,17,1741
2025-10-21,18,1623
2025-10-21,19,1362
2025-10-21,20,928
2025-10-21,21,770
2025-10-21,22,510
2025-10-21,23,345
2025-10-22,0,140
2025-10-22,1,45
2025-10-22,2,40
2025-10-22,3,38
2025-10-22,4,67
2025-10-22,5,159
2025-10-22,6,427
2025-10-22,7,1056
2025-10-22,8,1536
2025-10-22,9,1566
2025-10-22,10,1207
2025-10-22,11,1221
2025-10-22,12,1325
2025-10-22,13,1370
2025-10-22,14,1516
2025-10-22,15,1573
2025-10-22,16,1540
2025-10-22,17,1664
2025-10-22,18,1499
2025-10-22,19,1219
2025-10-22,20,923
2025-10-22,21,857
2025-10-22,22,642
2025-10-22,23,299
2025-10-23,0,200
2025-10-23,1,75
2025-10-23,2,35
2025-10-23,3,36
2025-10-23,4,83
2025-10-23,5,208
2025-10-23,6,427
2025-10-23,7,1028
2025-10-23,8,1486
2025-10-23,9,1423
2025-10-23,10,1134
2025-10-23,11,1255
2025-10-23,12,1360
2025-10-23,13,1380
2025-10-23,14,1396
2025-10-23,15,1641
2025-10-23,16,1653
2025-10-23,17,1776
2025-10-23,18,1618
2025-10-23,19,1327
2025-10-23,20,1044
2025-10-23,21,938
2025-10-23,22,791
2025-10-23,23,400
2025-10-24,0,251
2025-10-24,1,122
2025-10-24,2,68
2025-10-24,3,62
2025-10-24,4,91
2025-10-24,5,227
2025-10-24,6,440
2025-10-24,7,843
2025-10-24,8,1125
2025-10-24,9,1112
2025-10-24,10,1091
2025-10-24,11,1144
2025-10-24,12,1225
2025-10-24,13,1471
2025-10-24,14,1529
2025-10-24,15,1640
2025-10-24,16,1589
2025-10-24,17,1679
2025-10-24,18,1714
2025-10-24,19,1424
2025-10-24,20,953
2025-10-24,21,787
2025-10-24,22,745
2025-10-24,23,467
2025-10-25,0,285
2025-10-25,1,193
2025-10-25,2,129
2025-10-25,3,92
2025-10-25,4,80
2025-10-25,5,112
2025-10-25,6,189
2025-10-25,7,355
2025-10-25,8,430
2025-10-25,9,621
2025-10-25,10,802
2025-10-25,11,878
2025-10-25,12,972
2025-10-25,13,1031
2025-10-25,14,1227
2025-10-25,15,1277
2025-10-25,16,1220
2025-10-25,17,1208
2025-10-25,18,1299
2025-10-25,19,1074
2025-10-25,20,805
2025-10-25,21,795
2025-10-25,22,619
2025-10-25,23,486
2025-10-26,0,400
2025-10-26,1,232
2025-10-26,2,153
2025-10-26,3,78
2025-10-26,4,89
2025-10-26,5,122
2025-10-26,6,190
2025-10-26,7,334
2025-10-26,8,540
2025-10-26,9,689
2025-10-26,10,877
2025-10-26,11,1034
2025-10-26,12,1077
2025-10-26,13,1058
2025-10-26,14,1015
2025-10-26,15,1148
2025-10-26,16,1187
2025-10-26,17,1305
2025-10-26,18,1178
2025-10-26,19,983
2025-10-26,20,770
2025-10-26,21,797
2025-10-26,22,668
2025-10-26,23,607
2025-10-27,0,312
2025-10-27,1,164
2025-10-27,2,75
2025-10-27,3,51
2025-10-27,4,76
2025-10-27,5,203
2025-10-27,6,400
2025-10-27,7,842
2025-10-27,8,1290
2025-10-27,9,1297
2025-10-27,10,1200
2025-10-27,11,1097
2025-10-27,12,1181
2025-10-27,13,1169
2025-10-27,14,1252
2025-10-27,15,1381
2025-10-27,16,1353
2025-10-27,17,1508
2025-10-27,18,1374
2025-10-27,19,1050
2025-10-27,20,841
2025-10-27,21,743
2025-10-27,22,529
2025-10-27,23,316
2025-10-28,0,188
2025-10-28,1,107
2025-10-28,2,49
2025-10-28,3,39
2025-10-28,4,70
2025-10-28,5,178
2025-10-28,6,392
2025-10-28,7,972
2025-10-28,8,1600
2025-10-28,9,1444
2025-10-28,10,1140
2025-10-28,11,1126
2025-10-28,12,1253
2025-10-28,13,1179
2025-10-28,14,1287
2025-10-28,15,1425
2025-10-28,16,1488
2025-10-28,17,1630
2025-10-28,18,1426
2025-10-28,19,1250
2025-10-28,20,779
2025-10-28,21,637
2025-10-28,22,484
2025-10-28,23,290
2025-10-29,0,165
2025-10-29,1,64
2025-10-29,2,37
2025-10-29,3,37
2025-10-29,4,81
2025-10-29,5,198
2025-10-29,6,441
2025-10-29,7,1044
2025-10-29,8,1575
2025-10-29,9,1482
2025-10-29,10,1232
2025-10-29,11,1206
2025-10-29,12,1299
2025-10-29,13,1337
2025-10-29,14,1384
2025-10-29,15,1557
2025-10-29,16,1591
2025-10-29,17,1658
2025-10-29,18,1520
2025-10-29,19,1188
2025-10-29,20,873
2025-10-29,21,818
2025-10-29,22,549
2025-10-29,23,328
2025-10-30,0,180
2025-10-30,1,94
2025-10-30,2,44
2025-10-30,3,54
2025-10-30,4,74
2025-10-30,5,162
2025-10-30,6,378
2025-10-30,7,989
2025-10-30,8,1498
2025-10-30,9,1384
2025-10-30,10,1073
2025-10-30,11,1076
2025-10-30,12,1153
2025-10-30,13,1192
2025-10-30,14,1402
2025-10-30,15,1694
2025-10-30,16,1619
2025-10-30,17,1616
2025-10-30,18,1512
2025-10-30,19,1285
2025-10-30,20,1024
2025-10-30,21,882
2025-10-30,22,636
2025-10-30,23,399
2025-10-31,0,430
2025-10-31,1,280
2025-10-31,2,116
2025-10-31,3,65
2025-10-31,4,110
2025-10-31,5,171
2025-10-31,6,399
2025-10-31,7,794
2025-10-31,8,955
2025-10-31,9,1013
2025-10-31,10,990
2025-10-31,11,950
2025-10-31,12,1079
2025-10-31,13,1140
2025-10-31,14,1371
2025-10-31,15,1568
2025-10-31,16,1543
2025-10-31,17,1623
2025-10-31,18,1654
2025-10-31,19,1579
2025-10-31,20,1406
2025-10-31,21,1158
2025-10-31,22,968
2025-10-31,23,820
2025-11-01,0,765
2025-11-01,1,599
2025-11-01,2,467
2025-11-01,3,263
2025-11-01,4,153
2025-11-01,5,133
2025-11-01,6,237
2025-11-01,7,307
2025-11-01,8,410
2025-11-01,9,730
2025-11-01,10,1037
2025-11-01,11,1172
2025-11-01,12,1344
2025-11-01,13,1362
2025-11-01,14,1228
2025-11-01,15,872
2025-11-01,16,789
2025-11-01,17,873
2025-11-01,18,1133
2025-11-01,19,899
2025-11-01,20,641
2025-11-01,21,622
2025-11-01,22,491
2025-11-01,23,543
2025-11-02,0,377
2025-11-02,1,371
2025-11-02,2,150
2025-11-02,3,125
2025-11-02,4,141
2025-11-02,5,178
2025-11-02,6,332
2025-11-02,7,493
2025-11-02,8,569
2025-11-02,9,765
2025-11-02,10,1019
2025-11-02,11,1113
2025-11-02,12,1117
2025-11-02,13,1115
2025-11-02,14,1200
2025-11-02,15,1149
2025-11-02,16,1010
2025-11-02,17,1012
2025-11-02,18,856
2025-11-02,19,869
2025-11-02,20,831
2025-11-02,21,675
2025-11-02,22,431
2025-11-02,23,279
2025-11-03,0,190
2025-11-03,1,127
2025-11-03,2,67
2025-11-03,3,52
2025-11-03,4,95
2025-11-03,5,187
2025-11-03,6,496
2025-11-03,7,1067
2025-11-03,8,1391
2025-11-03,9,1323
2025-11-03,10,1152
2025-11-03,11,1113
2025-11-03,12,1156
2025-11-03,13,1266
2025-11-03,14,1321
2025-11-03,15,1494
2025-11-03,16,1428
2025-11-03,17,1372
2025-11-03,18,1076
2025-11-03,19,975
2025-11-03,20,726
2025-11-03,21,592
2025-11-03,22,363
2025-11-03,23,322
2025-11-04,0,180
2025-11-04,1,72
2025-11-04,2,29
2025-11-04,3,44
2025-11-04,4,55
2025-11-04,5,147
2025-11-04,6,420
2025-11-04,7,971
2025-11-04,8,1542
2025-11-04,9,1375
2025-11-04,10,1124
2025-11-04,11,1063
2025-11-04,12,1223
2025-11-04,13,1269
2025-11-04,14,1369
2025-11-04,15,1477
2025-11-04,16,1413
2025-11-04,17,1536
2025-11-04,18,1396
2025-11-04,19,981
2025-11-04,20,755
2025-11-04,21,785
2025-11-04,22,525
2025-11-04,23,252
2025-11-05,0,135
2025-11-05,1,56
2025-11-05,2,41
2025-11-05,3,44
2025-11-05,4,69
2025-11-05,5,174
2025-11-05,6,408
2025-11-05,7,1009
2025-11-05,8,1626
2025-11-05,9,1467
2025-11-05,10,1144
2025-11-05,11,1110
2025-11-05,12,1262
2025-11-05,13,1290
2025-11-05,14,1354
2025-11-05,15,1497
2025-11-05,16,1570
2025-11-05,17,1703
2025-11-05,18,1531
2025-11-05,19,1240
2025-11-05,20,908
2025-11-05,21,816
2025-11-05,22,473
2025-11-05,23,285
2025-11-06,0,171
2025-11-06,1,76
2025-11-06,2,46
2025-11-06,3,41
2025-11-06,4,90
2025-11-06,5,199
2025-11-06,6,468
2025-11-06,7,994
2025-11-06,8,1522
2025-11-06,9,1392
2025-11-06,10,1121
2025-11-06,11,1188
2025-11-06,12,1400
2025-11-06,13,1365
2025-11-06,14,1388
2025-11-06,15,1635
2025-11-06,16,1614
2025-11-06,17,1702
2025-11-06,18,1517
2025-11-06,19,1222
2025-11-06,20,922
2025-11-06,21,864
2025-11-06,22,632
2025-11-06,23,367
2025-11-07,0,330
2025-11-07,1,218
2025-11-07,2,121
2025-11-07,3,69
2025-11-07,4,113
2025-11-07,5,192
2025-11-07,6,407
2025-11-07,7,747
2025-11-07,8,1042
2025-11-07,9,1039
2025-11-07,10,1010
2025-11-07,11,1115
2025-11-07,12,1337
2025-11-07,13,1409
2025-11-07,14,1424
2025-11-07,15,1462
2025-11-07,16,1461
2025-11-07,17,1465
2025-11-07,18,1319
2025-11-07,19,1001
2025-11-07,20,736
2025-11-07,21,754
2025-11-07,22,572
2025-11-07,23,392
2025-11-08,0,291
2025-11-08,1,151
2025-11-08,2,83
2025-11-08,3,84
2025-11-08,4,87
2025-11-08,5,118
2025-11-08,6,171
2025-11-08,7,242
2025-11-08,8,366
2025-11-08,9,561
2025-11-08,10,757
2025-11-08,11,822
2025-11-08,12,923
2025-11-08,13,923
2025-11-08,14,998
2025-11-08,15,952
2025-11-08,16,1083
2025-11-08,17,1140
2025-11-08,18,1146
2025-11-08,19,1007
2025-11-08,20,757
2025-11-08,21,614
2025-11-08,22,638
2025-11-08,23,531
2025-11-09,0,331
2025-11-09,1,175
2025-11-09,2,111
2025-11-09,3,83
2025-11-09,4,129
2025-11-09,5,132
2025-11-09,6,183
2025-11-09,7,282
2025-11-09,8,421
2025-11-09,9,730
2025-11-09,10,1121
2025-11-09,11,1187
2025-11-09,12,951
2025-11-09,13,840
2025-11-09,14,944
2025-11-09,15,1019
2025-11-09,16,1060
2025-11-09,17,954
2025-11-09,18,905
2025-11-09,19,800
2025-11-09,20,668
2025-11-09,21,547
2025-11-09,22,374
2025-11-09,23,374
2025-11-10,0,276
2025-11-10,1,190
2025-11-10,2,100
2025-11-10,3,85
2025-11-10,4,90
2025-11-10,5,248
2025-11-10,6,498
2025-11-10,7,921
2025-11-10,8,1418
2025-11-10,9,1375
2025-11-10,10,1054
2025-11-10,11,989
2025-11-10,12,1154
2025-11-10,13,1053
2025-11-10,14,1131
2025-11-10,15,1267
2025-11-10,16,1461
2025-11-10,17,1464
2025-11-10,18,1203
2025-11-10,19,892
2025-11-10,20,654
2025-11-10,21,557
2025-11-10,22,441
2025-11-10,23,295
2025-11-11,0,220
2025-11-11,1,200
2025-11-11,2,141
2025-11-11,3,57
2025-11-11,4,77
2025-11-11,5,167
2025-11-11,6,388
2025-11-11,7,852
2025-11-11,8,1258
2025-11-11,9,1219
2025-11-11,10,1014
2025-11-11,11,998
2025-11-11,12,1054
2025-11-11,13,1050
2025-11-11,14,1121
2025-11-11,15,1194
2025-11-11,16,1186
2025-11-11,17,1311
2025-11-11,18,1079
2025-11-11,19,857
2025-11-11,20,662
2025-11-11,21,593
2025-11-11,22,390
2025-11-11,23,191
2025-11-12,0,131
2025-11-12,1,50
2025-11-12,2,33
2025-11-12,3,41
2025-11-12,4,72
2025-11-12,5,174
2025-11-12,6,435
2025-11-12,7,1055
2025-11-12,8,1577
2025-11-12,9,1497
2025-11-12,10,1102
2025-11-12,11,1060
2025-11-12,12,1168
2025-11-12,13,1278
2025-11-12,14,1277
2025-11-12,15,1348
2025-11-12,16,1422
2025-11-12,17,1523
2025-11-12,18,1320
2025-11-12,19,1176
2025-11-12,20,1051
2025-11-12,21,737
2025-11-12,22,452
2025-11-12,23,303
2025-11-13,0,188
2025-11-13,1,53
2025-11-13,2,34
2025-11-13,3,43
2025-11-13,4,69
2025-11-13,5,184
2025-11-13,6,411
2025-11-13,7,993
2025-11-13,8,1660
2025-11-13,9,1457
2025-11-13,10,1101
2025-11-13,11,1135
2025-11-13,12,1186
2025-11-13,13,1284
2025-11-13,14,1270
2025-11-13,15,1389
2025-11-13,16,1476
2025-11-13,17,1590
2025-11-13,18,1507
2025-11-13,19,1262
2025-11-13,20,1016
2025-11-13,21,893
2025-11-13,22,653
2025-11-13,23,513
2025-11-14,0,264
2025-11-14,1,105
2025-11-14,2,47
2025-11-14,3,47
2025-11-14,4,99
2025-11-14,5,202
2025-11-14,6,401
2025-11-14,7,808
2025-11-14,8,1119
2025-11-14,9,1020
2025-11-14,10,982
2025-11-14,11,972
2025-11-14,12,1102
2025-11-14,13,1223
2025-11-14,14,1216
2025-11-14,15,1285
2025-11-14,16,1297
2025-11-14,17,1504
2025-11-14,18,1558
2025-11-14,19,1206
2025-11-14,20,791
2025-11-14,21,690
2025-11-14,22,540
2025-11-14,23,489
2025-11-15,0,326
2025-11-15,1,154
2025-11-15,2,131
2025-11-15,3,125
2025-11-15,4,90
2025-11-15,5,112
2025-11-15,6,135
2025-11-15,7,240
2025-11-15,8,412
2025-11-15,9,757
2025-11-15,10,830
2025-11-15,11,783
2025-11-15,12,866
2025-11-15,13,929
2025-11-15,14,959
2025-11-15,15,1115
2025-11-15,16,1218
2025-11-15,17,1337
2025-11-15,18,1214
2025-11-15,19,889
2025-11-15,20,724
2025-11-15,21,589
2025-11-15,22,544
2025-11-15,23,519
2025-11-16,0,461
2025-11-16,1,253
2025-11-16,2,169
2025-11-16,3,139
2025-11-16,4,117
2025-11-16,5,154
2025-11-16,6,189
2025-11-16,7,266
2025-11-16,8,392
2025-11-16,9,573
2025-11-16,10,812
2025-11-16,11,983
2025-11-16,12,1082
2025-11-16,13,976
2025-11-16,14,937
2025-11-16,15,1015
2025-11-16,16,1045
2025-11-16,17,1055
2025-11-16,18,812
2025-11-16,19,802
2025-11-16,20,709
2025-11-16,21,654
2025-11-16,22,439
2025-11-16,23,297
2025-11-17,0,242
2025-11-17,1,124
2025-11-17,2,50
2025-11-17,3,32
2025-11-17,4,77
2025-11-17,5,188
2025-11-17,6,432
2025-11-17,7,991
2025-11-17,8,1633
2025-11-17,9,1441
2025-11-17,10,1201
2025-11-17,11,1093
2025-11-17,12,1124
2025-11-17,13,1141
2025-11-17,14,1278
2025-11-17,15,1345
2025-11-17,16,1312
2025-11-17,17,1462
2025-11-17,18,1124
2025-11-17,19,912
2025-11-17,20,751
2025-11-17,21,691
2025-11-17,22,473
2025-11-17,23,261
2025-11-18,0,164
2025-11-18,1,88
2025-11-18,2,34
2025-11-18,3,27
2025-11-18,4,64
2025-11-18,5,163
2025-11-18,6,509
2025-11-18,7,1231
2025-11-18,8,1669
2025-11-18,9,1562
2025-11-18,10,1215
2025-11-18,11,1139
2025-11-18,12,1173
2025-11-18,13,1198
2025-11-18,14,1280
2025-11-18,15,1352
2025-11-18,16,1598
2025-11-18,17,1735
2025-11-18,18,1505
2025-11-18,19,1227
2025-11-18,20,897
2025-11-18,21,740
2025-11-18,22,531
2025-11-18,23,317
2025-11-19,0,144
2025-11-19,1,61
2025-11-19,2,29
2025-11-19,3,30
2025-11-19,4,88
2025-11-19,5,173
2025-11-19,6,466
2025-11-19,7,1121
2025-11-19,8,1762
2025-11-19,9,1475
2025-11-19,10,1186
2025-11-19,11,1213
2025-11-19,12,1295
2025-11-19,13,1231
2025-11-19,14,1311
2025-11-19,15,1496
2025-11-19,16,1627
2025-11-19,17,1802
2025-11-19,18,1603
2025-11-19,19,1271
2025-11-19,20,1015
2025-11-19,21,824
2025-11-19,22,474
2025-11-19,23,456
2025-11-20,0,177
2025-11-20,1,61
2025-11-20,2,49
2025-11-20,3,46
2025-11-20,4,95
2025-11-20,5,200
2025-11-20,6,439
2025-11-20,7,1122
2025-11-20,8,1651
2025-11-20,9,1462
2025-11-20,10,1109
2025-11-20,11,1130
2025-11-20,12,1282
2025-11-20,13,1381
2025-11-20,14,1571
2025-11-20,15,1687
2025-11-20,16,1715
2025-11-20,17,1803
2025-11-20,18,1754
2025-11-20,19,1172
2025-11-20,20,1002
2025-11-20,21,977
2025-11-20,22,774
2025-11-20,23,418
2025-11-21,0,265
2025-11-21,1,128
2025-11-21,2,114
2025-11-21,3,77
2025-11-21,4,103
2025-11-21,5,163
2025-11-21,6,366
2025-11-21,7,790
2025-11-21,8,1014
2025-11-21,9,1004
2025-11-21,10,1012
2025-11-21,11,1055
2025-11-21,12,1149
2025-11-21,13,1199
2025-11-21,14,1291
2025-11-21,15,1499
2025-11-21,16,1508
2025-11-21,17,1650
2025-11-21,18,1555
2025-11-21,19,1220
2025-11-21,20,763
2025-11-21,21,681
2025-11-21,22,612
2025-11-21,23,590
2025-11-22,0,435
2025-11-22,1,205
2025-11-22,2,112
2025-11-22,3,110
2025-11-22,4,101
2025-11-22,5,111
2025-11-22,6,179
2025-11-22,7,232
2025-11-22,8,373
2025-11-22,9,611
2025-11-22,10,744
2025-11-22,11,825
2025-11-22,12,851
2025-11-22,13,934
2025-11-22,14,941
2025-11-22,15,895
2025-11-22,16,826
2025-11-22,17,827
2025-11-22,18,741
2025-11-22,19,726
2025-11-22,20,617
2025-11-22,21,612
2025-11-22,22,539
2025-11-22,23,372
2025-11-23,0,294
2025-11-23,1,158
2025-11-23,2,134
2025-11-23,3,143
2025-11-23,4,107
2025-11-23,5,123
2025-11-23,6,188
2025-11-23,7,251
2025-11-23,8,439
2025-11-23,9,644
2025-11-23,10,885
2025-11-23,11,877
2025-11-23,12,793
2025-11-23,13,797
2025-11-23,14,758
2025-11-23,15,864
2025-11-23,16,957
2025-11-23,17,1025
2025-11-23,18,777
2025-11-23,19,670
2025-11-23,20,521
2025-11-23,21,468
2025-11-23,22,251
2025-11-23,23,191
2025-11-24,0,113
2025-11-24,1,62
2025-11-24,2,44
2025-11-24,3,41
2025-11-24,4,84
2025-11-24,5,161
2025-11-24,6,368
2025-11-24,7,672
2025-11-24,8,898
2025-11-24,9,897
2025-11-24,10,865
2025-11-24,11,913
2025-11-24,12,930
2025-11-24,13,995
2025-11-24,14,1080
2025-11-24,15,1114
2025-11-24,16,1226
2025-11-24,17,1119
2025-11-24,18,919
2025-11-24,19,772
2025-11-24,20,491
2025-11-24,21,302
2025-11-24,22,298
2025-11-24,23,276
2025-11-25,0,169
2025-11-25,1,70
2025-11-25,2,38
2025-11-25,3,37
2025-11-25,4,83
2025-11-25,5,190
2025-11-25,6,359
2025-11-25,7,686
2025-11-25,8,944
2025-11-25,9,976
2025-11-25,10,806
2025-11-25,11,893
2025-11-25,12,1067
2025-11-25,13,1115
2025-11-25,14,1194
2025-11-25,15,1224
2025-11-25,16,1262
2025-11-25,17,1183
2025-11-25,18,988
2025-11-25,19,735
2025-11-25,20,514
2025-11-25,21,418
2025-11-25,22,375
2025-11-25,23,276
2025-11-26,0,186
2025-11-26,1,74
2025-11-26,2,40
2025-11-26,3,42
2025-11-26,4,85
2025-11-26,5,166
2025-11-26,6,302
2025-11-26,7,523
2025-11-26,8,634
2025-11-26,9,811
2025-11-26,10,845
2025-11-26,11,1057
2025-11-26,12,1421
2025-11-26,13,1452
2025-11-26,14,1445
2025-11-26,15,1406
2025-11-26,16,1241
2025-11-26,17,1072
2025-11-26,18,855
2025-11-26,19,629
2025-11-26,20,507
2025-11-26,21,425
2025-11-26,22,459
2025-11-26,23,287
2025-11-27,0,260
2025-11-27,1,240
2025-11-27,2,196
2025-11-27,3,119
2025-11-27,4,93
2025-11-27,5,121
2025-11-27,6,169
2025-11-27,7,182
2025-11-27,8,197
2025-11-27,9,288
2025-11-27,10,428
2025-11-27,11,624
2025-11-27,12,786
2025-11-27,13,780
2025-11-27,14,869
2025-11-27,15,829
2025-11-27,16,705
2025-11-27,17,547
2025-11-27,18,427
2025-11-27,19,376
2025-11-27,20,330
2025-11-27,21,239
2025-11-27,22,171
2025-11-27,23,138
2025-11-28,0,81
2025-11-28,1,41
2025-11-28,2,30
2025-11-28,3,38
2025-11-28,4,62
2025-11-28,5,81
2025-11-28,6,159
2025-11-28,7,257
2025-11-28,8,359
2025-11-28,9,521
2025-11-28,10,636
2025-11-28,11,685
2025-11-28,12,786
2025-11-28,13,934
2025-11-28,14,992
2025-11-28,15,1046
2025-11-28,16,987
2025-11-28,17,1018
2025-11-28,18,1006
2025-11-28,19,839
2025-11-28,20,685
2025-11-28,21,682
2025-11-28,22,487
2025-11-28,23,333
2025-11-29,0,256
2025-11-29,1,136
2025-11-29,2,92
2025-11-29,3,105
2025-11-29,4,88
2025-11-29,5,92
2025-11-29,6,170
2025-11-29,7,241
2025-11-29,8,387
2025-11-29,9,554
2025-11-29,10,788
2025-11-29,11,861
2025-11-29,12,871
2025-11-29,13,840
2025-11-29,14,996
2025-11-29,15,987
2025-11-29,16,1093
2025-11-29,17,1091
2025-11-29,18,1008
2025-11-29,19,855
2025-11-29,20,720
2025-11-29,21,718
2025-11-29,22,672
2025-11-29,23,548
2025-11-30,0,465
2025-11-30,1,299
2025-11-30,2,258
2025-11-30,3,211
2025-11-30,4,225
2025-11-30,5,257
2025-11-30,6,271
2025-11-30,7,358
2025-11-30,8,556
2025-11-30,9,771
2025-11-30,10,820
2025-11-30,11,771
2025-11-30,12,889
2025-11-30,13,920
2025-11-30,14,1049
2025-11-30,15,1016
2025-11-30,16,1020
2025-11-30,17,1128
2025-11-30,18,1161
2025-11-30,19,972
2025-11-30,20,740
2025-11-30,21,701
2025-11-30,22,783
2025-11-30,23,659
2025-12-01,0,594
2025-12-01,1,477
2025-12-01,2,265
2025-12-01,3,134
2025-12-01,4,114
2025-12-01,5,243
2025-12-01,6,541
2025-12-01,7,1000
2025-12-01,8,1564
2025-12-01,9,1563
2025-12-01,10,1288
2025-12-01,11,1228
2025-12-01,12,1364
2025-12-01,13,1399
2025-12-01,14,1506
2025-12-01,15,1652
2025-12-01,16,1642
2025-12-01,17,1771
2025-12-01,18,1648
2025-12-01,19,1280
2025-12-01,20,974
2025-12-01,21,971
2025-12-01,22,839
2025-12-01,23,661
2025-12-02,0,529
2025-12-02,1,412
2025-12-02,2,242
2025-12-02,3,102
2025-12-02,4,74
2025-12-02,5,220
2025-12-02,6,547
2025-12-02,7,1007
2025-12-02,8,1464
2025-12-02,9,1660
2025-12-02,10,1318
2025-12-02,11,1279
2025-12-02,12,1318
2025-12-02,13,1468
2025-12-02,14,1549
2025-12-02,15,1684
2025-12-02,16,1689
2025-12-02,17,1747
2025-12-02,18,1752
2025-12-02,19,1480
2025-12-02,20,1263
2025-12-02,21,988
2025-12-02,22,729
2025-12-02,23,540
2025-12-03,0,278
2025-12-03,1,107
2025-12-03,2,63
2025-12-03,3,52
2025-12-03,4,89
2025-12-03,5,182
2025-12-03,6,521
2025-12-03,7,1074
2025-12-03,8,1487
2025-12-03,9,1646
2025-12-03,10,1370
2025-12-03,11,1437
2025-12-03,12,1731
2025-12-03,13,1637
2025-12-03,14,1668
2025-12-03,15,1855
2025-12-03,16,1668
2025-12-03,17,1694
2025-12-03,18,1628
2025-12-03,19,1376
2025-12-03,20,1200
2025-12-03,21,1007
2025-12-03,22,910
2025-12-03,23,537
2025-12-04,0,340
2025-12-04,1,112
2025-12-04,2,57
2025-12-04,3,60
2025-12-04,4,97
2025-12-04,5,258
2025-12-04,6,620
2025-12-04,7,1071
2025-12-04,8,1341
2025-12-04,9,1427
2025-12-04,10,1303
2025-12-04,11,1351
2025-12-04,12,1571
2025-12-04,13,1626
2025-12-04,14,1693
2025-12-04,15,1868
2025-12-04,16,1718
2025-12-04,17,1807
2025-12-04,18,1644
2025-12-04,19,1483
2025-12-04,20,1302
2025-12-04,21,1098
2025-12-04,22,820
2025-12-04,23,607
2025-12-05,0,404
2025-12-05,1,183
2025-12-05,2,72
2025-12-05,3,64
2025-12-05,4,91
2025-12-05,5,201
2025-12-05,6,457
2025-12-05,7,948
2025-12-05,8,1329
2025-12-05,9,1262
2025-12-05,10,1219
2025-12-05,11,1536
2025-12-05,12,1659
2025-12-05,13,1530
2025-12-05,14,1678
2025-12-05,15,1767
2025-12-05,16,1703
2025-12-05,17,1809
2025-12-05,18,1760
2025-12-05,19,1360
2025-12-05,20,937
2025-12-05,21,842
2025-12-05,22,812
2025-12-05,23,653
2025-12-06,0,452
2025-12-06,1,276
2025-12-06,2,153
2025-12-06,3,89
2025-12-06,4,83
2025-12-06,5,87
2025-12-06,6,145
2025-12-06,7,243
2025-12-06,8,337
2025-12-06,9,568
2025-12-06,10,909
2025-12-06,11,1110
2025-12-06,12,1170
2025-12-06,13,1147
2025-12-06,14,1219
2025-12-06,15,1152
2025-12-06,16,1169
2025-12-06,17,1224
2025-12-06,18,1245
2025-12-06,19,973
2025-12-06,20,599
2025-12-06,21,514
2025-12-06,22,538
2025-12-06,23,619
2025-12-07,0,420
2025-12-07,1,277
2025-12-07,2,188
2025-12-07,3,158
2025-12-07,4,133
2025-12-07,5,165
2025-12-07,6,243
2025-12-07,7,322
2025-12-07,8,445
2025-12-07,9,632
2025-12-07,10,918
2025-12-07,11,982
2025-12-07,12,991
2025-12-07,13,1037
2025-12-07,14,1217
2025-12-07,15,1262
2025-12-07,16,1142
2025-12-07,17,1055
2025-12-07,18,1039
2025-12-07,19,966
2025-12-07,20,895
2025-12-07,21,848
2025-12-07,22,706
2025-12-07,23,478
2025-12-08,0,367
2025-12-08,1,181
2025-12-08,2,78
2025-12-08,3,60
2025-12-08,4,87
2025-12-08,5,206
2025-12-08,6,502
2025-12-08,7,1000
2025-12-08,8,1456
2025-12-08,9,1225
2025-12-08,10,997
2025-12-08,11,997
2025-12-08,12,1028
2025-12-08,13,1079
2025-12-08,14,1245
2025-12-08,15,1517
2025-12-08,16,1319
2025-12-08,17,1454
2025-12-08,18,1118
2025-12-08,19,918
2025-12-08,20,809
2025-12-08,21,685
2025-12-08,22,467
2025-12-08,23,304
2025-12-09,0,141
2025-12-09,1,61
2025-12-09,2,37
2025-12-09,3,36
2025-12-09,4,74
2025-12-09,5,151
2025-12-09,6,383
2025-12-09,7,1077
2025-12-09,8,1570
2025-12-09,9,1437
2025-12-09,10,1174
2025-12-09,11,1135
2025-12-09,12,1158
2025-12-09,13,1214
2025-12-09,14,1207
2025-12-09,15,1464
2025-12-09,16,1542
2025-12-09,17,1598
2025-12-09,18,1317
2025-12-09,19,1234
2025-12-09,20,1200
2025-12-09,21,947
2025-12-09,22,587
2025-12-09,23,398
2025-12-10,0,177
2025-12-10,1,61
2025-12-10,2,23
2025-12-10,3,31
2025-12-10,4,66
2025-12-10,5,158
2025-12-10,6,451
2025-12-10,7,1043
2025-12-10,8,1602
2025-12-10,9,1552
2025-12-10,10,1237
2025-12-10,11,1170
2025-12-10,12,1287
2025-12-10,13,1240
2025-12-10,14,1314
2025-12-10,15,1598
2025-12-10,16,1651
2025-12-10,17,1796
2025-12-10,18,1649
2025-12-10,19,1205
2025-12-10,20,1154
2025-12-10,21,1169
2025-12-10,22,752
2025-12-10,23,423
2025-12-11,0,229
2025-12-11,1,85
2025-12-11,2,59
2025-12-11,3,46
2025-12-11,4,80
2025-12-11,5,167
2025-12-11,6,412
2025-12-11,7,1020
2025-12-11,8,1582
2025-12-11,9,1454
2025-12-11,10,1147
2025-12-11,11,1253
2025-12-11,12,1350
2025-12-11,13,1378
2025-12-11,14,1608
2025-12-11,15,1722
2025-12-11,16,1719
2025-12-11,17,1779
2025-12-11,18,1792
2025-12-11,19,1430
2025-12-11,20,1323
2025-12-11,21,1165
2025-12-11,22,845
2025-12-11,23,627
2025-12-12,0,413
2025-12-12,1,223
2025-12-12,2,123
2025-12-12,3,71
2025-12-12,4,123
2025-12-12,5,161
2025-12-12,6,389
2025-12-12,7,787
2025-12-12,8,1159
2025-12-12,9,1099
2025-12-12,10,1053
2025-12-12,11,1334
2025-12-12,12,1556
2025-12-12,13,1575
2025-12-12,14,1590
2025-12-12,15,1660
2025-12-12,16,1645
2025-12-12,17,1754
2025-12-12,18,1826
2025-12-12,19,1526
2025-12-12,20,1032
2025-12-12,21,914
2025-12-12,22,754
2025-12-12,23,657
2025-12-13,0,488
2025-12-13,1,281
2025-12-13,2,164
2025-12-13,3,91
2025-12-13,4,87
2025-12-13,5,106
2025-12-13,6,188
2025-12-13,7,237
2025-12-13,8,390
2025-12-13,9,562
2025-12-13,10,887
2025-12-13,11,1132
2025-12-13,12,1200
2025-12-13,13,1280
2025-12-13,14,1208
2025-12-13,15,1206
2025-12-13,16,1281
2025-12-13,17,1344
2025-12-13,18,1377
2025-12-13,19,1188
2025-12-13,20,734
2025-12-13,21,722
2025-12-13,22,781
2025-12-13,23,673
2025-12-14,0,608
2025-12-14,1,337
2025-12-14,2,219
2025-12-14,3,134
2025-12-14,4,123
2025-12-14,5,106
2025-12-14,6,190
2025-12-14,7,260
2025-12-14,8,349
2025-12-14,9,653
2025-12-14,10,995
2025-12-14,11,1147
2025-12-14,12,1041
2025-12-14,13,815
2025-12-14,14,979
2025-12-14,15,1214
2025-12-14,16,1237
2025-12-14,17,1141
2025-12-14,18,818
2025-12-14,19,746
2025-12-14,20,648
2025-12-14,21,457
2025-12-14,22,372
2025-12-14,23,305
2025-12-15,0,193
2025-12-15,1,115
2025-12-15,2,88
2025-12-15,3,55
2025-12-15,4,72
2025-12-15,5,194
2025-12-15,6,515
2025-12-15,7,1068
2025-12-15,8,1444
2025-12-15,9,1214
2025-12-15,10,1029
2025-12-15,11,1016
2025-12-15,12,1204
2025-12-15,13,1067
2025-12-15,14,1170
2025-12-15,15,1442
2025-12-15,16,1393
2025-12-15,17,1382
2025-12-15,18,1155
2025-12-15,19,1002
2025-12-15,20,725
2025-12-15,21,506
2025-12-15,22,299
2025-12-15,23,240
2025-12-16,0,181
2025-12-16,1,79
2025-12-16,2,50
2025-12-16,3,41
2025-12-16,4,70
2025-12-16,5,156
2025-12-16,6,423
2025-12-16,7,975
2025-12-16,8,1554
2025-12-16,9,1434
2025-12-16,10,1071
2025-12-16,11,1059
2025-12-16,12,1120
2025-12-16,13,1168
2025-12-16,14,1319
2025-12-16,15,1519
2025-12-16,16,1560
2025-12-16,17,1637
2025-12-16,18,1463
2025-12-16,19,1253
2025-12-16,20,1089
2025-12-16,21,809
2025-12-16,22,557
2025-12-16,23,423
2025-12-17,0,186
2025-12-17,1,89
2025-12-17,2,36
2025-12-17,3,34
2025-12-17,4,79
2025-12-17,5,150
2025-12-17,6,358
2025-12-17,7,993
2025-12-17,8,1361
2025-12-17,9,1312
2025-12-17,10,986
2025-12-17,11,1083
2025-12-17,12,1159
2025-12-17,13,1198
2025-12-17,14,1331
2025-12-17,15,1534
2025-12-17,16,1592
2025-12-17,17,1653
2025-12-17,18,1577
2025-12-17,19,1269
2025-12-17,20,1006
2025-12-17,21,985
2025-12-17,22,688
2025-12-17,23,310
2025-12-18,0,158
2025-12-18,1,84
2025-12-18,2,48
2025-12-18,3,63
2025-12-18,4,72
2025-12-18,5,179
2025-12-18,6,406
2025-12-18,7,918
2025-12-18,8,1399
2025-12-18,9,1177
2025-12-18,10,1143
2025-12-18,11,1116
2025-12-18,12,1272
2025-12-18,13,1492
2025-12-18,14,1615
2025-12-18,15,1671
2025-12-18,16,1685
2025-12-18,17,1722
2025-12-18,18,1525
2025-12-18,19,1078
2025-12-18,20,1011
2025-12-18,21,983
2025-12-18,22,796
2025-12-18,23,622
2025-12-19,0,365
2025-12-19,1,256
2025-12-19,2,128
2025-12-19,3,81
2025-12-19,4,118
2025-12-19,5,182
2025-12-19,6,424
2025-12-19,7,929
2025-12-19,8,1209
2025-12-19,9,1139
2025-12-19,10,1078
2025-12-19,11,1303
2025-12-19,12,1588
2025-12-19,13,1534
2025-12-19,14,1527
2025-12-19,15,1517
2025-12-19,16,1617
2025-12-19,17,1677
2025-12-19,18,1748
2025-12-19,19,1301
2025-12-19,20,755
2025-12-19,21,753
2025-12-19,22,578
2025-12-19,23,477
2025-12-20,0,411
2025-12-20,1,360
2025-12-20,2,217
2025-12-20,3,105
2025-12-20,4,117
2025-12-20,5,141
2025-12-20,6,214
2025-12-20,7,264
2025-12-20,8,332
2025-12-20,9,511
2025-12-20,10,811
2025-12-20,11,910
2025-12-20,12,1121
2025-12-20,13,945
2025-12-20,14,1066
2025-12-20,15,903
2025-12-20,16,1102
2025-12-20,17,1127
2025-12-20,18,1195
2025-12-20,19,861
2025-12-20,20,573
2025-12-20,21,517
2025-12-20,22,528
2025-12-20,23,758
2025-12-21,0,509
2025-12-21,1,317
2025-12-21,2,220
2025-12-21,3,177
2025-12-21,4,162
2025-12-21,5,156
2025-12-21,6,204
2025-12-21,7,223
2025-12-21,8,343
2025-12-21,9,496
2025-12-21,10,654
2025-12-21,11,695
2025-12-21,12,831
2025-12-21,13,830
2025-12-21,14,860
2025-12-21,15,855
2025-12-21,16,765
2025-12-21,17,772
2025-12-21,18,729
2025-12-21,19,648
2025-12-21,20,532
2025-12-21,21,430
2025-12-21,22,299
2025-12-21,23,181
2025-12-22,0,122
2025-12-22,1,79
2025-12-22,2,51
2025-12-22,3,54
2025-12-22,4,80
2025-12-22,5,156
2025-12-22,6,319
2025-12-22,7,508
2025-12-22,8,711
2025-12-22,9,738
2025-12-22,10,775
2025-12-22,11,943
2025-12-22,12,1186
2025-12-22,13,1104
2025-12-22,14,1187
2025-12-22,15,1164
2025-12-22,16,1100
2025-12-22,17,988
2025-12-22,18,769
2025-12-22,19,577
2025-12-22,20,430
2025-12-22,21,438
2025-12-22,22,293
2025-12-22,23,232
2025-12-23,0,179
2025-12-23,1,66
2025-12-23,2,63
2025-12-23,3,47
2025-12-23,4,88
2025-12-23,5,151
2025-12-23,6,297
2025-12-23,7,462
2025-12-23,8,665
2025-12-23,9,748
2025-12-23,10,764
2025-12-23,11,1004
2025-12-23,12,1207
2025-12-23,13,1287
2025-12-23,14,1375
2025-12-23,15,1465
2025-12-23,16,1272
2025-12-23,17,1154
2025-12-23,18,955
2025-12-23,19,651
2025-12-23,20,479
2025-12-23,21,441
2025-12-23,22,321
2025-12-23,23,258
2025-12-24,0,169
2025-12-24,1,105
2025-12-24,2,63
2025-12-24,3,48
2025-12-24,4,83
2025-12-24,5,115
2025-12-24,6,226
2025-12-24,7,308
2025-12-24,8,376
2025-12-24,9,507
2025-12-24,10,584
2025-12-24,11,706
2025-12-24,12,989
2025-12-24,13,964
2025-12-24,14,991
2025-12-24,15,886
2025-12-24,16,832
2025-12-24,17,738
2025-12-24,18,593
2025-12-24,19,405
2025-12-24,20,318
2025-12-24,21,250
2025-12-24,22,211
2025-12-24,23,145
2025-12-25,0,117
2025-12-25,1,57
2025-12-25,2,34
2025-12-25,3,35
2025-12-25,4,50
2025-12-25,5,61
2025-12-25,6,104
2025-12-25,7,131
2025-12-25,8,150
2025-12-25,9,201
2025-12-25,10,264
2025-12-25,11,320
2025-12-25,12,385
2025-12-25,13,363
2025-12-25,14,443
2025-12-25,15,373
2025-12-25,16,355
2025-12-25,17,392
2025-12-25,18,323
2025-12-25,19,315
2025-12-25,20,289
2025-12-25,21,212
2025-12-25,22,136
2025-12-25,23,110
2025-12-26,0,107
2025-12-26,1,52
2025-12-26,2,31
2025-12-26,3,25
2025-12-26,4,61
2025-12-26,5,85
2025-12-26,6,138
2025-12-26,7,219
2025-12-26,8,318
2025-12-26,9,457
2025-12-26,10,493
2025-12-26,11,571
2025-12-26,12,622
2025-12-26,13,667
2025-12-26,14,725
2025-12-26,15,747
2025-12-26,16,762
2025-12-26,17,758
2025-12-26,18,753
2025-12-26,19,613
2025-12-26,20,541
2025-12-26,21,489
2025-12-26,22,319
2025-12-26,23,263
2025-12-27,0,162
2025-12-27,1,136
2025-12-27,2,105
2025-12-27,3,73
2025-12-27,4,89
2025-12-27,5,83
2025-12-27,6,110
2025-12-27,7,149
2025-12-27,8,197
2025-12-27,9,324
2025-12-27,10,533
2025-12-27,11,602
2025-12-27,12,713
2025-12-27,13,711
2025-12-27,14,838
2025-12-27,15,826
2025-12-27,16,780
2025-12-27,17,890
2025-12-27,18,808
2025-12-27,19,770
2025-12-27,20,701
2025-12-27,21,590
2025-12-27,22,441
2025-12-27,23,304
2025-12-28,0,219
2025-12-28,1,154
2025-12-28,2,151
2025-12-28,3,113
2025-12-28,4,93
2025-12-28,5,89
2025-12-28,6,119
2025-12-28,7,174
2025-12-28,8,280
2025-12-28,9,395
2025-12-28,10,576
2025-12-28,11,649
2025-12-28,12,724
2025-12-28,13,726
2025-12-28,14,780
2025-12-28,15,802
2025-12-28,16,753
2025-12-28,17,750
2025-12-28,18,716
2025-12-28,19,639
2025-12-28,20,584
2025-12-28,21,589
2025-12-28,22,474
2025-12-28,23,422
2025-12-29,0,246
2025-12-29,1,118
2025-12-29,2,88
2025-12-29,3,54
2025-12-29,4,81
2025-12-29,5,129
2025-12-29,6,319
2025-12-29,7,600
2025-12-29,8,844
2025-12-29,9,900
2025-12-29,10,773
2025-12-29,11,784
2025-12-29,12,782
2025-12-29,13,846
2025-12-29,14,905
2025-12-29,15,931
2025-12-29,16,955
2025-12-29,17,960
2025-12-29,18,807
2025-12-29,19,623
2025-12-29,20,513
2025-12-29,21,441
2025-12-29,22,372
2025-12-29,23,245
2025-12-30,0,196
2025-12-30,1,137
2025-12-30,2,78
2025-12-30,3,47
2025-12-30,4,82
2025-12-30,5,122
2025-12-30,6,242
2025-12-30,7,436
2025-12-30,8,647
2025-12-30,9,745
2025-12-30,10,770
2025-12-30,11,857
2025-12-30,12,959
2025-12-30,13,950
2025-12-30,14,992
2025-12-30,15,1013
2025-12-30,16,1104
2025-12-30,17,1249
2025-12-30,18,1132
2025-12-30,19,877
2025-12-30,20,729
2025-12-30,21,592
2025-12-30,22,524
2025-12-30,23,467
2025-12-31,0,379
2025-12-31,1,221
2025-12-31,2,131
2025-12-31,3,72
2025-12-31,4,79
2025-12-31,5,102
2025-12-31,6,207
2025-12-31,7,329
2025-12-31,8,453
2025-12-31,9,576
2025-12-31,10,645
2025-12-31,11,731
2025-12-31,12,997
2025-12-31,13,1004
2025-12-31,14,1088
2025-12-31,15,1150
2025-12-31,16,1025
2025-12-31,17,1045
2025-12-31,18,985
2025-12-31,19,961
2025-12-31,20,1009
2025-12-31,21,804
2025-12-31,22,583
2025-12-31,23,407
2026-01-01,0,498
2026-01-01,1,632
2026-01-01,2,567
2026-01-01,3,212
2026-01-01,4,129
2026-01-01,5,112
2026-01-01,6,184
2026-01-01,7,214
2026-01-01,8,186
2026-01-01,9,324
2026-01-01,10,579
2026-01-01,11,722
2026-01-01,12,757
2026-01-01,13,720
2026-01-01,14,850
2026-01-01,15,679
2026-01-01,16,609
2026-01-01,17,656
2026-01-01,18,595
2026-01-01,19,501
2026-01-01,20,456
2026-01-01,21,339
2026-01-01,22,282
2026-01-01,23,211
2026-01-02,0,141
2026-01-02,1,72
2026-01-02,2,54
2026-01-02,3,62
2026-01-02,4,63
2026-01-02,5,104
2026-01-02,6,241
2026-01-02,7,334
2026-01-02,8,471
2026-01-02,9,579
2026-01-02,10,682
2026-01-02,11,776
2026-01-02,12,837
2026-01-02,13,820
2026-01-02,14,876
2026-01-02,15,916
2026-01-02,16,916
2026-01-02,17,974
2026-01-02,18,791
2026-01-02,19,708
2026-01-02,20,572
2026-01-02,21,486
2026-01-02,22,385
2026-01-02,23,242
2026-01-03,0,182
2026-01-03,1,138
2026-01-03,2,80
2026-01-03,3,66
2026-01-03,4,50
2026-01-03,5,83
2026-01-03,6,132
2026-01-03,7,182
2026-01-03,8,271
2026-01-03,9,411
2026-01-03,10,544
2026-01-03,11,580
2026-01-03,12,721
2026-01-03,13,695
2026-01-03,14,776
2026-01-03,15,755
2026-01-03,16,744
2026-01-03,17,885
2026-01-03,18,799
2026-01-03,19,716
2026-01-03,20,634
2026-01-03,21,486
2026-01-03,22,381
2026-01-03,23,285
2026-01-04,0,202
2026-01-04,1,173
2026-01-04,2,120
2026-01-04,3,80
2026-01-04,4,73
2026-01-04,5,87
2026-01-04,6,123
2026-01-04,7,187
2026-01-04,8,266
2026-01-04,9,398
2026-01-04,10,515
2026-01-04,11,560
2026-01-04,12,673
2026-01-04,13,720
2026-01-04,14,763
2026-01-04,15,734
2026-01-04,16,630
2026-01-04,17,695
2026-01-04,18,651
2026-01-04,19,729
2026-01-04,20,665
2026-01-04,21,485
2026-01-04,22,301
2026-01-04,23,259
2026-01-05,0,180
2026-01-05,1,136
2026-01-05,2,97
2026-01-05,3,63
2026-01-05,4,73
2026-01-05,5,163
2026-01-05,6,352
2026-01-05,7,648
2026-01-05,8,922
2026-01-05,9,891
2026-01-05,10,756
2026-01-05,11,756
2026-01-05,12,770
2026-01-05,13,750
2026-01-05,14,811
2026-01-05,15,847
2026-01-05,16,926
2026-01-05,17,917
2026-01-05,18,727
2026-01-05,19,584
2026-01-05,20,461
2026-01-05,21,426
2026-01-05,22,313
2026-01-05,23,180
2026-01-06,0,139
2026-01-06,1,91
2026-01-06,2,37
2026-01-06,3,31
2026-01-06,4,68
2026-01-06,5,130
2026-01-06,6,328
2026-01-06,7,745
2026-01-06,8,1200
2026-01-06,9,1189
2026-01-06,10,801
2026-01-06,11,826
2026-01-06,12,868
2026-01-06,13,875
2026-01-06,14,927
2026-01-06,15,904
2026-01-06,16,1017
2026-01-06,17,1018
2026-01-06,18,866
2026-01-06,19,671
2026-01-06,20,537
2026-01-06,21,330
2026-01-06,22,182
2026-01-06,23,190
2026-01-07,0,136
2026-01-07,1,69
2026-01-07,2,37
2026-01-07,3,40
2026-01-07,4,59
2026-01-07,5,117
2026-01-07,6,321
2026-01-07,7,743
2026-01-07,8,1125
2026-01-07,9,1166
2026-01-07,10,883
2026-01-07,11,898
2026-01-07,12,882
2026-01-07,13,835
2026-01-07,14,944
2026-01-07,15,980
2026-01-07,16,1061
2026-01-07,17,1116
2026-01-07,18,932
2026-01-07,19,776
2026-01-07,20,551
2026-01-07,21,379
2026-01-07,22,249
2026-01-07,23,191
2026-01-08,0,138
2026-01-08,1,50
2026-01-08,2,35
2026-01-08,3,38
2026-01-08,4,56
2026-01-08,5,128
2026-01-08,6,353
2026-01-08,7,693
2026-01-08,8,1123
2026-01-08,9,1138
2026-01-08,10,844
2026-01-08,11,851
2026-01-08,12,852
2026-01-08,13,902
2026-01-08,14,1070
2026-01-08,15,1139
2026-01-08,16,1215
2026-01-08,17,1438
2026-01-08,18,1440
2026-01-08,19,1148
2026-01-08,20,789
2026-01-08,21,817
2026-01-08,22,499
2026-01-08,23,269
2026-01-09,0,174
2026-01-09,1,101
2026-01-09,2,47
2026-01-09,3,44
2026-01-09,4,64
2026-01-09,5,161
2026-01-09,6,298
2026-01-09,7,642
2026-01-09,8,845
2026-01-09,9,910
2026-01-09,10,775
2026-01-09,11,803
2026-01-09,12,845
2026-01-09,13,854
2026-01-09,14,915
2026-01-09,15,966
2026-01-09,16,1026
2026-01-09,17,1129
2026-01-09,18,1075
2026-01-09,19,750
2026-01-09,20,601
2026-01-09,21,460
2026-01-09,22,366
2026-01-09,23,274
2026-01-10,0,193
2026-01-10,1,114
2026-01-10,2,71
2026-01-10,3,61
2026-01-10,4,63
2026-01-10,5,81
2026-01-10,6,134
2026-01-10,7,224
2026-01-10,8,334
2026-01-10,9,534
2026-01-10,10,742
2026-01-10,11,731
2026-01-10,12,819
2026-01-10,13,789
2026-01-10,14,831
2026-01-10,15,842
2026-01-10,16,968
2026-01-10,17,1099
2026-01-10,18,1225
2026-01-10,19,827
2026-01-10,20,571
2026-01-10,21,442
2026-01-10,22,443
2026-01-10,23,670
2026-01-11,0,458
2026-01-11,1,212
2026-01-11,2,164
2026-01-11,3,113
2026-01-11,4,89
2026-01-11,5,88
2026-01-11,6,158
2026-01-11,7,205
2026-01-11,8,313
2026-01-11,9,479
2026-01-11,10,562
2026-01-11,11,638
2026-01-11,12,679
2026-01-11,13,681
2026-01-11,14,664
2026-01-11,15,634
2026-01-11,16,649
2026-01-11,17,640
2026-01-11,18,643
2026-01-11,19,621
2026-01-11,20,623
2026-01-11,21,458
2026-01-11,22,284
2026-01-11,23,204
2026-01-12,0,130
2026-01-12,1,75
2026-01-12,2,35
2026-01-12,3,46
2026-01-12,4,70
2026-01-12,5,173
2026-01-12,6,363
2026-01-12,7,799
2026-01-12,8,1182
2026-01-12,9,1214
2026-01-12,10,886
2026-01-12,11,892
2026-01-12,12,913
2026-01-12,13,939
2026-01-12,14,995
2026-01-12,15,984
2026-01-12,16,1049
2026-01-12,17,1122
2026-01-12,18,1011
2026-01-12,19,734
2026-01-12,20,601
2026-01-12,21,371
2026-01-12,22,297
2026-01-12,23,180
2026-01-13,0,127
2026-01-13,1,56
2026-01-13,2,29
2026-01-13,3,36
2026-01-13,4,71
2026-01-13,5,137
2026-01-13,6,376
2026-01-13,7,899
2026-01-13,8,1286
2026-01-13,9,1340
2026-01-13,10,994
2026-01-13,11,1022
2026-01-13,12,934
2026-01-13,13,977
2026-01-13,14,1066
2026-01-13,15,1066
2026-01-13,16,1195
2026-01-13,17,1259
2026-01-13,18,1092
2026-01-13,19,889
2026-01-13,20,636
2026-01-13,21,490
2026-01-13,22,250
2026-01-13,23,177
2026-01-14,0,103
2026-01-14,1,60
2026-01-14,2,29
2026-01-14,3,34
2026-01-14,4,56
2026-01-14,5,133
2026-01-14,6,378
2026-01-14,7,913
2026-01-14,8,1217
2026-01-14,9,1318
2026-01-14,10,1069
2026-01-14,11,1031
2026-01-14,12,1056
2026-01-14,13,1005
2026-01-14,14,1159
2026-01-14,15,1309
2026-01-14,16,1396
2026-01-14,17,1528
2026-01-14,18,1372
2026-01-14,19,1035
2026-01-14,20,811
2026-01-14,21,663
2026-01-14,22,437
2026-01-14,23,261
2026-01-15,0,141
2026-01-15,1,66
2026-01-15,2,49
2026-01-15,3,38
2026-01-15,4,65
2026-01-15,5,157
2026-01-15,6,442
2026-01-15,7,996
2026-01-15,8,1396
2026-01-15,9,1372
2026-01-15,10,1049
2026-01-15,11,1003
2026-01-15,12,1028
2026-01-15,13,1085
2026-01-15,14,1118
2026-01-15,15,1246
2026-01-15,16,1429
2026-01-15,17,1472
2026-01-15,18,1427
2026-01-15,19,1222
2026-01-15,20,922
2026-01-15,21,750
2026-01-15,22,518
2026-01-15,23,319
2026-01-16,0,207
2026-01-16,1,120
2026-01-16,2,62
2026-01-16,3,40
2026-01-16,4,81
2026-01-16,5,155
2026-01-16,6,345
2026-01-16,7,791
2026-01-16,8,1136
2026-01-16,9,1150
2026-01-16,10,979
2026-01-16,11,928
2026-01-16,12,1045
2026-01-16,13,1051
2026-01-16,14,1101
2026-01-16,15,1170
2026-01-16,16,1189
2026-01-16,17,1315
2026-01-16,18,1161
2026-01-16,19,918
2026-01-16,20,679
2026-01-16,21,643
2026-01-16,22,406
2026-01-16,23,271
2026-01-17,0,237
2026-01-17,1,159
2026-01-17,2,112
2026-01-17,3,90
2026-01-17,4,80
2026-01-17,5,92
2026-01-17,6,144
2026-01-17,7,232
2026-01-17,8,342
2026-01-17,9,531
2026-01-17,10,724
2026-01-17,11,787
2026-01-17,12,916
2026-01-17,13,984
2026-01-17,14,1000
2026-01-17,15,970
2026-01-17,16,972
2026-01-17,17,1044
2026-01-17,18,931
2026-01-17,19,930
2026-01-17,20,763
2026-01-17,21,672
2026-01-17,22,516
2026-01-17,23,329
2026-01-18,0,235
2026-01-18,1,165
2026-01-18,2,120
2026-01-18,3,75
2026-01-18,4,83
2026-01-18,5,92
2026-01-18,6,140
2026-01-18,7,198
2026-01-18,8,310
2026-01-18,9,441
2026-01-18,10,687
2026-01-18,11,796
2026-01-18,12,788
2026-01-18,13,841
2026-01-18,14,949
2026-01-18,15,994
2026-01-18,16,1153
2026-01-18,17,1040
2026-01-18,18,753
2026-01-18,19,711
2026-01-18,20,722
2026-01-18,21,772
2026-01-18,22,666
2026-01-18,23,299
2026-01-19,0,216
2026-01-19,1,134
2026-01-19,2,73
2026-01-19,3,67
2026-01-19,4,74
2026-01-19,5,138
2026-01-19,6,328
2026-01-19,7,486
2026-01-19,8,650
2026-01-19,9,776
2026-01-19,10,842
2026-01-19,11,1102
2026-01-19,12,1283
2026-01-19,13,1113
2026-01-19,14,1078
2026-01-19,15,996
2026-01-19,16,1092
2026-01-19,17,1114
2026-01-19,18,1015
2026-01-19,19,883
2026-01-19,20,687
2026-01-19,21,538
2026-01-19,22,482
2026-01-19,23,339
2026-01-20,0,199
2026-01-20,1,79
2026-01-20,2,30
2026-01-20,3,47
2026-01-20,4,68
2026-01-20,5,162
2026-01-20,6,416
2026-01-20,7,983
2026-01-20,8,1349
2026-01-20,9,1407
2026-01-20,10,1070
2026-01-20,11,987
2026-01-20,12,1001
2026-01-20,13,976
2026-01-20,14,1097
2026-01-20,15,1211
2026-01-20,16,1364
2026-01-20,17,1472
2026-01-20,18,1172
2026-01-20,19,945
2026-01-20,20,645
2026-01-20,21,574
2026-01-20,22,324
2026-01-20,23,210
2026-01-21,0,122
2026-01-21,1,69
2026-01-21,2,36
2026-01-21,3,40
2026-01-21,4,66
2026-01-21,5,141
2026-01-21,6,382
2026-01-21,7,874
2026-01-21,8,1284
2026-01-21,9,1335
2026-01-21,10,1007
2026-01-21,11,927
2026-01-21,12,1008
2026-01-21,13,943
2026-01-21,14,1096
2026-01-21,15,1111
2026-01-21,16,1157
2026-01-21,17,1343
2026-01-21,18,1159
2026-01-21,19,985
2026-01-21,20,710
2026-01-21,21,499
2026-01-21,22,351
2026-01-21,23,198
2026-01-22,0,102
2026-01-22,1,46
2026-01-22,2,60
2026-01-22,3,32
2026-01-22,4,50
2026-01-22,5,148
2026-01-22,6,412
2026-01-22,7,930
2026-01-22,8,1405
2026-01-22,9,1307
2026-01-22,10,1021
2026-01-22,11,965
2026-01-22,12,959
2026-01-22,13,1045
2026-01-22,14,1137
2026-01-22,15,1317
2026-01-22,16,1463
2026-01-22,17,1471
2026-01-22,18,1280
2026-01-22,19,1124
2026-01-22,20,918
2026-01-22,21,798
2026-01-22,22,409
2026-01-22,23,286
2026-01-23,0,176
2026-01-23,1,91
2026-01-23,2,48
2026-01-23,3,33
2026-01-23,4,72
2026-01-23,5,128
2026-01-23,6,310
2026-01-23,7,504
2026-01-23,8,642
2026-01-23,9,718
2026-01-23,10,733
2026-01-23,11,710
2026-01-23,12,762
2026-01-23,13,808
2026-01-23,14,738
2026-01-23,15,833
2026-01-23,16,921
2026-01-23,17,1074
2026-01-23,18,938
2026-01-23,19,827
2026-01-23,20,575
2026-01-23,21,544
2026-01-23,22,352
2026-01-23,23,282
2026-01-24,0,203
2026-01-24,1,112
2026-01-24,2,84
2026-01-24,3,63
2026-01-24,4,59
2026-01-24,5,83
2026-01-24,6,128
2026-01-24,7,177
2026-01-24,8,303
2026-01-24,9,439
2026-01-24,10,532
2026-01-24,11,665
2026-01-24,12,747
2026-01-24,13,750
2026-01-24,14,791
2026-01-24,15,760
2026-01-24,16,733
2026-01-24,17,909
2026-01-24,18,873
2026-01-24,19,867
2026-01-24,20,687
2026-01-24,21,597
2026-01-24,22,468
2026-01-24,23,380
2026-01-25,0,315
2026-01-25,1,191
2026-01-25,2,144
2026-01-25,3,84
2026-01-25,4,69
2026-01-25,5,90
2026-01-25,6,163
2026-01-25,7,196
2026-01-25,8,268
2026-01-25,9,368
2026-01-25,10,495
2026-01-25,11,590
2026-01-25,12,650
2026-01-25,13,756
2026-01-25,14,728
2026-01-25,15,656
2026-01-25,16,692
2026-01-25,17,780
2026-01-25,18,639
2026-01-25,19,586
2026-01-25,20,491
2026-01-25,21,561
2026-01-25,22,334
2026-01-25,23,219
2026-01-26,0,174
2026-01-26,1,85
2026-01-26,2,51
2026-01-26,3,48
2026-01-26,4,54
2026-01-26,5,150
2026-01-26,6,433
2026-01-26,7,880
2026-01-26,8,1170
2026-01-26,9,1133
2026-01-26,10,876
2026-01-26,11,844
2026-01-26,12,861
2026-01-26,13,943
2026-01-26,14,961
2026-01-26,15,1090
2026-01-26,16,1235
2026-01-26,17,1363
2026-01-26,18,1171
2026-01-26,19,890
2026-01-26,20,626
2026-01-26,21,574
2026-01-26,22,486
2026-01-26,23,317
2026-01-27,0,237
2026-01-27,1,130
2026-01-27,2,60
2026-01-27,3,69
2026-01-27,4,74
2026-01-27,5,149
2026-01-27,6,451
2026-01-27,7,984
2026-01-27,8,1345
2026-01-27,9,1453
2026-01-27,10,1053
2026-01-27,11,986
2026-01-27,12,990
2026-01-27,13,1035
2026-01-27,14,1046
2026-01-27,15,1206
2026-01-27,16,1405
2026-01-27,17,1433
2026-01-27,18,1218
2026-01-27,19,1050
2026-01-27,20,855
2026-01-27,21,661
2026-01-27,22,405
2026-01-27,23,237
2026-01-28,0,175
2026-01-28,1,101
2026-01-28,2,56
2026-01-28,3,46
2026-01-28,4,74
2026-01-28,5,139
2026-01-28,6,423
2026-01-28,7,1008
2026-01-28,8,1469
2026-01-28,9,1455
2026-01-28,10,1113
2026-01-28,11,992
2026-01-28,12,1083
2026-01-28,13,1077
2026-01-28,14,1065
2026-01-28,15,1298
2026-01-28,16,1408
2026-01-28,17,1477
2026-01-28,18,1346
2026-01-28,19,1054
2026-01-28,20,810
2026-01-28,21,654
2026-01-28,22,425
2026-01-28,23,232
2026-01-29,0,166
2026-01-29,1,63
2026-01-29,2,37
2026-01-29,3,44
2026-01-29,4,64
2026-01-29,5,161
2026-01-29,6,423
2026-01-29,7,986
2026-01-29,8,1455
2026-01-29,9,1412
2026-01-29,10,1087
2026-01-29,11,1029
2026-01-29,12,1103
2026-01-29,13,1190
2026-01-29,14,1362
2026-01-29,15,1469
2026-01-29,16,1471
2026-01-29,17,1622
2026-01-29,18,1584
2026-01-29,19,1209
2026-01-29,20,1031
2026-01-29,21,837
2026-01-29,22,495
2026-01-29,23,282
2026-01-30,0,215
2026-01-30,1,95
2026-01-30,2,57
2026-01-30,3,51
2026-01-30,4,87
2026-01-30,5,153
2026-01-30,6,360
2026-01-30,7,854
2026-01-30,8,1170
2026-01-30,9,1147
2026-01-30,10,997
2026-01-30,11,1078
2026-01-30,12,1202
2026-01-30,13,1187
2026-01-30,14,1188
2026-01-30,15,1385
2026-01-30,16,1299
2026-01-30,17,1440
2026-01-30,18,1328
2026-01-30,19,1089
2026-01-30,20,991
2026-01-30,21,784
2026-01-30,22,809
2026-01-30,23,606
2026-01-31,0,482
2026-01-31,1,352
2026-01-31,2,201
2026-01-31,3,95
2026-01-31,4,72
2026-01-31,5,100
2026-01-31,6,173
2026-01-31,7,235
2026-01-31,8,404
2026-01-31,9,612
2026-01-31,10,777
2026-01-31,11,905
2026-01-31,12,858
2026-01-31,13,862
2026-01-31,14,860
2026-01-31,15,815
2026-01-31,16,850
2026-01-31,17,932
2026-01-31,18,1030
2026-01-31,19,955
2026-01-31,20,789
2026-01-31,21,665
2026-01-31,22,469
2026-01-31,23,396
2026-02-01,0,281
2026-02-01,1,218
2026-02-01,2,188
2026-02-01,3,98
2026-02-01,4,107
2026-02-01,5,88
2026-02-01,6,152
2026-02-01,7,227
2026-02-01,8,286
2026-02-01,9,490
2026-02-01,10,578
2026-02-01,11,688
2026-02-01,12,820
2026-02-01,13,872
2026-02-01,14,853
2026-02-01,15,829
2026-02-01,16,807
2026-02-01,17,830
2026-02-01,18,790
2026-02-01,19,773
2026-02-01,20,684
2026-02-01,21,583
2026-02-01,22,321
2026-02-01,23,250
2026-02-02,0,205
2026-02-02,1,105
2026-02-02,2,38
2026-02-02,3,29
2026-02-02,4,77
2026-02-02,5,179
2026-02-02,6,398
2026-02-02,7,831
2026-02-02,8,1251
2026-02-02,9,1250
2026-02-02,10,935
2026-02-02,11,842
2026-02-02,12,1008
2026-02-02,13,969
2026-02-02,14,1015
2026-02-02,15,1071
2026-02-02,16,1123
2026-02-02,17,1295
2026-02-02,18,1076
2026-02-02,19,892
2026-02-02,20,588
2026-02-02,21,510
2026-02-02,22,390
2026-02-02,23,234
2026-02-03,0,164
2026-02-03,1,61
2026-02-03,2,23
2026-02-03,3,42
2026-02-03,4,64
2026-02-03,5,159
2026-02-03,6,403
2026-02-03,7,1023
2026-02-03,8,1397
2026-02-03,9,1417
2026-02-03,10,1069
2026-02-03,11,959
2026-02-03,12,999
2026-02-03,13,1109
2026-02-03,14,1026
2026-02-03,15,1216
2026-02-03,16,1393
2026-02-03,17,1408
2026-02-03,18,1275
2026-02-03,19,891
2026-02-03,20,752
2026-02-03,21,610
2026-02-03,22,341
2026-02-03,23,196
2026-02-04,0,145
2026-02-04,1,37
2026-02-04,2,28
2026-02-04,3,43
2026-02-04,4,67
2026-02-04,5,145
2026-02-04,6,422
2026-02-04,7,965
2026-02-04,8,1443
2026-02-04,9,1384
2026-02-04,10,1070
2026-02-04,11,1009
2026-02-04,12,1020
2026-02-04,13,1105
2026-02-04,14,1096
2026-02-04,15,1226
2026-02-04,16,1375
2026-02-04,17,1480
2026-02-04,18,1317
2026-02-04,19,1002
2026-02-04,20,833
2026-02-04,21,488
2026-02-04,22,374
2026-02-04,23,285
2026-02-05,0,167
2026-02-05,1,60
2026-02-05,2,38
2026-02-05,3,30
2026-02-05,4,73
2026-02-05,5,146
2026-02-05,6,450
2026-02-05,7,999
2026-02-05,8,1467
2026-02-05,9,1370
2026-02-05,10,1120
2026-02-05,11,1035
2026-02-05,12,1078
2026-02-05,13,1135
2026-02-05,14,1146
2026-02-05,15,1335
2026-02-05,16,1432
2026-02-05,17,1549
2026-02-05,18,1368
2026-02-05,19,1141
2026-02-05,20,845
2026-02-05,21,841
2026-02-05,22,493
2026-02-05,23,316
2026-02-06,0,216
2026-02-06,1,102
2026-02-06,2,52
2026-02-06,3,34
2026-02-06,4,83
2026-02-06,5,152
2026-02-06,6,391
2026-02-06,7,787
2026-02-06,8,1102
2026-02-06,9,1055
2026-02-06,10,891
2026-02-06,11,877
2026-02-06,12,980
2026-02-06,13,1045
2026-02-06,14,1084
2026-02-06,15,1175
2026-02-06,16,1151
2026-02-06,17,1279
2026-02-06,18,1274
2026-02-06,19,1028
2026-02-06,20,788
2026-02-06,21,621
2026-02-06,22,501
2026-02-06,23,420
2026-02-07,0,250
2026-02-07,1,218
2026-02-07,2,148
2026-02-07,3,105
2026-02-07,4,76
2026-02-07,5,103
2026-02-07,6,159
2026-02-07,7,232
2026-02-07,8,324
2026-02-07,9,555
2026-02-07,10,608
2026-02-07,11,779
2026-02-07,12,859
2026-02-07,13,896
2026-02-07,14,856
2026-02-07,15,871
2026-02-07,16,935
2026-02-07,17,1006
2026-02-07,18,1042
2026-02-07,19,922
2026-02-07,20,741
2026-02-07,21,629
2026-02-07,22,457
2026-02-07,23,431
2026-02-08,0,390
2026-02-08,1,257
2026-02-08,2,165
2026-02-08,3,109
2026-02-08,4,83
2026-02-08,5,97
2026-02-08,6,149
2026-02-08,7,185
2026-02-08,8,287
2026-02-08,9,469
2026-02-08,10,589
2026-02-08,11,696
2026-02-08,12,788
2026-02-08,13,794
2026-02-08,14,775
2026-02-08,15,816
2026-02-08,16,916
2026-02-08,17,1005
2026-02-08,18,688
2026-02-08,19,722
2026-02-08,20,559
2026-02-08,21,664
2026-02-08,22,339
2026-02-08,23,244
2026-02-09,0,135
2026-02-09,1,57
2026-02-09,2,27
2026-02-09,3,43
2026-02-09,4,77
2026-02-09,5,204
2026-02-09,6,439
2026-02-09,7,921
2026-02-09,8,1218
2026-02-09,9,1086
2026-02-09,10,901
2026-02-09,11,803
2026-02-09,12,865
2026-02-09,13,919
2026-02-09,14,903
2026-02-09,15,962
2026-02-09,16,992
2026-02-09,17,1069
2026-02-09,18,767
2026-02-09,19,772
2026-02-09,20,606
2026-02-09,21,464
2026-02-09,22,264
2026-02-09,23,211
2026-02-10,0,142
2026-02-10,1,62
2026-02-10,2,21
2026-02-10,3,30
2026-02-10,4,68
2026-02-10,5,133
2026-02-10,6,356
2026-02-10,7,799
2026-02-10,8,1288
2026-02-10,9,1229
2026-02-10,10,893
2026-02-10,11,956
2026-02-10,12,974
2026-02-10,13,1030
2026-02-10,14,937
2026-02-10,15,1059
2026-02-10,16,1064
2026-02-10,17,1171
2026-02-10,18,990
2026-02-10,19,848
2026-02-10,20,749
2026-02-10,21,504
2026-02-10,22,328
2026-02-10,23,219
2026-02-11,0,104
2026-02-11,1,42
2026-02-11,2,33
2026-02-11,3,35
2026-02-11,4,54
2026-02-11,5,142
2026-02-11,6,372
2026-02-11,7,874
2026-02-11,8,1401
2026-02-11,9,1398
2026-02-11,10,1020
2026-02-11,11,1024
2026-02-11,12,1046
2026-02-11,13,1152
2026-02-11,14,1164
2026-02-11,15,1253
2026-02-11,16,1329
2026-02-11,17,1422
2026-02-11,18,1257
2026-02-11,19,1046
2026-02-11,20,840
2026-02-11,21,532
2026-02-11,22,365
2026-02-11,23,215
2026-02-12,0,134
2026-02-12,1,42
2026-02-12,2,35
2026-02-12,3,47
2026-02-12,4,92
2026-02-12,5,156
2026-02-12,6,390
2026-02-12,7,857
2026-02-12,8,1244
2026-02-12,9,1240
2026-02-12,10,990
2026-02-12,11,906
2026-02-12,12,1015
2026-02-12,13,1056
2026-02-12,14,1111
2026-02-12,15,1286
2026-02-12,16,1360
2026-02-12,17,1448
2026-02-12,18,1354
2026-02-12,19,1125
2026-02-12,20,876
2026-02-12,21,895
2026-02-12,22,580
2026-02-12,23,300
2026-02-13,0,189
2026-02-13,1,93
2026-02-13,2,56
2026-02-13,3,45
2026-02-13,4,100
2026-02-13,5,157
2026-02-13,6,342
2026-02-13,7,699
2026-02-13,8,895
2026-02-13,9,981
2026-02-13,10,916
2026-02-13,11,893
2026-02-13,12,1153
2026-02-13,13,1115
2026-02-13,14,1247
2026-02-13,15,1301
2026-02-13,16,1316
2026-02-13,17,1399
2026-02-13,18,1344
2026-02-13,19,1243
2026-02-13,20,755
2026-02-13,21,621
2026-02-13,22,545
2026-02-13,23,422
2026-02-14,0,306
2026-02-14,1,148
2026-02-14,2,116
2026-02-14,3,83
2026-02-14,4,85
2026-02-14,5,99
2026-02-14,6,128
2026-02-14,7,212
2026-02-14,8,316
2026-02-14,9,454
2026-02-14,10,606
2026-02-14,11,666
2026-02-14,12,830
2026-02-14,13,832
2026-02-14,14,919
2026-02-14,15,963
2026-02-14,16,985
2026-02-14,17,994
2026-02-14,18,929
2026-02-14,19,851
2026-02-14,20,659
2026-02-14,21,586
2026-02-14,22,480
2026-02-14,23,305
2026-02-15,0,185
2026-02-15,1,174
2026-02-15,2,168
2026-02-15,3,133
2026-02-15,4,114
2026-02-15,5,114
2026-02-15,6,142
2026-02-15,7,184
2026-02-15,8,256
2026-02-15,9,437
2026-02-15,10,656
2026-02-15,11,750
2026-02-15,12,832
2026-02-15,13,841
2026-02-15,14,893
2026-02-15,15,814
2026-02-15,16,784
2026-02-15,17,798
2026-02-15,18,722
2026-02-15,19,750
2026-02-15,20,603
2026-02-15,21,523
2026-02-15,22,383
2026-02-15,23,287
2026-02-16,0,156
2026-02-16,1,127
2026-02-16,2,60
2026-02-16,3,51
2026-02-16,4,74
2026-02-16,5,138
2026-02-16,6,244
2026-02-16,7,413
2026-02-16,8,640
2026-02-16,9,713
2026-02-16,10,640
2026-02-16,11,723
2026-02-16,12,856
2026-02-16,13,851
2026-02-16,14,880
2026-02-16,15,834
2026-02-16,16,800
2026-02-16,17,870
2026-02-16,18,702
2026-02-16,19,637
2026-02-16,20,647
2026-02-16,21,431
2026-02-16,22,360
2026-02-16,23,271
2026-02-17,0,188
2026-02-17,1,88
2026-02-17,2,43
2026-02-17,3,39
2026-02-17,4,73
2026-02-17,5,141
2026-02-17,6,365
2026-02-17,7,849
2026-02-17,8,1236
2026-02-17,9,1231
2026-02-17,10,993
2026-02-17,11,924
2026-02-17,12,966
2026-02-17,13,1010
2026-02-17,14,984
2026-02-17,15,1047
2026-02-17,16,1154
2026-02-17,17,1166
2026-02-17,18,1009
2026-02-17,19,923
2026-02-17,20,679
2026-02-17,21,615
2026-02-17,22,383
2026-02-17,23,263
2026-02-18,0,177
2026-02-18,1,86
2026-02-18,2,44
2026-02-18,3,33
2026-02-18,4,70
2026-02-18,5,117
2026-02-18,6,398
2026-02-18,7,882
2026-02-18,8,1451
2026-02-18,9,1369
2026-02-18,10,1030
2026-02-18,11,1009
2026-02-18,12,1095
2026-02-18,13,1164
2026-02-18,14,1144
2026-02-18,15,1166
2026-02-18,16,1227
2026-02-18,17,1407
2026-02-18,18,1287
2026-02-18,19,1157
2026-02-18,20,845
2026-02-18,21,637
2026-02-18,22,476
2026-02-18,23,296
2026-02-19,0,200
2026-02-19,1,74
2026-02-19,2,43
2026-02-19,3,42
2026-02-19,4,75
2026-02-19,5,176
2026-02-19,6,425
2026-02-19,7,855
2026-02-19,8,1371
2026-02-19,9,1333
2026-02-19,10,1007
2026-02-19,11,992
2026-02-19,12,1031
2026-02-19,13,1056
2026-02-19,14,1128
2026-02-19,15,1257
2026-02-19,16,1411
2026-02-19,17,1598
2026-02-19,18,1534
2026-02-19,19,1365
2026-02-19,20,1076
2026-02-19,21,894
2026-02-19,22,729
2026-02-19,23,396
2026-02-20,0,207
2026-02-20,1,87
2026-02-20,2,47
2026-02-20,3,43
2026-02-20,4,100
2026-02-20,5,149
2026-02-20,6,354
2026-02-20,7,807
2026-02-20,8,1223
2026-02-20,9,1196
2026-02-20,10,971
2026-02-20,11,993
2026-02-20,12,1152
2026-02-20,13,1236
2026-02-20,14,1244
2026-02-20,15,1444
2026-02-20,16,1529
2026-02-20,17,1646
2026-02-20,18,1629
2026-02-20,19,1274
2026-02-20,20,785
2026-02-20,21,656
2026-02-20,22,520
2026-02-20,23,355
2026-02-21,0,247
2026-02-21,1,148
2026-02-21,2,95
2026-02-21,3,87
2026-02-21,4,75
2026-02-21,5,102
2026-02-21,6,198
2026-02-21,7,286
2026-02-21,8,433
2026-02-21,9,599
2026-02-21,10,677
2026-02-21,11,819
2026-02-21,12,994
2026-02-21,13,1025
2026-02-21,14,985
2026-02-21,15,989
2026-02-21,16,1016
2026-02-21,17,1079
2026-02-21,18,1131
2026-02-21,19,1003
2026-02-21,20,731
2026-02-21,21,573
2026-02-21,22,546
2026-02-21,23,467
2026-02-22,0,279
2026-02-22,1,185
2026-02-22,2,129
2026-02-22,3,111
2026-02-22,4,118
2026-02-22,5,185
2026-02-22,6,221
2026-02-22,7,275
2026-02-22,8,359
2026-02-22,9,451
2026-02-22,10,787
2026-02-22,11,868
2026-02-22,12,949
2026-02-22,13,836
2026-02-22,14,766
2026-02-22,15,737
2026-02-22,16,723
2026-02-22,17,725
2026-02-22,18,718
2026-02-22,19,703
2026-02-22,20,609
2026-02-22,21,519
2026-02-22,22,383
2026-02-22,23,258
2026-02-23,0,178
2026-02-23,1,82
2026-02-23,2,50
2026-02-23,3,56
2026-02-23,4,86
2026-02-23,5,172
2026-02-23,6,375
2026-02-23,7,772
2026-02-23,8,1223
2026-02-23,9,1112
2026-02-23,10,851
2026-02-23,11,824
2026-02-23,12,893
2026-02-23,13,970
2026-02-23,14,969
2026-02-23,15,969
2026-02-23,16,1010
2026-02-23,17,1075
2026-02-23,18,901
2026-02-23,19,740
2026-02-23,20,642
2026-02-23,21,470
2026-02-23,22,301
2026-02-23,23,258
2026-02-24,0,168
2026-02-24,1,88
2026-02-24,2,34
2026-02-24,3,30
2026-02-24,4,74
2026-02-24,5,166
2026-02-24,6,360
2026-02-24,7,958
2026-02-24,8,1487
2026-02-24,9,1316
2026-02-24,10,918
2026-02-24,11,841
2026-02-24,12,943
2026-02-24,13,919
2026-02-24,14,1038
2026-02-24,15,998
2026-02-24,16,1244
2026-02-24,17,1398
2026-02-24,18,1187
2026-02-24,19,975
2026-02-24,20,789
2026-02-24,21,592
2026-02-24,22,335
2026-02-24,23,245
2026-02-25,0,152
2026-02-25,1,50
2026-02-25,2,47
2026-02-25,3,39
2026-02-25,4,74
2026-02-25,5,160
2026-02-25,6,384
2026-02-25,7,901
2026-02-25,8,1468
2026-02-25,9,1303
2026-02-25,10,918
2026-02-25,11,977
2026-02-25,12,1042
2026-02-25,13,1007
2026-02-25,14,1024
2026-02-25,15,1188
2026-02-25,16,1306
2026-02-25,17,1481
2026-02-25,18,1350
2026-02-25,19,1250
2026-02-25,20,974
2026-02-25,21,638
2026-02-25,22,439
2026-02-25,23,318
2026-02-26,0,156
2026-02-26,1,70
2026-02-26,2,46
2026-02-26,3,40
2026-02-26,4,67
2026-02-26,5,171
2026-02-26,6,382
2026-02-26,7,893
2026-02-26,8,1426
2026-02-26,9,1197
2026-02-26,10,913
2026-02-26,11,939
2026-02-26,12,1004
2026-02-26,13,1064
2026-02-26,14,1021
2026-02-26,15,1206
2026-02-26,16,1384
2026-02-26,17,1530
2026-02-26,18,1434
2026-02-26,19,1271
2026-02-26,20,996
2026-02-26,21,835
2026-02-26,22,610
2026-02-26,23,332
2026-02-27,0,173
2026-02-27,1,86
2026-02-27,2,48
2026-02-27,3,49
2026-02-27,4,93
2026-02-27,5,179
2026-02-27,6,354
2026-02-27,7,698
2026-02-27,8,994
2026-02-27,9,945
2026-02-27,10,860
2026-02-27,11,933
2026-02-27,12,1272
2026-02-27,13,1260
2026-02-27,14,1281
2026-02-27,15,1289
2026-02-27,16,1299
2026-02-27,17,1385
2026-02-27,18,1443
2026-02-27,19,1217
2026-02-27,20,768
2026-02-27,21,669
2026-02-27,22,554
2026-02-27,23,434
2026-02-28,0,316
2026-02-28,1,225
2026-02-28,2,132
2026-02-28,3,89
2026-02-28,4,87
2026-02-28,5,137
2026-02-28,6,166
2026-02-28,7,221
2026-02-28,8,329
2026-02-28,9,493
2026-02-28,10,643
2026-02-28,11,874
2026-02-28,12,1013
2026-02-28,13,957
2026-02-28,14,873
2026-02-28,15,934
2026-02-28,16,995
2026-02-28,17,1104
2026-02-28,18,1140
2026-02-28,19,956
2026-02-28,20,660
2026-02-28,21,641
2026-02-28,22,539
2026-02-28,23,492
2026-03-01,0,327
2026-03-01,1,210
2026-03-01,2,186
2026-03-01,3,165
2026-03-01,4,108
2026-03-01,5,142
2026-03-01,6,163
2026-03-01,7,206
2026-03-01,8,346
2026-03-01,9,481
2026-03-01,10,657
2026-03-01,11,833
2026-03-01,12,987
2026-03-01,13,951
2026-03-01,14,863
2026-03-01,15,862
2026-03-01,16,783
2026-03-01,17,876
2026-03-01,18,849
2026-03-01,19,749
2026-03-01,20,604
2026-03-01,21,562
2026-03-01,22,430
2026-03-01,23,307
2026-03-02,0,267
2026-03-02,1,117
2026-03-02,2,54
2026-03-02,3,45
2026-03-02,4,90
2026-03-02,5,162
2026-03-02,6,337
2026-03-02,7,754
2026-03-02,8,1017
2026-03-02,9,951
2026-03-02,10,871
2026-03-02,11,862
2026-03-02,12,911
2026-03-02,13,983
2026-03-02,14,1003
2026-03-02,15,1116
2026-03-02,16,1175
2026-03-02,17,1188
2026-03-02,18,1026
2026-03-02,19,812
2026-03-02,20,642
2026-03-02,21,495
2026-03-02,22,330
2026-03-02,23,247
2026-03-03,0,156
2026-03-03,1,67
2026-03-03,2,39
2026-03-03,3,37
2026-03-03,4,66
2026-03-03,5,145
2026-03-03,6,332
2026-03-03,7,829
2026-03-03,8,1423
2026-03-03,9,1259
2026-03-03,10,982
2026-03-03,11,930
2026-03-03,12,1005
2026-03-03,13,1060
2026-03-03,14,1074
2026-03-03,15,1132
2026-03-03,16,1246
2026-03-03,17,1399
2026-03-03,18,1268
2026-03-03,19,1077
2026-03-03,20,665
2026-03-03,21,572
2026-03-03,22,380
2026-03-03,23,261
2026-03-04,0,145
2026-03-04,1,61
2026-03-04,2,40
2026-03-04,3,38
2026-03-04,4,74
2026-03-04,5,150
2026-03-04,6,368
2026-03-04,7,909
2026-03-04,8,1357
2026-03-04,9,1231
2026-03-04,10,972
2026-03-04,11,1053
2026-03-04,12,1076
2026-03-04,13,1122
2026-03-04,14,1286
2026-03-04,15,1371
2026-03-04,16,1467
2026-03-04,17,1556
2026-03-04,18,1491
2026-03-04,19,1205
2026-03-04,20,868
2026-03-04,21,539
2026-03-04,22,427
2026-03-04,23,278
2026-03-05,0,185
2026-03-05,1,70
2026-03-05,2,53
2026-03-05,3,54
2026-03-05,4,90
2026-03-05,5,193
2026-03-05,6,419
2026-03-05,7,1021
2026-03-05,8,1543
2026-03-05,9,1300
2026-03-05,10,1052
2026-03-05,11,1017
2026-03-05,12,1112
2026-03-05,13,1197
2026-03-05,14,1248
2026-03-05,15,1297
2026-03-05,16,1311
2026-03-05,17,1396
2026-03-05,18,1366
2026-03-05,19,1200
2026-03-05,20,844
2026-03-05,21,775
2026-03-05,22,531
2026-03-05,23,401
2026-03-06,0,206
2026-03-06,1,104
2026-03-06,2,45
2026-03-06,3,46
2026-03-06,4,83
2026-03-06,5,191
2026-03-06,6,378
2026-03-06,7,719
2026-03-06,8,968
2026-03-06,9,992
2026-03-06,10,918
2026-03-06,11,889
2026-03-06,12,1133
2026-03-06,13,1039
2026-03-06,14,1120
2026-03-06,15,1196
2026-03-06,16,1619
2026-03-06,17,1363
2026-03-06,18,1470
2026-03-06,19,1297
2026-03-06,20,810
2026-03-06,21,679
2026-03-06,22,668
2026-03-06,23,709
2026-03-07,0,517
2026-03-07,1,369
2026-03-07,2,234
2026-03-07,3,168
2026-03-07,4,106
2026-03-07,5,106
2026-03-07,6,150
2026-03-07,7,232
2026-03-07,8,382
2026-03-07,9,565
2026-03-07,10,827
2026-03-07,11,1045
2026-03-07,12,1148
2026-03-07,13,1209
2026-03-07,14,1040
2026-03-07,15,971
2026-03-07,16,1108
2026-03-07,17,1134
2026-03-07,18,1139
2026-03-07,19,990
2026-03-07,20,716
2026-03-07,21,632
2026-03-07,22,558
2026-03-07,23,504
2026-03-08,0,389
2026-03-08,1,229
2026-03-08,3,189
2026-03-08,4,162
2026-03-08,5,170
2026-03-08,6,196
2026-03-08,7,289
2026-03-08,8,419
2026-03-08,9,590
2026-03-08,10,787
2026-03-08,11,882
2026-03-08,12,963
2026-03-08,13,974
2026-03-08,14,917
2026-03-08,15,973
2026-03-08,16,869
2026-03-08,17,931
2026-03-08,18,890
2026-03-08,19,807
2026-03-08,20,721
2026-03-08,21,675
2026-03-08,22,486
2026-03-08,23,278
2026-03-09,0,203
2026-03-09,1,203
2026-03-09,2,94
2026-03-09,3,50
2026-03-09,4,77
2026-03-09,5,194
2026-03-09,6,423
2026-03-09,7,834
2026-03-09,8,1188
2026-03-09,9,1190
2026-03-09,10,966
2026-03-09,11,909
2026-03-09,12,1020
2026-03-09,13,1075
2026-03-09,14,1161
2026-03-09,15,1283
2026-03-09,16,1245
2026-03-09,17,1295
2026-03-09,18,1226
2026-03-09,19,975
2026-03-09,20,803
2026-03-09,21,636
2026-03-09,22,436
2026-03-09,23,304
2026-03-10,0,200
2026-03-10,1,83
2026-03-10,2,51
2026-03-10,3,39
2026-03-10,4,68
2026-03-10,5,144
2026-03-10,6,368
2026-03-10,7,976
2026-03-10,8,1571
2026-03-10,9,1456
2026-03-10,10,1160
2026-03-10,11,1064
2026-03-10,12,1106
2026-03-10,13,1141
2026-03-10,14,1201
2026-03-10,15,1441
2026-03-10,16,1602
2026-03-10,17,1677
2026-03-10,18,1628
2026-03-10,19,1170
2026-03-10,20,903
2026-03-10,21,640
2026-03-10,22,452
2026-03-10,23,324
2026-03-11,0,197
2026-03-11,1,99
2026-03-11,2,128
2026-03-11,3,154
2026-03-11,4,145
2026-03-11,5,230
2026-03-11,6,567
2026-03-11,7,1116
2026-03-11,8,1524
2026-03-11,9,1572
2026-03-11,10,1230
2026-03-11,11,1150
2026-03-11,12,1391
2026-03-11,13,1462
2026-03-11,14,1472
2026-03-11,15,1523
2026-03-11,16,1605
2026-03-11,17,1658
2026-03-11,18,1348
2026-03-11,19,1202
2026-03-11,20,1022
2026-03-11,21,942
2026-03-11,22,682
2026-03-11,23,376
2026-03-12,0,260
2026-03-12,1,129
2026-03-12,2,53
2026-03-12,3,69
2026-03-12,4,95
2026-03-12,5,258
2026-03-12,6,526
2026-03-12,7,1067
2026-03-12,8,1620
2026-03-12,9,1505
2026-03-12,10,1234
2026-03-12,11,1213
2026-03-12,12,1310
2026-03-12,13,1345
2026-03-12,14,1407
2026-03-12,15,1547
2026-03-12,16,1584
2026-03-12,17,1595
2026-03-12,18,1401
2026-03-12,19,1353
2026-03-12,20,1090
2026-03-12,21,1083
2026-03-12,22,872
2026-03-12,23,495
2026-03-13,0,318
2026-03-13,1,190
2026-03-13,2,96
2026-03-13,3,71
2026-03-13,4,117
2026-03-13,5,249
2026-03-13,6,461
2026-03-13,7,939
2026-03-13,8,1312
2026-03-13,9,1174
2026-03-13,10,1208
2026-03-13,11,1234
2026-03-13,12,1477
2026-03-13,13,1363
2026-03-13,14,1418
2026-03-13,15,1547
2026-03-13,16,1722
2026-03-13,17,1619
2026-03-13,18,1635
2026-03-13,19,1466
2026-03-13,20,1093
2026-03-13,21,1015
2026-03-13,22,1048
2026-03-13,23,788
2026-03-14,0,412
2026-03-14,1,239
2026-03-14,2,131
2026-03-14,3,84
2026-03-14,4,88
2026-03-14,5,127
2026-03-14,6,174
2026-03-14,7,347
2026-03-14,8,713
2026-03-14,9,920
2026-03-14,10,1043
2026-03-14,11,1144
2026-03-14,12,1150
2026-03-14,13,1204
2026-03-14,14,1293
2026-03-14,15,1382
2026-03-14,16,1429
2026-03-14,17,1478
2026-03-14,18,1433
2026-03-14,19,1281
2026-03-14,20,1231
2026-03-14,21,1151
2026-03-14,22,1033
2026-03-14,23,829
2026-03-15,0,517
2026-03-15,1,320
2026-03-15,2,233
2026-03-15,3,176
2026-03-15,4,183
2026-03-15,5,220
2026-03-15,6,219
2026-03-15,7,265
2026-03-15,8,461
2026-03-15,9,673
2026-03-15,10,1001
2026-03-15,11,1257
2026-03-15,12,1073
2026-03-15,13,951
2026-03-15,14,863
2026-03-15,15,884
2026-03-15,16,852
2026-03-15,17,974
2026-03-15,18,809
2026-03-15,19,712
2026-03-15,20,737
2026-03-15,21,705
2026-03-15,22,651
2026-03-15,23,574
2026-03-16,0,472
2026-03-16,1,403
2026-03-16,2,173
2026-03-16,3,173
2026-03-16,4,216
2026-03-16,5,243
2026-03-16,6,475
2026-03-16,7,880
2026-03-16,8,1177
2026-03-16,9,1407
2026-03-16,10,1312
2026-03-16,11,1406
2026-03-16,12,1707
2026-03-16,13,1682
2026-03-16,14,1672
2026-03-16,15,1771
2026-03-16,16,1766
2026-03-16,17,1639
2026-03-16,18,1379
2026-03-16,19,1183
2026-03-16,20,991
2026-03-16,21,933
2026-03-16,22,532
2026-03-16,23,326
2026-03-17,0,294
2026-03-17,1,188
2026-03-17,2,95
2026-03-17,3,117
2026-03-17,4,142
2026-03-17,5,240
2026-03-17,6,512
2026-03-17,7,1090
2026-03-17,8,1652
2026-03-17,9,1517
2026-03-17,10,1019
2026-03-17,11,1127
2026-03-17,12,1439
2026-03-17,13,1344
2026-03-17,14,1443
2026-03-17,15,1565
2026-03-17,16,1627
2026-03-17,17,1612
2026-03-17,18,1576
2026-03-17,19,1251
2026-03-17,20,976
2026-03-17,21,839
2026-03-17,22,632
2026-03-17,23,417
2026-03-18,0,213
2026-03-18,1,111
2026-03-18,2,59
2026-03-18,3,56
2026-03-18,4,131
2026-03-18,5,265
2026-03-18,6,525
2026-03-18,7,1048
2026-03-18,8,1495
2026-03-18,9,1548
2026-03-18,10,1218
2026-03-18,11,1247
2026-03-18,12,1287
2026-03-18,13,1358
2026-03-18,14,1404
2026-03-18,15,1488
2026-03-18,16,1443
2026-03-18,17,1499
2026-03-18,18,1304
2026-03-18,19,1232
2026-03-18,20,976
2026-03-18,21,749
2026-03-18,22,561
2026-03-18,23,293
2026-03-19,0,146
2026-03-19,1,86
2026-03-19,2,44
2026-03-19,3,49
2026-03-19,4,85
2026-03-19,5,221
2026-03-19,6,470
2026-03-19,7,1019
2026-03-19,8,1400
2026-03-19,9,1260
2026-03-19,10,1057
2026-03-19,11,1107
2026-03-19,12,1244
2026-03-19,13,1363
2026-03-19,14,1461
2026-03-19,15,1642
2026-03-19,16,1557
2026-03-19,17,1536
2026-03-19,18,1507
2026-03-19,19,1340
2026-03-19,20,1116
2026-03-19,21,952
2026-03-19,22,800
2026-03-19,23,446
2026-03-20,0,211
2026-03-20,1,138
2026-03-20,2,93
2026-03-20,3,61
2026-03-20,4,104
2026-03-20,5,160
2026-03-20,6,421
2026-03-20,7,788
2026-03-20,8,1061
2026-03-20,9,1012
2026-03-20,10,992
2026-03-20,11,1137
2026-03-20,12,1226
2026-03-20,13,1434
2026-03-20,14,1463
2026-03-20,15,1375
2026-03-20,16,1481
2026-03-20,17,1554
2026-03-20,18,1533
2026-03-20,19,1312
2026-03-20,20,977
2026-03-20,21,762
2026-03-20,22,757
2026-03-20,23,583
2026-03-21,0,456
2026-03-21,1,244
2026-03-21,2,135
2026-03-21,3,120
2026-03-21,4,98
2026-03-21,5,107
2026-03-21,6,170
2026-03-21,7,226
2026-03-21,8,358
2026-03-21,9,603
2026-03-21,10,942
2026-03-21,11,1023
2026-03-21,12,1211
2026-03-21,13,1173
2026-03-21,14,1107
2026-03-21,15,1141
2026-03-21,16,1162
2026-03-21,17,1095
2026-03-21,18,1183
2026-03-21,19,1052
2026-03-21,20,770
2026-03-21,21,841
2026-03-21,22,767
2026-03-21,23,666
2026-03-22,0,403
2026-03-22,1,319
2026-03-22,2,195
2026-03-22,3,165
2026-03-22,4,160
2026-03-22,5,182
2026-03-22,6,239
2026-03-22,7,337
2026-03-22,8,422
2026-03-22,9,579
2026-03-22,10,776
2026-03-22,11,965
2026-03-22,12,1123
2026-03-22,13,1154
2026-03-22,14,1141
2026-03-22,15,1267
2026-03-22,16,1171
2026-03-22,17,1224
2026-03-22,18,1000
2026-03-22,19,811
2026-03-22,20,693
2026-03-22,21,630
2026-03-22,22,506
2026-03-22,23,393
2026-03-23,0,280
2026-03-23,1,168
2026-03-23,2,69
2026-03-23,3,60
2026-03-23,4,89
2026-03-23,5,200
2026-03-23,6,449
2026-03-23,7,705
2026-03-23,8,1083
2026-03-23,9,1072
2026-03-23,10,971
2026-03-23,11,954
2026-03-23,12,1084
2026-03-23,13,1216
2026-03-23,14,1149
2026-03-23,15,1241
2026-03-23,16,1258
2026-03-23,17,1212
2026-03-23,18,976
2026-03-23,19,876
2026-03-23,20,665
2026-03-23,21,624
2026-03-23,22,383
2026-03-23,23,258
2026-03-24,0,181
2026-03-24,1,119
2026-03-24,2,45
2026-03-24,3,38
2026-03-24,4,90
2026-03-24,5,180
2026-03-24,6,446
2026-03-24,7,843
2026-03-24,8,1405
2026-03-24,9,1444
2026-03-24,10,1009
2026-03-24,11,1005
2026-03-24,12,1077
2026-03-24,13,1183
2026-03-24,14,1153
2026-03-24,15,1246
2026-03-24,16,1222
2026-03-24,17,1284
2026-03-24,18,974
2026-03-24,19,914
2026-03-24,20,743
2026-03-24,21,584
2026-03-24,22,373
2026-03-24,23,239
2026-03-25,0,140
2026-03-25,1,61
2026-03-25,2,49
2026-03-25,3,65
2026-03-25,4,90
2026-03-25,5,164
2026-03-25,6,392
2026-03-25,7,783
2026-03-25,8,1215
2026-03-25,9,1163
2026-03-25,10,1005
2026-03-25,11,946
2026-03-25,12,1095
2026-03-25,13,1124
2026-03-25,14,1140
2026-03-25,15,1252
2026-03-25,16,1214
2026-03-25,17,1375
2026-03-25,18,1038
2026-03-25,19,947
2026-03-25,20,829
2026-03-25,21,630
2026-03-25,22,491
2026-03-25,23,313
2026-03-26,0,182
2026-03-26,1,69
2026-03-26,2,65
2026-03-26,3,57
2026-03-26,4,108
2026-03-26,5,185
2026-03-26,6,370
2026-03-26,7,651
2026-03-26,8,1058
2026-03-26,9,1060
2026-03-26,10,1029
2026-03-26,11,1091
2026-03-26,12,1339
2026-03-26,13,1332
2026-03-26,14,1362
2026-03-26,15,1550
2026-03-26,16,1736
2026-03-26,17,1831
2026-03-26,18,1654
2026-03-26,19,1345
2026-03-26,20,1109
2026-03-26,21,824
2026-03-26,22,785
2026-03-26,23,705
2026-03-27,0,510
2026-03-27,1,332
2026-03-27,2,230
2026-03-27,3,214
2026-03-27,4,138
2026-03-27,5,184
2026-03-27,6,361
2026-03-27,7,589
2026-03-27,8,916
2026-03-27,9,1048
2026-03-27,10,1067
2026-03-27,11,1106
2026-03-27,12,1296
2026-03-27,13,1282
2026-03-27,14,1352
2026-03-27,15,1395
2026-03-27,16,1341
2026-03-27,17,1583
2026-03-27,18,1491
2026-03-27,19,1147
2026-03-27,20,863
2026-03-27,21,860
2026-03-27,22,763
2026-03-27,23,680
2026-03-28,0,461
2026-03-28,1,221
2026-03-28,2,143
2026-03-28,3,107
2026-03-28,4,110
2026-03-28,5,118
2026-03-28,6,142
2026-03-28,7,229
2026-03-28,8,400
2026-03-28,9,741
2026-03-28,10,966
2026-03-28,11,1066
2026-03-28,12,1173
2026-03-28,13,1057
2026-03-28,14,1056
2026-03-28,15,1051
2026-03-28,16,1162
2026-03-28,17,1180
2026-03-28,18,1048
2026-03-28,19,1008
2026-03-28,20,872
2026-03-28,21,736
2026-03-28,22,723
2026-03-28,23,617
2026-03-29,0,415
2026-03-29,1,261
2026-03-29,2,179
2026-03-29,3,124
2026-03-29,4,111
2026-03-29,5,141
2026-03-29,6,197
2026-03-29,7,261
2026-03-29,8,468
2026-03-29,9,750
2026-03-29,10,992
2026-03-29,11,1059
2026-03-29,12,1206
2026-03-29,13,1030
2026-03-29,14,1014
2026-03-29,15,1041
2026-03-29,16,1046
2026-03-29,17,1034
2026-03-29,18,921
2026-03-29,19,900
2026-03-29,20,740
2026-03-29,21,631
2026-03-29,22,484
2026-03-29,23,336
2026-03-30,0,233
2026-03-30,1,142
2026-03-30,2,67
2026-03-30,3,51
2026-03-30,4,83
2026-03-30,5,168
2026-03-30,6,362
2026-03-30,7,782
2026-03-30,8,1143
2026-03-30,9,1059
2026-03-30,10,897
2026-03-30,11,922
2026-03-30,12,1033
2026-03-30,13,1037
2026-03-30,14,1177
2026-03-30,15,1367
2026-03-30,16,1353
2026-03-30,17,1368
2026-03-30,18,1209
2026-03-30,19,891
2026-03-30,20,780
2026-03-30,21,746
2026-03-30,22,537
2026-03-30,23,283
2026-03-31,0,142
2026-03-31,1,181
2026-03-31,2,166
2026-03-31,3,75
2026-03-31,4,85
2026-03-31,5,151
2026-03-31,6,328
2026-03-31,7,921
2026-03-31,8,1348
2026-03-31,9,1364
2026-03-31,10,976
2026-03-31,11,1250
2026-03-31,12,1080
2026-03-31,13,1090
2026-03-31,14,1201
2026-03-31,15,1511
2026-03-31,16,1596
2026-03-31,17,1601
2026-03-31,18,1571
2026-03-31,19,1092
2026-03-31,20,759
2026-03-31,21,623
2026-03-31,22,721
2026-03-31,23,534
2026-04-01,0,287
2026-04-01,1,177
2026-04-01,2,131
2026-04-01,3,126
2026-04-01,4,114
2026-04-01,5,167
2026-04-01,6,384
2026-04-01,7,1029
2026-04-01,8,1532
2026-04-01,9,1334
2026-04-01,10,1142
2026-04-01,11,1205
2026-04-01,12,1516
2026-04-01,13,1573
2026-04-01,14,1521
2026-04-01,15,1535
2026-04-01,16,1632
2026-04-01,17,1505
2026-04-01,18,1361
2026-04-01,19,1007
2026-04-01,20,763
2026-04-01,21,624
2026-04-01,22,440
2026-04-01,23,237
2026-04-02,0,183
2026-04-02,1,112
2026-04-02,2,56
2026-04-02,3,55
2026-04-02,4,92
2026-04-02,5,223
2026-04-02,6,463
2026-04-02,7,993
2026-04-02,8,1392
2026-04-02,9,1359
2026-04-02,10,1148
2026-04-02,11,1131
2026-04-02,12,1177
2026-04-02,13,1189
2026-04-02,14,1484
2026-04-02,15,1661
2026-04-02,16,1666
2026-04-02,17,1509
2026-04-02,18,1234
2026-04-02,19,992
2026-04-02,20,836
2026-04-02,21,841
2026-04-02,22,505
2026-04-02,23,442
2026-04-03,0,453
2026-04-03,1,407
2026-04-03,2,323
2026-04-03,3,177
2026-04-03,4,133
2026-04-03,5,207
2026-04-03,6,441
2026-04-03,7,651
2026-04-03,8,846
2026-04-03,9,1022
2026-04-03,10,1062
2026-04-03,11,1429
2026-04-03,12,1533
2026-04-03,13,1483
2026-04-03,14,1571
2026-04-03,15,1502
2026-04-03,16,1353
2026-04-03,17,1388
2026-04-03,18,1286
2026-04-03,19,1225
2026-04-03,20,875
2026-04-03,21,904
2026-04-03,22,787
2026-04-03,23,600
2026-04-04,0,389
2026-04-04,1,293
2026-04-04,2,193
2026-04-04,3,119
2026-04-04,4,88
2026-04-04,5,107
2026-04-04,6,265
2026-04-04,7,349
2026-04-04,8,461
2026-04-04,9,646
2026-04-04,10,1032
2026-04-04,11,1060
2026-04-04,12,1145
2026-04-04,13,1171
2026-04-04,14,1164
2026-04-04,15,1021
2026-04-04,16,1103
2026-04-04,17,1010
2026-04-04,18,829
2026-04-04,19,850
2026-04-04,20,739
2026-04-04,21,687
2026-04-04,22,749
2026-04-04,23,505
2026-04-05,0,266
2026-04-05,1,191
2026-04-05,2,102
2026-04-05,3,80
2026-04-05,4,99
2026-04-05,5,111
2026-04-05,6,263
2026-04-05,7,326
2026-04-05,8,480
2026-04-05,9,716
2026-04-05,10,984
2026-04-05,11,1045
2026-04-05,12,1079
2026-04-05,13,1149
2026-04-05,14,1057
2026-04-05,15,1011
2026-04-05,16,924
2026-04-05,17,851
2026-04-05,18,727
2026-04-05,19,707
2026-04-05,20,617
2026-04-05,21,576
2026-04-05,22,458
2026-04-05,23,265
2026-04-06,0,208
2026-04-06,1,123
2026-04-06,2,67
2026-04-06,3,46
2026-04-06,4,66
2026-04-06,5,182
2026-04-06,6,384
2026-04-06,7,750
2026-04-06,8,1080
2026-04-06,9,1023
2026-04-06,10,1002
2026-04-06,11,993
2026-04-06,12,1055
2026-04-06,13,1193
2026-04-06,14,1199
2026-04-06,15,1220
2026-04-06,16,1297
2026-04-06,17,1285
2026-04-06,18,1057
2026-04-06,19,962
2026-04-06,20,674
2026-04-06,21,664
2026-04-06,22,647
2026-04-06,23,370
2026-04-07,0,183
2026-04-07,1,96
2026-04-07,2,46
2026-04-07,3,37
2026-04-07,4,71
2026-04-07,5,160
2026-04-07,6,426
2026-04-07,7,984
2026-04-07,8,1534
2026-04-07,9,1544
2026-04-07,10,1179
2026-04-07,11,1126
2026-04-07,12,1150
2026-04-07,13,1162
2026-04-07,14,1283
2026-04-07,15,1460
2026-04-07,16,1492
2026-04-07,17,1530
2026-04-07,18,1307
2026-04-07,19,1069
2026-04-07,20,796
2026-04-07,21,612
2026-04-07,22,417
2026-04-07,23,276
2026-04-08,0,186
2026-04-08,1,77
2026-04-08,2,47
2026-04-08,3,44
2026-04-08,4,70
2026-04-08,5,152
2026-04-08,6,391
2026-04-08,7,1004
2026-04-08,8,1599
2026-04-08,9,1514
2026-04-08,10,1090
2026-04-08,11,1132
2026-04-08,12,1141
2026-04-08,13,1143
2026-04-08,14,1398
2026-04-08,15,1524
2026-04-08,16,1570
2026-04-08,17,1489
2026-04-08,18,1283
2026-04-08,19,1055
2026-04-08,20,840
2026-04-08,21,660
2026-04-08,22,458
2026-04-08,23,282
2026-04-09,0,180
2026-04-09,1,80
2026-04-09,2,45
2026-04-09,3,51
2026-04-09,4,92
2026-04-09,5,196
2026-04-09,6,414
2026-04-09,7,968
2026-04-09,8,1490
2026-04-09,9,1384
2026-04-09,10,1111
2026-04-09,11,1087
2026-04-09,12,1245
2026-04-09,13,1462
2026-04-09,14,1593
2026-04-09,15,1721
2026-04-09,16,1712
2026-04-09,17,1669
2026-04-09,18,1612
2026-04-09,19,1341
2026-04-09,20,898
2026-04-09,21,851
2026-04-09,22,638
2026-04-09,23,302
2026-04-10,0,226
2026-04-10,1,104
2026-04-10,2,53
2026-04-10,3,59
2026-04-10,4,110
2026-04-10,5,210
2026-04-10,6,392
2026-04-10,7,862
2026-04-10,8,1189
2026-04-10,9,1199
2026-04-10,10,1087
2026-04-10,11,1177
2026-04-10,12,1499
2026-04-10,13,1402
2026-04-10,14,1486
2026-04-10,15,1564
2026-04-10,16,1518
2026-04-10,17,1528
2026-04-10,18,1491
2026-04-10,19,1079
2026-04-10,20,788
2026-04-10,21,824
2026-04-10,22,679
2026-04-10,23,498
2026-04-11,0,271
2026-04-11,1,152
2026-04-11,2,111
2026-04-11,3,96
2026-04-11,4,94
2026-04-11,5,98
2026-04-11,6,166
2026-04-11,7,236
2026-04-11,8,438
2026-04-11,9,697
2026-04-11,10,1022
2026-04-11,11,1107
2026-04-11,12,1231
2026-04-11,13,1204
2026-04-11,14,1233
2026-04-11,15,1253
2026-04-11,16,1157
2026-04-11,17,1158
2026-04-11,18,1115
2026-04-11,19,1056
2026-04-11,20,804
2026-04-11,21,697
2026-04-11,22,626
2026-04-11,23,449
2026-04-12,0,315
2026-04-12,1,199
2026-04-12,2,148
2026-04-12,3,96
2026-04-12,4,113
2026-04-12,5,146
2026-04-12,6,214
2026-04-12,7,245
2026-04-12,8,433
2026-04-12,9,674
2026-04-12,10,913
2026-04-12,11,1001
2026-04-12,12,1078
2026-04-12,13,1147
2026-04-12,14,1188
2026-04-12,15,1063
2026-04-12,16,905
2026-04-12,17,1026
2026-04-12,18,959
2026-04-12,19,942
2026-04-12,20,770
2026-04-12,21,677
2026-04-12,22,583
2026-04-12,23,404
2026-04-13,0,244
2026-04-13,1,125
2026-04-13,2,74
2026-04-13,3,50
2026-04-13,4,70
2026-04-13,5,184
2026-04-13,6,459
2026-04-13,7,967
2026-04-13,8,1429
2026-04-13,9,1286
2026-04-13,10,1077
2026-04-13,11,969
2026-04-13,12,1028
2026-04-13,13,1092
2026-04-13,14,1137
2026-04-13,15,1286
2026-04-13,16,1150
2026-04-13,17,1087
2026-04-13,18,1028
2026-04-13,19,742
2026-04-13,20,742
2026-04-13,21,714
2026-04-13,22,589
2026-04-13,23,404
2026-04-14,0,226
2026-04-14,1,125
2026-04-14,2,54
2026-04-14,3,37
2026-04-14,4,57
2026-04-14,5,140
2026-04-14,6,468
2026-04-14,7,1247
2026-04-14,8,1602
2026-04-14,9,1382
2026-04-14,10,1137
2026-04-14,11,1134
2026-04-14,12,1236
2026-04-14,13,1221
2026-04-14,14,1373
2026-04-14,15,1464
2026-04-14,16,1548
2026-04-14,17,1443
2026-04-14,18,1329
2026-04-14,19,1009
2026-04-14,20,715
2026-04-14,21,651
2026-04-14,22,444
2026-04-14,23,318
2026-04-15,0,193
2026-04-15,1,101
2026-04-15,2,96
2026-04-15,3,128
2026-04-15,4,124
2026-04-15,5,225
2026-04-15,6,514
2026-04-15,7,1145
2026-04-15,8,1593
2026-04-15,9,1605
2026-04-15,10,1255
2026-04-15,11,1202
2026-04-15,12,1249
2026-04-15,13,1310
2026-04-15,14,1457
2026-04-15,15,1606
2026-04-15,16,1547
2026-04-15,17,1579
2026-04-15,18,1379
2026-04-15,19,1026
2026-04-15,20,874
2026-04-15,21,745
2026-04-15,22,671
2026-04-15,23,471
2026-04-16,0,222
2026-04-16,1,175
2026-04-16,2,103
2026-04-16,3,75
2026-04-16,4,106
2026-04-16,5,262
2026-04-16,6,640
2026-04-16,7,1082
2026-04-16,8,1417
2026-04-16,9,1467
2026-04-16,10,1145
2026-04-16,11,1283
2026-04-16,12,1520
2026-04-16,13,1554
2026-04-16,14,1482
2026-04-16,15,1623
2026-04-16,16,1527
2026-04-16,17,1502
2026-04-16,18,1392
2026-04-16,19,1198
2026-04-16,20,1016
2026-04-16,21,910
2026-04-16,22,783
2026-04-16,23,465
2026-04-17,0,272
2026-04-17,1,152
2026-04-17,2,68
2026-04-17,3,66
2026-04-17,4,101
2026-04-17,5,254
2026-04-17,6,431
2026-04-17,7,932
2026-04-17,8,1269
2026-04-17,9,1162
2026-04-17,10,1022
2026-04-17,11,1319
2026-04-17,12,1595
2026-04-17,13,1569
2026-04-17,14,1514
2026-04-17,15,1668
2026-04-17,16,1717
2026-04-17,17,1736
2026-04-17,18,1619
2026-04-17,19,1409
2026-04-17,20,881
2026-04-17,21,955
2026-04-17,22,755
2026-04-17,23,547
2026-04-18,0,339
2026-04-18,1,306
2026-04-18,2,267
2026-04-18,3,115
2026-04-18,4,85
2026-04-18,5,118
2026-04-18,6,204
2026-04-18,7,310
2026-04-18,8,529
2026-04-18,9,753
2026-04-18,10,1011
2026-04-18,11,1151
2026-04-18,12,1261
2026-04-18,13,1155
2026-04-18,14,1133
2026-04-18,15,1163
2026-04-18,16,1107
2026-04-18,17,1235
2026-04-18,18,1229
2026-04-18,19,1110
2026-04-18,20,915
2026-04-18,21,827
2026-04-18,22,721
2026-04-18,23,537
2026-04-19,0,352
2026-04-19,1,241
2026-04-19,2,161
2026-04-19,3,136
2026-04-19,4,129
2026-04-19,5,159
2026-04-19,6,256
2026-04-19,7,351
2026-04-19,8,518
2026-04-19,9,764
2026-04-19,10,911
2026-04-19,11,1129
2026-04-19,12,1208
2026-04-19,13,1330
2026-04-19,14,1216
2026-04-19,15,1167
2026-04-19,16,1113
2026-04-19,17,1202
2026-04-19,18,1134
2026-04-19,19,977
2026-04-19,20,755
2026-04-19,21,795
2026-04-19,22,594
2026-04-19,23,376
2026-04-20,0,210
2026-04-20,1,127
2026-04-20,2,87
2026-04-20,3,58
2026-04-20,4,79
2026-04-20,5,196
2026-04-20,6,535
2026-04-20,7,1054
2026-04-20,8,1555
2026-04-20,9,1477
2026-04-20,10,1121
2026-04-20,11,1126
2026-04-20,12,1114
2026-04-20,13,1309
2026-04-20,14,1224
2026-04-20,15,1441
2026-04-20,16,1550
2026-04-20,17,1564
2026-04-20,18,1366
2026-04-20,19,1019
2026-04-20,20,763
2026-04-20,21,812
2026-04-20,22,578
2026-04-20,23,318
2026-04-21,0,196
2026-04-21,1,112
2026-04-21,2,49
2026-04-21,3,37
2026-04-21,4,67
2026-04-21,5,182
2026-04-21,6,425
2026-04-21,7,1096
2026-04-21,8,1713
2026-04-21,9,1565
2026-04-21,10,1202
2026-04-21,11,1146
2026-04-21,12,1144
2026-04-21,13,1266
2026-04-21,14,1398
2026-04-21,15,1674
2026-04-21,16,1674
2026-04-21,17,1579
2026-04-21,18,1465
2026-04-21,19,1073
2026-04-21,20,951
2026-04-21,21,916
2026-04-21,22,641
2026-04-21,23,268
2026-04-22,0,157
2026-04-22,1,69
2026-04-22,2,31
2026-04-22,3,34
2026-04-22,4,80
2026-04-22,5,200
2026-04-22,6,504
2026-04-22,7,1197
2026-04-22,8,1593
2026-04-22,9,1539
2026-04-22,10,1294
2026-04-22,11,1383
2026-04-22,12,1507
2026-04-22,13,1761
2026-04-22,14,1706
2026-04-22,15,1846
2026-04-22,16,1691
2026-04-22,17,1694
2026-04-22,18,1552
2026-04-22,19,1216
2026-04-22,20,1138
2026-04-22,21,1042
2026-04-22,22,828
2026-04-22,23,429
2026-04-23,0,190
2026-04-23,1,107
2026-04-23,2,54
2026-04-23,3,48
2026-04-23,4,84
2026-04-23,5,223
2026-04-23,6,532
2026-04-23,7,1106
2026-04-23,8,1478
2026-04-23,9,1492
2026-04-23,10,1274
2026-04-23,11,1340
2026-04-23,12,1686
2026-04-23,13,1695
2026-04-23,14,1622
2026-04-23,15,1818
2026-04-23,16,1801
2026-04-23,17,1873
2026-04-23,18,1849
2026-04-23,19,1412
2026-04-23,20,1052
2026-04-23,21,1013
2026-04-23,22,921
2026-04-23,23,585
2026-04-24,0,379
2026-04-24,1,204
2026-04-24,2,122
2026-04-24,3,73
2026-04-24,4,106
2026-04-24,5,208
2026-04-24,6,487
2026-04-24,7,880
2026-04-24,8,1251
2026-04-24,9,1363
2026-04-24,10,1217
2026-04-24,11,1275
2026-04-24,12,1506
2026-04-24,13,1513
2026-04-24,14,1509
2026-04-24,15,1616
2026-04-24,16,1559
2026-04-24,17,1622
2026-04-24,18,1575
2026-04-24,19,1298
2026-04-24,20,941
2026-04-24,21,816
2026-04-24,22,732
2026-04-24,23,500
2026-04-25,0,294
2026-04-25,1,220
2026-04-25,2,173
2026-04-25,3,100
2026-04-25,4,105
2026-04-25,5,120
2026-04-25,6,198
2026-04-25,7,309
2026-04-25,8,603
2026-04-25,9,857
2026-04-25,10,1020
2026-04-25,11,1112
2026-04-25,12,1347
2026-04-25,13,1364
2026-04-25,14,1409
2026-04-25,15,1286
2026-04-25,16,1367
2026-04-25,17,1466
2026-04-25,18,1424
2026-04-25,19,1207
2026-04-25,20,929
2026-04-25,21,793
2026-04-25,22,761
2026-04-25,23,552
2026-04-26,0,323
2026-04-26,1,270
2026-04-26,2,170
2026-04-26,3,108
2026-04-26,4,155
2026-04-26,5,182
2026-04-26,6,286
2026-04-26,7,329
2026-04-26,8,548
2026-04-26,9,824
2026-04-26,10,1050
2026-04-26,11,1110
2026-04-26,12,1308
2026-04-26,13,1233
2026-04-26,14,1230
2026-04-26,15,1191
2026-04-26,16,1123
2026-04-26,17,1037
2026-04-26,18,902
2026-04-26,19,884
2026-04-26,20,733
2026-04-26,21,641
2026-04-26,22,573
2026-04-26,23,347
2026-04-27,0,182
2026-04-27,1,155
2026-04-27,2,85
2026-04-27,3,55
2026-04-27,4,90
2026-04-27,5,198
2026-04-27,6,468
2026-04-27,7,1003
2026-04-27,8,1347
2026-04-27,9,1283
2026-04-27,10,1145
2026-04-27,11,1072
2026-04-27,12,1356
2026-04-27,13,1627
2026-04-27,14,1406
2026-04-27,15,1276
2026-04-27,16,1155
2026-04-27,17,1038
2026-04-27,18,1055
2026-04-27,19,1093
2026-04-27,20,822
2026-04-27,21,577
2026-04-27,22,486
2026-04-27,23,442
2026-04-28,0,298
2026-04-28,1,195
2026-04-28,2,228
2026-04-28,3,234
2026-04-28,4,133
2026-04-28,5,198
2026-04-28,6,428
2026-04-28,7,1037
2026-04-28,8,1570
2026-04-28,9,1457
2026-04-28,10,1070
2026-04-28,11,1104
2026-04-28,12,1151
2026-04-28,13,1138
2026-04-28,14,1180
2026-04-28,15,1404
2026-04-28,16,1419
2026-04-28,17,1363
2026-04-28,18,1267
2026-04-28,19,970
2026-04-28,20,841
2026-04-28,21,815
2026-04-28,22,458
2026-04-28,23,229
2026-04-29,0,137
2026-04-29,1,77
2026-04-29,2,50
2026-04-29,3,42
2026-04-29,4,74
2026-04-29,5,194
2026-04-29,6,441
2026-04-29,7,1047
2026-04-29,8,1568
2026-04-29,9,1460
2026-04-29,10,1072
2026-04-29,11,1190
2026-04-29,12,1329
2026-04-29,13,1505
2026-04-29,14,1437
2026-04-29,15,1603
2026-04-29,16,1659
2026-04-29,17,1716
2026-04-29,18,1542
2026-04-29,19,1269
2026-04-29,20,938
2026-04-29,21,876
2026-04-29,22,651
2026-04-29,23,446
2026-04-30,0,157
2026-04-30,1,92
2026-04-30,2,45
2026-04-30,3,38
2026-04-30,4,85
2026-04-30,5,253
2026-04-30,6,515
2026-04-30,7,1104
2026-04-30,8,1572
2026-04-30,9,1383
2026-04-30,10,1094
2026-04-30,11,1085
2026-04-30,12,1378
2026-04-30,13,1518
2026-04-30,14,1587
2026-04-30,15,1750
2026-04-30,16,1728
2026-04-30,17,1869
2026-04-30,18,1819
2026-04-30,19,1647
2026-04-30,20,1206
2026-04-30,21,1123
2026-04-30,22,929
2026-04-30,23,436
2026-05-01,0,316
2026-05-01,1,174
2026-05-01,2,82
2026-05-01,3,75
2026-05-01,4,104
2026-05-01,5,223
2026-05-01,6,455
2026-05-01,7,929
2026-05-01,8,1218
2026-05-01,9,1157
2026-05-01,10,1090
2026-05-01,11,1430
2026-05-01,12,1801
2026-05-01,13,1668
2026-05-01,14,1751
2026-05-01,15,1842
2026-05-01,16,1777
2026-05-01,17,1866
2026-05-01,18,1825
2026-05-01,19,1538
2026-05-01,20,889
2026-05-01,21,895
2026-05-01,22,866
2026-05-01,23,493
2026-05-02,0,299
2026-05-02,1,224
2026-05-02,2,144
2026-05-02,3,106
2026-05-02,4,106
2026-05-02,5,125
2026-05-02,6,251
2026-05-02,7,416
2026-05-02,8,613
2026-05-02,9,862
2026-05-02,10,1157
2026-05-02,11,1204
2026-05-02,12,1329
2026-05-02,13,1393
2026-05-02,14,1374
2026-05-02,15,1493
2026-05-02,16,1574
2026-05-02,17,1584
2026-05-02,18,1557
2026-05-02,19,1374
2026-05-02,20,1026
2026-05-02,21,984
2026-05-02,22,863
2026-05-02,23,708
2026-05-03,0,391
2026-05-03,1,286
2026-05-03,2,208
2026-05-03,3,117
2026-05-03,4,125
2026-05-03,5,187
2026-05-03,6,323
2026-05-03,7,478
2026-05-03,8,699
2026-05-03,9,966
2026-05-03,10,1265
2026-05-03,11,1358
2026-05-03,12,1365
2026-05-03,13,1399
2026-05-03,14,1375
2026-05-03,15,1309
2026-05-03,16,1295
2026-05-03,17,1422
2026-05-03,18,1207
2026-05-03,19,1078
2026-05-03,20,781
2026-05-03,21,751
2026-05-03,22,733
2026-05-03,23,357
2026-05-04,0,213
2026-05-04,1,154
2026-05-04,2,87
2026-05-04,3,57
2026-05-04,4,88
2026-05-04,5,207
2026-05-04,6,526
2026-05-04,7,1127
2026-05-04,8,1552
2026-05-04,9,1585
2026-05-04,10,1366
2026-05-04,11,1389
2026-05-04,12,1478
2026-05-04,13,1555
2026-05-04,14,1663
2026-05-04,15,1831
2026-05-04,16,1862
2026-05-04,17,1863
2026-05-04,18,1728
2026-05-04,19,1187
2026-05-04,20,957
2026-05-04,21,867
2026-05-04,22,781
2026-05-04,23,659
2026-05-05,0,382
2026-05-05,1,190
2026-05-05,2,194
2026-05-05,3,109
2026-05-05,4,137
2026-05-05,5,192
2026-05-05,6,596
2026-05-05,7,1317
2026-05-05,8,1628
2026-05-05,9,1691
2026-05-05,10,1413
2026-05-05,11,1369
2026-05-05,12,1517
2026-05-05,13,1473
2026-05-05,14,1665
2026-05-05,15,1757
2026-05-05,16,1696
2026-05-05,17,1736
2026-05-05,18,1621
2026-05-05,19,1214
2026-05-05,20,984
2026-05-05,21,904
2026-05-05,22,649
2026-05-05,23,341
2026-05-06,0,187
2026-05-06,1,94
2026-05-06,2,55
2026-05-06,3,42
2026-05-06,4,100
2026-05-06,5,185
2026-05-06,6,476
2026-05-06,7,1146
2026-05-06,8,1626
2026-05-06,9,1626
2026-05-06,10,1334
2026-05-06,11,1362
2026-05-06,12,1421
2026-05-06,13,1501
2026-05-06,14,1655
2026-05-06,15,1805
2026-05-06,16,1669
2026-05-06,17,1777
2026-05-06,18,1752
2026-05-06,19,1339
2026-05-06,20,1051
2026-05-06,21,1082
2026-05-06,22,860
2026-05-06,23,449
2026-05-07,0,227
2026-05-07,1,138
2026-05-07,2,61
2026-05-07,3,59
2026-05-07,4,102
2026-05-07,5,253
2026-05-07,6,536
2026-05-07,7,1173
2026-05-07,8,1539
2026-05-07,9,1658
2026-05-07,10,1282
2026-05-07,11,1325
2026-05-07,12,1671
2026-05-07,13,1712
2026-05-07,14,1604
2026-05-07,15,1745
2026-05-07,16,1615
2026-05-07,17,1439
2026-05-07,18,1400
2026-05-07,19,1298
2026-05-07,20,1229
2026-05-07,21,1139
2026-05-07,22,920
2026-05-07,23,614
2026-05-08,0,334
2026-05-08,1,158
2026-05-08,2,72
2026-05-08,3,68
2026-05-08,4,109
2026-05-08,5,244
2026-05-08,6,516
2026-05-08,7,902
2026-05-08,8,1252
2026-05-08,9,1216
2026-05-08,10,1187
2026-05-08,11,1425
2026-05-08,12,1534
2026-05-08,13,1560
2026-05-08,14,1605
2026-05-08,15,1575
2026-05-08,16,1520
2026-05-08,17,1617
2026-05-08,18,1495
2026-05-08,19,1289
2026-05-08,20,879
2026-05-08,21,743
2026-05-08,22,636
2026-05-08,23,464
2026-05-09,0,292
2026-05-09,1,217
2026-05-09,2,124
2026-05-09,3,120
2026-05-09,4,90
2026-05-09,5,113
2026-05-09,6,199
2026-05-09,7,268
2026-05-09,8,514
2026-05-09,9,817
2026-05-09,10,965
2026-05-09,11,962
2026-05-09,12,1167
2026-05-09,13,1197
2026-05-09,14,1239
2026-05-09,15,1255
2026-05-09,16,1192
2026-05-09,17,1198
2026-05-09,18,1127
2026-05-09,19,1036
2026-05-09,20,735
2026-05-09,21,792
2026-05-09,22,696
2026-05-09,23,498
2026-05-10,0,417
2026-05-10,1,286
2026-05-10,2,222
2026-05-10,3,149
2026-05-10,4,120
2026-05-10,5,142
2026-05-10,6,223
2026-05-10,7,250
2026-05-10,8,407
2026-05-10,9,675
2026-05-10,10,980
2026-05-10,11,1080
2026-05-10,12,1138
2026-05-10,13,1085
2026-05-10,14,1151
2026-05-10,15,1192
2026-05-10,16,1112
2026-05-10,17,1106
2026-05-10,18,1134
2026-05-10,19,885
2026-05-10,20,677
2026-05-10,21,772
2026-05-10,22,655
2026-05-10,23,345
2026-05-11,0,200
2026-05-11,1,97
2026-05-11,2,77
2026-05-11,3,50
2026-05-11,4,94
2026-05-11,5,293
2026-05-11,6,539
2026-05-11,7,1004
2026-05-11,8,1390
2026-05-11,9,1289
2026-05-11,10,1049
2026-05-11,11,982
2026-05-11,12,1183
2026-05-11,13,1248
2026-05-11,14,1317
2026-05-11,15,1500
2026-05-11,16,1441
2026-05-11,17,1419
2026-05-11,18,1140
2026-05-11,19,945
2026-05-11,20,721
2026-05-11,21,747
2026-05-11,22,604
2026-05-11,23,265
2026-05-12,0,163
2026-05-12,1,52
2026-05-12,2,29
2026-05-12,3,38
2026-05-12,4,70
2026-05-12,5,168
2026-05-12,6,420
2026-05-12,7,1082
2026-05-12,8,1623
2026-05-12,9,1509
2026-05-12,10,1161
2026-05-12,11,1179
2026-05-12,12,1191
2026-05-12,13,1246
2026-05-12,14,1360
2026-05-12,15,1613
2026-05-12,16,1742
2026-05-12,17,1690
2026-05-12,18,1478
2026-05-12,19,1093
2026-05-12,20,984
2026-05-12,21,843
2026-05-12,22,644
2026-05-12,23,335
2026-05-13,0,167
2026-05-13,1,77
2026-05-13,2,40
2026-05-13,3,41
2026-05-13,4,61
2026-05-13,5,169
2026-05-13,6,444
2026-05-13,7,1076
2026-05-13,8,1634
2026-05-13,9,1546
2026-05-13,10,1281
2026-05-13,11,1249
2026-05-13,12,1319
2026-05-13,13,1476
2026-05-13,14,1488
2026-05-13,15,1788
2026-05-13,16,1684
2026-05-13,17,1805
2026-05-13,18,1578
2026-05-13,19,1327
2026-05-13,20,1072
2026-05-13,21,975
2026-05-13,22,779
2026-05-13,23,355
2026-05-14,0,189
2026-05-14,1,110
2026-05-14,2,44
2026-05-14,3,41
2026-05-14,4,105
2026-05-14,5,237
2026-05-14,6,546
2026-05-14,7,1154
2026-05-14,8,1497
2026-05-14,9,1573
2026-05-14,10,1316
2026-05-14,11,1405
2026-05-14,12,1600
2026-05-14,13,1751
2026-05-14,14,1772
2026-05-14,15,1843
2026-05-14,16,1762
2026-05-14,17,1825
2026-05-14,18,1593
2026-05-14,19,1364
2026-05-14,20,1264
2026-05-14,21,1201
2026-05-14,22,979
2026-05-14,23,533
2026-05-15,0,358
2026-05-15,1,187
2026-05-15,2,80
2026-05-15,3,50
2026-05-15,4,109
2026-05-15,5,255
2026-05-15,6,518
2026-05-15,7,1020
2026-05-15,8,1339
2026-05-15,9,1369
2026-05-15,10,1351
2026-05-15,11,1521
2026-05-15,12,1747
2026-05-15,13,1772
2026-05-15,14,1825
2026-05-15,15,1791
2026-05-15,16,1815
2026-05-15,17,1996
2026-05-15,18,1875
2026-05-15,19,1500
2026-05-15,20,955
2026-05-15,21,895
2026-05-15,22,881
2026-05-15,23,629
2026-05-16,0,361
2026-05-16,1,280
2026-05-16,2,195
2026-05-16,3,130
2026-05-16,4,128
2026-05-16,5,146
2026-05-16,6,266
2026-05-16,7,498
2026-05-16,8,787
2026-05-16,9,966
2026-05-16,10,1207
2026-05-16,11,1194
2026-05-16,12,1345
2026-05-16,13,1378
2026-05-16,14,1481
2026-05-16,15,1592
2026-05-16,16,1592
2026-05-16,17,1556
2026-05-16,18,1419
2026-05-16,19,1257
2026-05-16,20,1014
2026-05-16,21,945
2026-05-16,22,904
2026-05-16,23,765
2026-05-17,0,641
2026-05-17,1,400
2026-05-17,2,232
2026-05-17,3,159
2026-05-17,4,153
2026-05-17,5,200
2026-05-17,6,328
2026-05-17,7,383
2026-05-17,8,706
2026-05-17,9,1038
2026-05-17,10,1292
2026-05-17,11,1304
2026-05-17,12,1349
2026-05-17,13,1371
2026-05-17,14,1400
2026-05-17,15,1438
2026-05-17,16,1504
2026-05-17,17,1546
2026-05-17,18,1505
2026-05-17,19,1281
2026-05-17,20,1005
2026-05-17,21,897
2026-05-17,22,745
2026-05-17,23,552
2026-05-18,0,444
2026-05-18,1,197
2026-05-18,2,90
2026-05-18,3,61
2026-05-18,4,130
2026-05-18,5,312
2026-05-18,6,637
2026-05-18,7,1104
2026-05-18,8,1573
2026-05-18,9,1760
2026-05-18,10,1463
2026-05-18,11,1677
2026-05-18,12,1563
2026-05-18,13,1583
2026-05-18,14,1619
2026-05-18,15,1628
2026-05-18,16,1751
2026-05-18,17,1771
2026-05-18,18,1516
2026-05-18,19,1067
2026-05-18,20,923
2026-05-18,21,1075
2026-05-18,22,882
2026-05-18,23,692
2026-05-19,0,428
2026-05-19,1,243
2026-05-19,2,111
2026-05-19,3,63
2026-05-19,4,111
2026-05-19,5,254
2026-05-19,6,574
2026-05-19,7,1209
2026-05-19,8,1599
2026-05-19,9,1706
2026-05-19,10,1302
2026-05-19,11,1385
2026-05-19,12,1573
2026-05-19,13,1661
2026-05-19,14,1744
2026-05-19,15,1854
2026-05-19,16,1705
2026-05-19,17,1675
2026-05-19,18,1397
2026-05-19,19,1123
2026-05-19,20,956
2026-05-19,21,1024
2026-05-19,22,905
2026-05-19,23,603
2026-05-20,0,379
2026-05-20,1,177
2026-05-20,2,71
2026-05-20,3,48
2026-05-20,4,90
2026-05-20,5,223
2026-05-20,6,538
2026-05-20,7,1187
2026-05-20,8,1450
2026-05-20,9,1594
2026-05-20,10,1237
2026-05-20,11,1216
2026-05-20,12,1462
2026-05-20,13,1591
2026-05-20,14,1641
2026-05-20,15,1724
2026-05-20,16,1606
2026-05-20,17,1557
2026-05-20,18,1455
2026-05-20,19,1287
2026-05-20,20,1096
2026-05-20,21,1052
2026-05-20,22,900
2026-05-20,23,657
2026-05-21,0,368
2026-05-21,1,170
2026-05-21,2,96
2026-05-21,3,80
2026-05-21,4,97
2026-05-21,5,259
2026-05-21,6,543
2026-05-21,7,1033
2026-05-21,8,1431
2026-05-21,9,1450
2026-05-21,10,1113
2026-05-21,11,1324
2026-05-21,12,1541
2026-05-21,13,1668
2026-05-21,14,1706
2026-05-21,15,1764
2026-05-21,16,1684
2026-05-21,17,1584
2026-05-21,18,1410
2026-05-21,19,1205
2026-05-21,20,1053
2026-05-21,21,1018
2026-05-21,22,807
2026-05-21,23,530
2026-05-22,0,294
2026-05-22,1,198
2026-05-22,2,118
2026-05-22,3,92
2026-05-22,4,135
2026-05-22,5,260
2026-05-22,6,472
2026-05-22,7,787
2026-05-22,8,999
2026-05-22,9,1132
2026-05-22,10,1048
2026-05-22,11,1279
2026-05-22,12,1449
2026-05-22,13,1391
2026-05-22,14,1400
2026-05-22,15,1550
2026-05-22,16,1482
2026-05-22,17,1480
2026-05-22,18,1442
2026-05-22,19,1173
2026-05-22,20,821
2026-05-22,21,774
2026-05-22,22,687
2026-05-22,23,474
2026-05-23,0,343
2026-05-23,1,284
2026-05-23,2,205
2026-05-23,3,131
2026-05-23,4,118
2026-05-23,5,163
2026-05-23,6,187
2026-05-23,7,259
2026-05-23,8,433
2026-05-23,9,656
2026-05-23,10,933
2026-05-23,11,1092
2026-05-23,12,1090
2026-05-23,13,1033
2026-05-23,14,1082
2026-05-23,15,1139
2026-05-23,16,1135
2026-05-23,17,1131
2026-05-23,18,967
2026-05-23,19,904
2026-05-23,20,836
2026-05-23,21,827
2026-05-23,22,759
2026-05-23,23,611
2026-05-24,0,339
2026-05-24,1,250
2026-05-24,2,199
2026-05-24,3,134
2026-05-24,4,127
2026-05-24,5,137
2026-05-24,6,167
2026-05-24,7,312
2026-05-24,8,471
2026-05-24,9,774
2026-05-24,10,1045
2026-05-24,11,1025
2026-05-24,12,1068
2026-05-24,13,1034
2026-05-24,14,1177
2026-05-24,15,1165
2026-05-24,16,1211
2026-05-24,17,1163
2026-05-24,18,1059
2026-05-24,19,915
2026-05-24,20,789
2026-05-24,21,770
2026-05-24,22,762
2026-05-24,23,541
2026-05-25,0,335
2026-05-25,1,260
2026-05-25,2,174
2026-05-25,3,127
2026-05-25,4,130
2026-05-25,5,171
2026-05-25,6,209
2026-05-25,7,262
2026-05-25,8,324
2026-05-25,9,570
2026-05-25,10,841
2026-05-25,11,1069
2026-05-25,12,1219
2026-05-25,13,1237
2026-05-25,14,1227
2026-05-25,15,1210
2026-05-25,16,1199
2026-05-25,17,1119
2026-05-25,18,1006
2026-05-25,19,918
2026-05-25,20,843
2026-05-25,21,811
2026-05-25,22,622
2026-05-25,23,361
2026-05-26,0,220
2026-05-26,1,172
2026-05-26,2,83
2026-05-26,3,72
2026-05-26,4,119
2026-05-26,5,227
2026-05-26,6,443
2026-05-26,7,986
2026-05-26,8,1421
2026-05-26,9,1307
2026-05-26,10,1053
2026-05-26,11,1044
2026-05-26,12,1121
2026-05-26,13,1166
2026-05-26,14,1423
2026-05-26,15,1577
2026-05-26,16,1404
2026-05-26,17,1316
2026-05-26,18,1152
2026-05-26,19,1025
2026-05-26,20,933
2026-05-26,21,813
2026-05-26,22,649
2026-05-26,23,343
2026-05-27,0,162
2026-05-27,1,77
2026-05-27,2,51
2026-05-27,3,42
2026-05-27,4,70
2026-05-27,5,172
2026-05-27,6,419
2026-05-27,7,963
2026-05-27,8,1394
2026-05-27,9,1396
2026-05-27,10,1055
2026-05-27,11,1050
2026-05-27,12,1143
2026-05-27,13,1323
2026-05-27,14,1315
2026-05-27,15,1495
2026-05-27,16,1517
2026-05-27,17,1395
2026-05-27,18,1359
2026-05-27,19,1263
2026-05-27,20,990
2026-05-27,21,911
2026-05-27,22,654
2026-05-27,23,407
2026-05-28,0,210
2026-05-28,1,125
2026-05-28,2,52
2026-05-28,3,39
2026-05-28,4,77
2026-05-28,5,183
2026-05-28,6,448
2026-05-28,7,990
2026-05-28,8,1534
2026-05-28,9,1524
2026-05-28,10,1224
2026-05-28,11,1404
2026-05-28,12,1447
2026-05-28,13,1632
2026-05-28,14,1546
2026-05-28,15,1696
2026-05-28,16,1718
2026-05-28,17,1751
2026-05-28,18,1599
2026-05-28,19,1382
2026-05-28,20,1241
2026-05-28,21,1177
2026-05-28,22,816
2026-05-28,23,539
2026-05-29,0,331
2026-05-29,1,145
2026-05-29,2,95
2026-05-29,3,73
2026-05-29,4,86
2026-05-29,5,190
2026-05-29,6,441
2026-05-29,7,941
2026-05-29,8,1320
2026-05-29,9,1450
2026-05-29,10,1350
2026-05-29,11,1478
2026-05-29,12,1833
2026-05-29,13,1725
2026-05-29,14,1753
2026-05-29,15,1803
2026-05-29,16,1746
2026-05-29,17,1794
2026-05-29,18,1814
2026-05-29,19,1607
2026-05-29,20,1127
2026-05-29,21,1054
2026-05-29,22,923
2026-05-29,23,775
2026-05-30,0,441
2026-05-30,1,254
2026-05-30,2,166
2026-05-30,3,137
2026-05-30,4,102
2026-05-30,5,104
2026-05-30,6,288
2026-05-30,7,542
2026-05-30,8,743
2026-05-30,9,1038
2026-05-30,10,1231
2026-05-30,11,1279
2026-05-30,12,1369
2026-05-30,13,1330
2026-05-30,14,1482
2026-05-30,15,1524
2026-05-30,16,1498
2026-05-30,17,1574
2026-05-30,18,1562
2026-05-30,19,1374
2026-05-30,20,977
2026-05-30,21,974
2026-05-30,22,1046
2026-05-30,23,740
2026-05-31,0,466
2026-05-31,1,311
2026-05-31,2,221
2026-05-31,3,134
2026-05-31,4,124
2026-05-31,5,148
2026-05-31,6,274
2026-05-31,7,455
2026-05-31,8,661
2026-05-31,9,808
2026-05-31,10,1044
2026-05-31,11,1104
2026-05-31,12,1334
2026-05-31,13,1282
2026-05-31,14,1365
2026-05-31,15,1391
2026-05-31,16,1413
2026-05-31,17,1408
2026-05-31,18,1394
2026-05-31,19,1252
2026-05-31,20,892
2026-05-31,21,873
2026-05-31,22,666
2026-05-31,23,440
2026-06-01,0,221
2026-06-01,1,111
2026-06-01,2,65
2026-06-01,3,60
2026-06-01,4,109
2026-06-01,5,317
2026-06-01,6,616
2026-06-01,7,1135
2026-06-01,8,1590
2026-06-01,9,1591
2026-06-01,10,1354
2026-06-01,11,1485
2026-06-01,12,1710
2026-06-01,13,1798
2026-06-01,14,1687
2026-06-01,15,1830
2026-06-01,16,1641
2026-06-01,17,1693
2026-06-01,18,1531
2026-06-01,19,1178
2026-06-01,20,923
2026-06-01,21,813
2026-06-01,22,662
2026-06-01,23,370
2026-06-02,0,188
2026-06-02,1,109
2026-06-02,2,75
2026-06-02,3,50
2026-06-02,4,94
2026-06-02,5,262
2026-06-02,6,519
2026-06-02,7,1160
2026-06-02,8,1525
2026-06-02,9,1549
2026-06-02,10,1402
2026-06-02,11,1589
2026-06-02,12,1755
2026-06-02,13,1735
2026-06-02,14,1795
2026-06-02,15,1738
2026-06-02,16,1674
2026-06-02,17,1619
2026-06-02,18,1504
2026-06-02,19,1190
2026-06-02,20,878
2026-06-02,21,980
2026-06-02,22,830
2026-06-02,23,557
2026-06-03,0,258
2026-06-03,1,122
2026-06-03,2,68
2026-06-03,3,53
2026-06-03,4,91
2026-06-03,5,212
2026-06-03,6,452
2026-06-03,7,1111
2026-06-03,8,1612
2026-06-03,9,1667
2026-06-03,10,1309
2026-06-03,11,1279
2026-06-03,12,1337
2026-06-03,13,1479
2026-06-03,14,1611
2026-06-03,15,1710
2026-06-03,16,1726
2026-06-03,17,1806
2026-06-03,18,1648
2026-06-03,19,1288
2026-06-03,20,1011
2026-06-03,21,993
2026-06-03,22,1005
2026-06-03,23,591
2026-06-04,0,270
2026-06-04,1,138
2026-06-04,2,61
2026-06-04,3,45
2026-06-04,4,92
2026-06-04,5,238
2026-06-04,6,475
2026-06-04,7,1058
2026-06-04,8,1553
2026-06-04,9,1637
2026-06-04,10,1362
2026-06-04,11,1474
2026-06-04,12,1738
2026-06-04,13,1895
2026-06-04,14,1832
2026-06-04,15,1875
2026-06-04,16,1715
2026-06-04,17,1720
2026-06-04,18,1659
2026-06-04,19,1481
2026-06-04,20,1168
2026-06-04,21,1182
2026-06-04,22,1050
2026-06-04,23,756
2026-06-05,0,341
2026-06-05,1,204
2026-06-05,2,123
2026-06-05,3,114
2026-06-05,4,142
2026-06-05,5,267
2026-06-05,6,465
2026-06-05,7,806
2026-06-05,8,1258
2026-06-05,9,1441
2026-06-05,10,1535
2026-06-05,11,1696
2026-06-05,12,1748
2026-06-05,13,1744
2026-06-05,14,1650
2026-06-05,15,1642
2026-06-05,16,1569
2026-06-05,17,1672
2026-06-05,18,1702
2026-06-05,19,1497
2026-06-05,20,1150
2026-06-05,21,1098
2026-06-05,22,972
2026-06-05,23,660
2026-06-06,0,393
2026-06-06,1,245
2026-06-06,2,191
2026-06-06,3,109
2026-06-06,4,102
2026-06-06,5,128
2026-06-06,6,252
2026-06-06,7,381
2026-06-06,8,716
2026-06-06,9,946
2026-06-06,10,1321
2026-06-06,11,1407
2026-06-06,12,1375
2026-06-06,13,1246
2026-06-06,14,1265
2026-06-06,15,1275
2026-06-06,16,1343
2026-06-06,17,1413
2026-06-06,18,1416
2026-06-06,19,1344
2026-06-06,20,1036
2026-06-06,21,994
2026-06-06,22,832
2026-06-06,23,741
2026-06-07,0,615
2026-06-07,1,326
2026-06-07,2,252
2026-06-07,3,182
2026-06-07,4,185
2026-06-07,5,295
2026-06-07,6,361
2026-06-07,7,348
2026-06-07,8,689
2026-06-07,9,1003
2026-06-07,10,1247
2026-06-07,11,1326
2026-06-07,12,1381
2026-06-07,13,1435
2026-06-07,14,1448
2026-06-07,15,1438
2026-06-07,16,1380
2026-06-07,17,1342
2026-06-07,18,1327
2026-06-07,19,1150
2026-06-07,20,897
2026-06-07,21,950
2026-06-07,22,830
2026-06-07,23,749
2026-06-08,0,404
2026-06-08,1,208
2026-06-08,2,109
2026-06-08,3,118
2026-06-08,4,128
2026-06-08,5,292
2026-06-08,6,601
2026-06-08,7,961
2026-06-08,8,1499
2026-06-08,9,1532
2026-06-08,10,1350
2026-06-08,11,1380
2026-06-08,12,1465
2026-06-08,13,1493
2026-06-08,14,1581
2026-06-08,15,1670
2026-06-08,16,1571
2026-06-08,17,1721
2026-06-08,18,1402
2026-06-08,19,1131
2026-06-08,20,1011
2026-06-08,21,977
2026-06-08,22,854
2026-06-08,23,494
2026-06-09,0,327
2026-06-09,1,265
2026-06-09,2,186
2026-06-09,3,149
2026-06-09,4,125
2026-06-09,5,187
2026-06-09,6,432
2026-06-09,7,1058
2026-06-09,8,1647
2026-06-09,9,1925
2026-06-09,10,1517
2026-06-09,11,1449
2026-06-09,12,1614
2026-06-09,13,1684
2026-06-09,14,1754
2026-06-09,15,1784
2026-06-09,16,1674
2026-06-09,17,1744
2026-06-09,18,1580
2026-06-09,19,1286
2026-06-09,20,1041
2026-06-09,21,959
2026-06-09,22,786
2026-06-09,23,408
2026-06-10,0,232
2026-06-10,1,133
2026-06-10,2,51
2026-06-10,3,71
2026-06-10,4,92
2026-06-10,5,205
2026-06-10,6,449
2026-06-10,7,1036
2026-06-10,8,1625
2026-06-10,9,1728
2026-06-10,10,1436
2026-06-10,11,1564
2026-06-10,12,1903
2026-06-10,13,1829
2026-06-10,14,1809
2026-06-10,15,1800
2026-06-10,16,1557
2026-06-10,17,1443
2026-06-10,18,1540
2026-06-10,19,1143
2026-06-10,20,1025
2026-06-10,21,1114
2026-06-10,22,779
2026-06-10,23,526
2026-06-11,0,435
2026-06-11,1,348
2026-06-11,2,288
2026-06-11,3,235
2026-06-11,4,180
2026-06-11,5,290
2026-06-11,6,564
2026-06-11,7,1007
2026-06-11,8,1499
2026-06-11,9,1572
2026-06-11,10,1418
2026-06-11,11,1588
2026-06-11,12,1917
2026-06-11,13,2024
2026-06-11,14,1743
2026-06-11,15,1614
2026-06-11,16,1536
2026-06-11,17,1608
2026-06-11,18,1648
2026-06-11,19,1329
2026-06-11,20,909
2026-06-11,21,883
2026-06-11,22,784
2026-06-11,23,826
2026-06-12,0,707
2026-06-12,1,628
2026-06-12,2,451
2026-06-12,3,249
2026-06-12,4,180
2026-06-12,5,335
2026-06-12,6,561
2026-06-12,7,914
2026-06-12,8,1238
2026-06-12,9,1318
2026-06-12,10,1464
2026-06-12,11,1672
2026-06-12,12,1726
2026-06-12,13,1662
2026-06-12,14,1719
2026-06-12,15,1772
2026-06-12,16,1591
2026-06-12,17,1718
2026-06-12,18,1756
2026-06-12,19,1599
2026-06-12,20,1160
2026-06-12,21,1030
2026-06-12,22,1044
2026-06-12,23,988
2026-06-13,0,809
2026-06-13,1,526
2026-06-13,2,360
2026-06-13,3,181
2026-06-13,4,163
2026-06-13,5,197
2026-06-13,6,240
2026-06-13,7,393
2026-06-13,8,598
2026-06-13,9,936
2026-06-13,10,1168
2026-06-13,11,1262
2026-06-13,12,1340
2026-06-13,13,1430
2026-06-13,14,1500
2026-06-13,15,1333
2026-06-13,16,1365
2026-06-13,17,1322
2026-06-13,18,1354
2026-06-13,19,1227
2026-06-13,20,961
2026-06-13,21,965
2026-06-13,22,939
2026-06-13,23,748
2026-06-14,0,515
2026-06-14,1,357
2026-06-14,2,216
2026-06-14,3,157
2026-06-14,4,172
2026-06-14,5,197
2026-06-14,6,259
2026-06-14,7,388
2026-06-14,8,663
2026-06-14,9,1000
2026-06-14,10,1150
2026-06-14,11,1272
2026-06-14,12,1387
2026-06-14,13,1385
2026-06-14,14,1396
2026-06-14,15,1390
2026-06-14,16,1322
2026-06-14,17,1296
2026-06-14,18,1159
2026-06-14,19,966
2026-06-14,20,893
2026-06-14,21,843
2026-06-14,22,844
2026-06-14,23,578
2026-06-15,0,357
2026-06-15,1,260
2026-06-15,2,149
2026-06-15,3,85
2026-06-15,4,111
2026-06-15,5,319
2026-06-15,6,577
2026-06-15,7,969
2026-06-15,8,1379
2026-06-15,9,1494
2026-06-15,10,1355
2026-06-15,11,1454
2026-06-15,12,1712
2026-06-15,13,1651
2026-06-15,14,1794
2026-06-15,15,1672
2026-06-15,16,1601
2026-06-15,17,1572
2026-06-15,18,1479
2026-06-15,19,1119
2026-06-15,20,903
2026-06-15,21,922
2026-06-15,22,808
2026-06-15,23,621
2026-06-16,0,367
2026-06-16,1,161
2026-06-16,2,70
2026-06-16,3,65
2026-06-16,4,109
2026-06-16,5,240
2026-06-16,6,469
2026-06-16,7,1026
2026-06-16,8,1586
2026-06-16,9,1632
2026-06-16,10,1448
2026-06-16,11,1367
2026-06-16,12,1461
2026-06-16,13,1542
2026-06-16,14,1610
2026-06-16,15,1673
2026-06-16,16,1691
2026-06-16,17,1661
2026-06-16,18,1497
2026-06-16,19,1292
2026-06-16,20,1021
2026-06-16,21,1111
2026-06-16,22,979
2026-06-16,23,559
2026-06-17,0,342
2026-06-17,1,146
2026-06-17,2,58
2026-06-17,3,60
2026-06-17,4,123
2026-06-17,5,256
2026-06-17,6,521
2026-06-17,7,1019
2026-06-17,8,1599
2026-06-17,9,1713
2026-06-17,10,1582
2026-06-17,11,1797
2026-06-17,12,1845
2026-06-17,13,1891
2026-06-17,14,1828
2026-06-17,15,1834
2026-06-17,16,1685
2026-06-17,17,1569
2026-06-17,18,1464
2026-06-17,19,1268
2026-06-17,20,1017
2026-06-17,21,996
2026-06-17,22,949
2026-06-17,23,875
2026-06-18,0,553
2026-06-18,1,301
2026-06-18,2,155
2026-06-18,3,77
2026-06-18,4,142
2026-06-18,5,272
2026-06-18,6,514
2026-06-18,7,1036
2026-06-18,8,1576
2026-06-18,9,1608
2026-06-18,10,1410
2026-06-18,11,1530
2026-06-18,12,1914
2026-06-18,13,1814
2026-06-18,14,1918
2026-06-18,15,1891
2026-06-18,16,1738
2026-06-18,17,1783
2026-06-18,18,1698
2026-06-18,19,1679
2026-06-18,20,1307
2026-06-18,21,1262
2026-06-18,22,1109
2026-06-18,23,786
2026-06-19,0,529
2026-06-19,1,396
2026-06-19,2,255
2026-06-19,3,146
2026-06-19,4,165
2026-06-19,5,278
2026-06-19,6,376
2026-06-19,7,555
2026-06-19,8,797
2026-06-19,9,1098
2026-06-19,10,1403
2026-06-19,11,1571
2026-06-19,12,1520
2026-06-19,13,1546
2026-06-19,14,1580
2026-06-19,15,1621
2026-06-19,16,1621
2026-06-19,17,1755
2026-06-19,18,1694
2026-06-19,19,1558
2026-06-19,20,1182
2026-06-19,21,1124
2026-06-19,22,1063
2026-06-19,23,913
2026-06-20,0,796
2026-06-20,1,518
2026-06-20,2,288
2026-06-20,3,169
2026-06-20,4,136
2026-06-20,5,144
2026-06-20,6,200
2026-06-20,7,352
2026-06-20,8,554
2026-06-20,9,855
2026-06-20,10,1094
2026-06-20,11,1153
2026-06-20,12,1278
2026-06-20,13,1263
2026-06-20,14,1308
2026-06-20,15,1310
2026-06-20,16,1354
2026-06-20,17,1439
2026-06-20,18,1315
2026-06-20,19,1174
2026-06-20,20,1013
2026-06-20,21,968
2026-06-20,22,877
2026-06-20,23,779
2026-06-21,0,670
2026-06-21,1,502
2026-06-21,2,306
2026-06-21,3,199
2026-06-21,4,196
2026-06-21,5,252
2026-06-21,6,295
2026-06-21,7,400
2026-06-21,8,596
2026-06-21,9,835
2026-06-21,10,1067
2026-06-21,11,1185
2026-06-21,12,1312
2026-06-21,13,1357
2026-06-21,14,1307
2026-06-21,15,1338
2026-06-21,16,1386
2026-06-21,17,1441
2026-06-21,18,1334
2026-06-21,19,1209
2026-06-21,20,925
2026-06-21,21,880
2026-06-21,22,701
2026-06-21,23,468
2026-06-22,0,242
2026-06-22,1,109
2026-06-22,2,115
2026-06-22,3,105
2026-06-22,4,152
2026-06-22,5,291
2026-06-22,6,493
2026-06-22,7,983
2026-06-22,8,1451
2026-06-22,9,1493
2026-06-22,10,1278
2026-06-22,11,1327
2026-06-22,12,1437
2026-06-22,13,1457
2026-06-22,14,1519
2026-06-22,15,1608
2026-06-22,16,1533
2026-06-22,17,1593
2026-06-22,18,1346
2026-06-22,19,1116
2026-06-22,20,962
2026-06-22,21,946
2026-06-22,22,736
2026-06-22,23,444
2026-06-23,0,286
2026-06-23,1,153
2026-06-23,2,77
2026-06-23,3,48
2026-06-23,4,80
2026-06-23,5,196
2026-06-23,6,421
2026-06-23,7,1040
2026-06-23,8,1572
2026-06-23,9,1745
2026-06-23,10,1498
2026-06-23,11,1415
2026-06-23,12,1429
2026-06-23,13,1414
2026-06-23,14,1588
2026-06-23,15,1676
2026-06-23,16,1663
2026-06-23,17,1707
2026-06-23,18,1559
2026-06-23,19,1322
2026-06-23,20,1162
2026-06-23,21,1048
2026-06-23,22,838
2026-06-23,23,439
2026-06-24,0,257
2026-06-24,1,98
2026-06-24,2,57
2026-06-24,3,74
2026-06-24,4,103
2026-06-24,5,190
2026-06-24,6,438
2026-06-24,7,1078
2026-06-24,8,1721
2026-06-24,9,1765
2026-06-24,10,1518
2026-06-24,11,1445
2026-06-24,12,1661
2026-06-24,13,1729
2026-06-24,14,1822
2026-06-24,15,1789
2026-06-24,16,1733
2026-06-24,17,1796
2026-06-24,18,1577
2026-06-24,19,1471
2026-06-24,20,1147
2026-06-24,21,898
2026-06-24,22,850
2026-06-24,23,628
2026-06-25,0,451
2026-06-25,1,295
2026-06-25,2,245
2026-06-25,3,138
2026-06-25,4,129
2026-06-25,5,288
2026-06-25,6,483
2026-06-25,7,1000
2026-06-25,8,1549
2026-06-25,9,1659
2026-06-25,10,1367
2026-06-25,11,1509
2026-06-25,12,1690
2026-06-25,13,1839
2026-06-25,14,1873
2026-06-25,15,1898
2026-06-25,16,1768
2026-06-25,17,1840
2026-06-25,18,1733
2026-06-25,19,1523
2026-06-25,20,1377
2026-06-25,21,1227
2026-06-25,22,1002
2026-06-25,23,767
2026-06-26,0,395
2026-06-26,1,237
2026-06-26,2,122
2026-06-26,3,95
2026-06-26,4,157
2026-06-26,5,235
2026-06-26,6,489
2026-06-26,7,773
2026-06-26,8,1159
2026-06-26,9,1354
2026-06-26,10,1286
2026-06-26,11,1470
2026-06-26,12,1710
2026-06-26,13,1707
2026-06-26,14,1696
2026-06-26,15,1661
2026-06-26,16,1634
2026-06-26,17,1754
2026-06-26,18,1630
2026-06-26,19,1449
2026-06-26,20,1080
2026-06-26,21,898
2026-06-26,22,811
2026-06-26,23,688
2026-06-27,0,421
2026-06-27,1,296
2026-06-27,2,218
2026-06-27,3,124
2026-06-27,4,132
2026-06-27,5,110
2026-06-27,6,194
2026-06-27,7,336
2026-06-27,8,624
2026-06-27,9,813
2026-06-27,10,969
2026-06-27,11,1123
2026-06-27,12,1243
2026-06-27,13,1300
2026-06-27,14,1324
2026-06-27,15,1291
2026-06-27,16,1353
2026-06-27,17,1418
2026-06-27,18,1413
2026-06-27,19,1278
2026-06-27,20,1026
2026-06-27,21,1019
2026-06-27,22,879
2026-06-27,23,752
2026-06-28,0,576
2026-06-28,1,350
2026-06-28,2,252
2026-06-28,3,164
2026-06-28,4,162
2026-06-28,5,162
2026-06-28,6,264
2026-06-28,7,318
2026-06-28,8,582
2026-06-28,9,855
2026-06-28,10,1088
2026-06-28,11,1130
2026-06-28,12,1174
2026-06-28,13,1177
2026-06-28,14,1219
2026-06-28,15,1210
2026-06-28,16,1245
2026-06-28,17,1255
2026-06-28,18,1163
2026-06-28,19,1057
2026-06-28,20,812
2026-06-28,21,838
2026-06-28,22,696
2026-06-28,23,432
2026-06-29,0,223
2026-06-29,1,127
2026-06-29,2,89
2026-06-29,3,68
2026-06-29,4,102
2026-06-29,5,203
2026-06-29,6,434
2026-06-29,7,789
2026-06-29,8,1337
2026-06-29,9,1454
2026-06-29,10,1216
2026-06-29,11,1397
2026-06-29,12,1500
2026-06-29,13,1430
2026-06-29,14,1597
2026-06-29,15,1716
2026-06-29,16,1574
2026-06-29,17,1538
2026-06-29,18,1415
2026-06-29,19,1051
2026-06-29,20,765
2026-06-29,21,687
2026-06-29,22,640
2026-06-29,23,494
2026-06-30,0,190
2026-06-30,1,105
2026-06-30,2,68
2026-06-30,3,39
2026-06-30,4,92
2026-06-30,5,169
2026-06-30,6,423
2026-06-30,7,938
2026-06-30,8,1485
2026-06-30,9,1525
2026-06-30,10,1327
2026-06-30,11,1393
2026-06-30,12,1577
2026-06-30,13,1471
2026-06-30,14,1627
2026-06-30,15,1630
2026-06-30,16,1612
2026-06-30,17,1623
2026-06-30,18,1456
2026-06-30,19,1295
2026-06-30,20,920
2026-06-30,21,860
2026-06-30,22,678
2026-06-30,23,582
2026-07-01,0,448
2026-07-01,1,238
2026-07-01,2,119
2026-07-01,3,76
2026-07-01,4,110
2026-07-01,5,259
2026-07-01,6,530
2026-07-01,7,1018
2026-07-01,8,1502
2026-07-01,9,1655
2026-07-01,10,1511
2026-07-01,11,1669
2026-07-01,12,1784
2026-07-01,13,1612
2026-07-01,14,1625
2026-07-01,15,1793
2026-07-01,16,1795
2026-07-01,17,1749
2026-07-01,18,1699
2026-07-01,19,1434
2026-07-01,20,1055
2026-07-01,21,1048
2026-07-01,22,817
2026-07-01,23,389
2026-07-02,0,227
2026-07-02,1,121
2026-07-02,2,91
2026-07-02,3,63
2026-07-02,4,96
2026-07-02,5,202
2026-07-02,6,423
2026-07-02,7,791
2026-07-02,8,1194
2026-07-02,9,1342
2026-07-02,10,1316
2026-07-02,11,1433
2026-07-02,12,1457
2026-07-02,13,1660
2026-07-02,14,1639
2026-07-02,15,1719
2026-07-02,16,1603
2026-07-02,17,1613
2026-07-02,18,1498
2026-07-02,19,1235
2026-07-02,20,923
2026-07-02,21,838
2026-07-02,22,523
2026-07-02,23,456
2026-07-03,0,345
2026-07-03,1,283
2026-07-03,2,231
2026-07-03,3,175
2026-07-03,4,198
2026-07-03,5,218
2026-07-03,6,298
2026-07-03,7,407
2026-07-03,8,560
2026-07-03,9,825
2026-07-03,10,1004
2026-07-03,11,1173
2026-07-03,12,1298
2026-07-03,13,1361
2026-07-03,14,1332
2026-07-03,15,1134
2026-07-03,16,1267
2026-07-03,17,1269
2026-07-03,18,1232
2026-07-03,19,1114
2026-07-03,20,1035
2026-07-03,21,953
2026-07-03,22,806
2026-07-03,23,553
2026-07-04,0,380
2026-07-04,1,288
2026-07-04,2,271
2026-07-04,3,166
2026-07-04,4,131
2026-07-04,5,87
2026-07-04,6,165
2026-07-04,7,241
2026-07-04,8,362
2026-07-04,9,515
2026-07-04,10,751
2026-07-04,11,871
2026-07-04,12,967
2026-07-04,13,995
2026-07-04,14,1046
2026-07-04,15,1121
2026-07-04,16,1014
2026-07-04,17,955
2026-07-04,18,918
2026-07-04,19,938
2026-07-04,20,768
2026-07-04,21,723
2026-07-04,22,616
2026-07-04,23,502
2026-07-05,0,422
2026-07-05,1,291
2026-07-05,2,223
2026-07-05,3,211
2026-07-05,4,168
2026-07-05,5,174
2026-07-05,6,222
2026-07-05,7,303
2026-07-05,8,435
2026-07-05,9,656
2026-07-05,10,855
2026-07-05,11,981
2026-07-05,12,1098
2026-07-05,13,1027
2026-07-05,14,1077
2026-07-05,15,1123
2026-07-05,16,1108
2026-07-05,17,1068
2026-07-05,18,999
2026-07-05,19,943
2026-07-05,20,854
2026-07-05,21,749
2026-07-05,22,695
2026-07-05,23,560
2026-07-06,0,297
2026-07-06,1,196
2026-07-06,2,103
2026-07-06,3,66
2026-07-06,4,103
2026-07-06,5,205
2026-07-06,6,439
2026-07-06,7,793
2026-07-06,8,1178
2026-07-06,9,1234
2026-07-06,10,1170
2026-07-06,11,1117
2026-07-06,12,1189
2026-07-06,13,1300
2026-07-06,14,1348
2026-07-06,15,1418
2026-07-06,16,1448
2026-07-06,17,1507
2026-07-06,18,1383
2026-07-06,19,1096
2026-07-06,20,869
2026-07-06,21,820
2026-07-06,22,556
2026-07-06,23,287
2026-07-07,0,225
2026-07-07,1,141
2026-07-07,2,74
2026-07-07,3,55
2026-07-07,4,67
2026-07-07,5,184
2026-07-07,6,445
2026-07-07,7,915
2026-07-07,8,1344
2026-07-07,9,1425
2026-07-07,10,1238
2026-07-07,11,1268
2026-07-07,12,1358
2026-07-07,13,1489
2026-07-07,14,1425
2026-07-07,15,1534
2026-07-07,16,1518
2026-07-07,17,1532
2026-07-07,18,1451
2026-07-07,19,1020
2026-07-07,20,823
2026-07-07,21,804
2026-07-07,22,658
2026-07-07,23,343
2026-07-08,0,193
2026-07-08,1,97
2026-07-08,2,54
2026-07-08,3,57
2026-07-08,4,65
2026-07-08,5,150
2026-07-08,6,444
2026-07-08,7,990
2026-07-08,8,1375
2026-07-08,9,1520
2026-07-08,10,1356
2026-07-08,11,1425
2026-07-08,12,1446
2026-07-08,13,1422
2026-07-08,14,1568
2026-07-08,15,1538
2026-07-08,16,1584
2026-07-08,17,1598
2026-07-08,18,1537
2026-07-08,19,1301
2026-07-08,20,941
2026-07-08,21,872
2026-07-08,22,688
2026-07-08,23,384
2026-07-09,0,200
2026-07-09,1,95
2026-07-09,2,45
2026-07-09,3,43
2026-07-09,4,69
2026-07-09,5,183
2026-07-09,6,470
2026-07-09,7,918
2026-07-09,8,1378
2026-07-09,9,1499
2026-07-09,10,1332
2026-07-09,11,1470
2026-07-09,12,1554
2026-07-09,13,1510
2026-07-09,14,1575
2026-07-09,15,1649
2026-07-09,16,1575
2026-07-09,17,1690
2026-07-09,18,1530
2026-07-09,19,1313
2026-07-09,20,939
2026-07-09,21,1030
2026-07-09,22,676
2026-07-09,23,433
2026-07-10,0,389
2026-07-10,1,236
2026-07-10,2,168
2026-07-10,3,90
2026-07-10,4,88
2026-07-10,5,170
2026-07-10,6,382
2026-07-10,7,661
2026-07-10,8,1075
2026-07-10,9,1290
2026-07-10,10,1203
2026-07-10,11,1369
2026-07-10,12,1442
2026-07-10,13,1456
2026-07-10,14,1586
2026-07-10,15,1515
2026-07-10,16,1493
2026-07-10,17,1630
2026-07-10,18,1556
2026-07-10,19,1407
2026-07-10,20,1015
2026-07-10,21,868
2026-07-10,22,811
2026-07-10,23,633
2026-07-11,0,424
2026-07-11,1,297
2026-07-11,2,177
2026-07-11,3,132
2026-07-11,4,98
2026-07-11,5,123
2026-07-11,6,266
2026-07-11,7,323
2026-07-11,8,500
2026-07-11,9,818
2026-07-11,10,1007
2026-07-11,11,1060
2026-07-11,12,1193
2026-07-11,13,1266
2026-07-11,14,1371
2026-07-11,15,1427
2026-07-11,16,1391
2026-07-11,17,1228
2026-07-11,18,1266
2026-07-11,19,1290
2026-07-11,20,947
2026-07-11,21,834
2026-07-11,22,803
2026-07-11,23,767
2026-07-12,0,586
2026-07-12,1,342
2026-07-12,2,226
2026-07-12,3,153
2026-07-12,4,142
2026-07-12,5,176
2026-07-12,6,220
2026-07-12,7,322
2026-07-12,8,517
2026-07-12,9,848
2026-07-12,10,1032
2026-07-12,11,1190
2026-07-12,12,1333
2026-07-12,13,1271
2026-07-12,14,1179
2026-07-12,15,1268
2026-07-12,16,1235
2026-07-12,17,1225
2026-07-12,18,1201
2026-07-12,19,1079
2026-07-12,20,887
2026-07-12,21,789
2026-07-12,22,655
2026-07-12,23,492
2026-07-13,0,236
2026-07-13,1,135
2026-07-13,2,66
2026-07-13,3,73
2026-07-13,4,122
2026-07-13,5,304
2026-07-13,6,488
2026-07-13,7,851
2026-07-13,8,1388
2026-07-13,9,1387
2026-07-13,10,1275
2026-07-13,11,1225
2026-07-13,12,1223
2026-07-13,13,1260
2026-07-13,14,1361
2026-07-13,15,1314
2026-07-13,16,1362
2026-07-13,17,1403
2026-07-13,18,1226
2026-07-13,19,947
2026-07-13,20,700
2026-07-13,21,721
2026-07-13,22,535
2026-07-13,23,304
2026-07-14,0,168
2026-07-14,1,115
2026-07-14,2,44
2026-07-14,3,35
2026-07-14,4,68
2026-07-14,5,170
2026-07-14,6,443
2026-07-14,7,1011
2026-07-14,8,1575
2026-07-14,9,1663
2026-07-14,10,1331
2026-07-14,11,1401
2026-07-14,12,1388
2026-07-14,13,1492
2026-07-14,14,1500
2026-07-14,15,1636
2026-07-14,16,1663
2026-07-14,17,1606
2026-07-14,18,1484
2026-07-14,19,1108
2026-07-14,20,938
2026-07-14,21,863
2026-07-14,22,661
2026-07-14,23,538
2026-07-15,0,236
2026-07-15,1,84
2026-07-15,2,64
2026-07-15,3,40
2026-07-15,4,82
2026-07-15,5,163
2026-07-15,6,447
2026-07-15,7,1063
2026-07-15,8,1585
2026-07-15,9,1724
2026-07-15,10,1456
2026-07-15,11,1488
2026-07-15,12,1701
2026-07-15,13,1797
2026-07-15,14,1790
2026-07-15,15,1743
2026-07-15,16,1796
2026-07-15,17,1714
2026-07-15,18,1514
2026-07-15,19,1311
2026-07-15,20,1059
2026-07-15,21,886
2026-07-15,22,679
2026-07-15,23,548
2026-07-16,0,270
2026-07-16,1,115
2026-07-16,2,48
2026-07-16,3,49
2026-07-16,4,86
2026-07-16,5,225
2026-07-16,6,478
2026-07-16,7,1057
2026-07-16,8,1522
2026-07-16,9,1564
2026-07-16,10,1351
2026-07-16,11,1433
2026-07-16,12,1741
2026-07-16,13,1702
2026-07-16,14,1819
2026-07-16,15,1776
2026-07-16,16,1720
2026-07-16,17,1725
2026-07-16,18,1616
2026-07-16,19,1446
2026-07-16,20,1061
2026-07-16,21,1010
2026-07-16,22,706
2026-07-16,23,449
2026-07-17,0,285
2026-07-17,1,181
2026-07-17,2,85
2026-07-17,3,57
2026-07-17,4,90
2026-07-17,5,210
2026-07-17,6,424
2026-07-17,7,800
2026-07-17,8,1151
2026-07-17,9,1296
2026-07-17,10,1252
2026-07-17,11,1339
2026-07-17,12,1582
2026-07-17,13,1493
2026-07-17,14,1537
2026-07-17,15,1561
2026-07-17,16,1454
2026-07-17,17,1566
2026-07-17,18,1549
2026-07-17,19,1247
2026-07-17,20,982
2026-07-17,21,991
2026-07-17,22,864
2026-07-17,23,753
2026-07-18,0,450
2026-07-18,1,263
2026-07-18,2,169
2026-07-18,3,99
2026-07-18,4,94
2026-07-18,5,127
2026-07-18,6,210
2026-07-18,7,309
2026-07-18,8,448
2026-07-18,9,755
2026-07-18,10,1064
2026-07-18,11,1214
2026-07-18,12,1317
2026-07-18,13,1191
2026-07-18,14,1213
2026-07-18,15,1343
2026-07-18,16,1313
2026-07-18,17,1263
2026-07-18,18,1230
2026-07-18,19,1055
2026-07-18,20,895
2026-07-18,21,862
2026-07-18,22,856
2026-07-18,23,760
2026-07-19,0,492
2026-07-19,1,333
2026-07-19,2,232
2026-07-19,3,180
2026-07-19,4,181
2026-07-19,5,186
2026-07-19,6,273
2026-07-19,7,353
2026-07-19,8,504
2026-07-19,9,748
2026-07-19,10,989
2026-07-19,11,1137
2026-07-19,12,1322
2026-07-19,13,1311
2026-07-19,14,1167
2026-07-19,15,1115
2026-07-19,16,980
2026-07-19,17,1187
2026-07-19,18,1066
2026-07-19,19,986
2026-07-19,20,758
2026-07-19,21,814
2026-07-19,22,615
2026-07-19,23,425
2026-07-20,0,211
2026-07-20,1,179
2026-07-20,2,86
2026-07-20,3,73
2026-07-20,4,133
2026-07-20,5,247
2026-07-20,6,488
2026-07-20,7,852
2026-07-20,8,1257
2026-07-20,9,1413
2026-07-20,10,1233
2026-07-20,11,1270
2026-07-20,12,1359
2026-07-20,13,1403
2026-07-20,14,1425
2026-07-20,15,1401
2026-07-20,16,1319
2026-07-20,17,1514
2026-07-20,18,1420
2026-07-20,19,1076
2026-07-20,20,789
2026-07-20,21,853
2026-07-20,22,616
2026-07-20,23,501
2026-07-21,0,248
2026-07-21,1,124
2026-07-21,2,60
2026-07-21,3,44
2026-07-21,4,79
2026-07-21,5,163
2026-07-21,6,428
2026-07-21,7,905
2026-07-21,8,1455
2026-07-21,9,1562
2026-07-21,10,1368
2026-07-21,11,1320
2026-07-21,12,1429
2026-07-21,13,1317
2026-07-21,14,1385
2026-07-21,15,1537
2026-07-21,16,1496
2026-07-21,17,1464
2026-07-21,18,1376
2026-07-21,19,1163
2026-07-21,20,923
2026-07-21,21,996
2026-07-21,22,788
2026-07-21,23,491
2026-07-22,0,213
2026-07-22,1,105
2026-07-22,2,84
2026-07-22,3,80
2026-07-22,4,91
2026-07-22,5,189
2026-07-22,6,433
2026-07-22,7,924
2026-07-22,8,1444
2026-07-22,9,1614
2026-07-22,10,1337
2026-07-22,11,1417
2026-07-22,12,1470
2026-07-22,13,1497
2026-07-22,14,1561
2026-07-22,15,1574
2026-07-22,16,1598
2026-07-22,17,1614
2026-07-22,18,1534
2026-07-22,19,1286
2026-07-22,20,1028
2026-07-22,21,992
2026-07-22,22,914
2026-07-22,23,601
2026-07-23,0,299
2026-07-23,1,132
2026-07-23,2,88
2026-07-23,3,74
2026-07-23,4,117
2026-07-23,5,199
2026-07-23,6,445
2026-07-23,7,914
2026-07-23,8,1385
2026-07-23,9,1511
2026-07-23,10,1317
2026-07-23,11,1365
2026-07-23,12,1558
2026-07-23,13,1552
2026-07-23,14,1559
2026-07-23,15,1694
2026-07-23,16,1702
2026-07-23,17,1682
2026-07-23,18,1563
2026-07-23,19,1359
2026-07-23,20,1124
2026-07-23,21,1031
2026-07-23,22,908
2026-07-23,23,491
2026-07-24,0,228
2026-07-24,1,163
2026-07-24,2,90
2026-07-24,3,78
2026-07-24,4,103
2026-07-24,5,235
2026-07-24,6,412
2026-07-24,7,755
2026-07-24,8,1125
2026-07-24,9,1313
2026-07-24,10,1236
2026-07-24,11,1401
2026-07-24,12,1519
2026-07-24,13,1552
2026-07-24,14,1572
2026-07-24,15,1592
2026-07-24,16,1587
2026-07-24,17,1692
2026-07-24,18,1651
2026-07-24,19,1377
2026-07-24,20,960
2026-07-24,21,885
2026-07-24,22,791
2026-07-24,23,567
2026-07-25,0,455
2026-07-25,1,275
2026-07-25,2,163
2026-07-25,3,119
2026-07-25,4,112
2026-07-25,5,123
2026-07-25,6,195
2026-07-25,7,333
2026-07-25,8,544
2026-07-25,9,854
2026-07-25,10,1033
2026-07-25,11,1089
2026-07-25,12,1205
2026-07-25,13,1187
2026-07-25,14,1301
2026-07-25,15,1247
2026-07-25,16,1242
2026-07-25,17,1310
2026-07-25,18,1259
2026-07-25,19,1132
2026-07-25,20,898
2026-07-25,21,785
2026-07-25,22,894
2026-07-25,23,647
2026-07-26,0,419
2026-07-26,1,323
2026-07-26,2,227
2026-07-26,3,157
2026-07-26,4,151
2026-07-26,5,216
2026-07-26,6,253
2026-07-26,7,366
2026-07-26,8,583
2026-07-26,9,823
2026-07-26,10,1099
2026-07-26,11,1243
2026-07-26,12,1289
2026-07-26,13,1195
2026-07-26,14,1250
2026-07-26,15,1316
2026-07-26,16,1331
2026-07-26,17,1230
2026-07-26,18,1144
2026-07-26,19,1028
2026-07-26,20,800
2026-07-26,21,717
2026-07-26,22,606
2026-07-26,23,404
2026-07-27,0,200
2026-07-27,1,121
2026-07-27,2,79
2026-07-27,3,47
2026-07-27,4,111
2026-07-27,5,244
2026-07-27,6,459
2026-07-27,7,854
2026-07-27,8,1350
2026-07-27,9,1477
2026-07-27,10,1334
2026-07-27,11,1416
2026-07-27,12,1614
2026-07-27,13,1588
2026-07-27,14,1383
2026-07-27,15,1299
2026-07-27,16,1568
2026-07-27,17,1626
2026-07-27,18,1407
2026-07-27,19,1119
2026-07-27,20,917
2026-07-27,21,756
2026-07-27,22,688
2026-07-27,23,572
2026-07-28,0,451
2026-07-28,1,321
2026-07-28,2,280
2026-07-28,3,177
2026-07-28,4,126
2026-07-28,5,264
2026-07-28,6,517
2026-07-28,7,1018
2026-07-28,8,1367
2026-07-28,9,1600
2026-07-28,10,1435
2026-07-28,11,1372
2026-07-28,12,1414
2026-07-28,13,1401
2026-07-28,14,1462
2026-07-28,15,1588
2026-07-28,16,1541
2026-07-28,17,1565
2026-07-28,18,1356
2026-07-28,19,1141
2026-07-28,20,1055
2026-07-28,21,866
2026-07-28,22,811
2026-07-28,23,599
2026-07-29,0,393
2026-07-29,1,190
2026-07-29,2,111
2026-07-29,3,90
2026-07-29,4,101
2026-07-29,5,195
2026-07-29,6,413
2026-07-29,7,958
2026-07-29,8,1502
2026-07-29,9,1545
2026-07-29,10,1328
2026-07-29,11,1327
2026-07-29,12,1483
2026-07-29,13,1527
2026-07-29,14,1523
2026-07-29,15,1707
2026-07-29,16,1534
2026-07-29,17,1569
2026-07-29,18,1474
2026-07-29,19,1286
2026-07-29,20,988
2026-07-29,21,1010
2026-07-29,22,834
2026-07-29,23,632
2026-07-30,0,281
2026-07-30,1,167
2026-07-30,2,91
2026-07-30,3,67
2026-07-30,4,106
2026-07-30,5,196
2026-07-30,6,441
2026-07-30,7,887
2026-07-30,8,1386
2026-07-30,9,1595
2026-07-30,10,1462
2026-07-30,11,1464
2026-07-30,12,1685
2026-07-30,13,1642
2026-07-30,14,1577
2026-07-30,15,1491
2026-07-30,16,1441
2026-07-30,17,1475
2026-07-30,18,1333
2026-07-30,19,1215
2026-07-30,20,1129
2026-07-30,21,1088
2026-07-30,22,878
2026-07-30,23,741
2026-07-31,0,458
2026-07-31,1,216
2026-07-31,2,157
2026-07-31,3,83
2026-07-31,4,99
2026-07-31,5,223
2026-07-31,6,398
2026-07-31,7,657
2026-07-31,8,1043
2026-07-31,9,1230
2026-07-31,10,1288
2026-07-31,11,1492
2026-07-31,12,1579
2026-07-31,13,1563
2026-07-31,14,1539
2026-07-31,15,1489
2026-07-31,16,1550
2026-07-31,17,1545
2026-07-31,18,1359
2026-07-31,19,1256
2026-07-31,20,992
2026-07-31,21,836
2026-07-31,22,705
2026-07-31,23,605
2026-08-01,0,322
2026-08-01,1,327
2026-08-01,2,193
2026-08-01,3,166
2026-08-01,4,104
2026-08-01,5,151
2026-08-01,6,280
2026-08-01,7,388
2026-08-01,8,636
2026-08-01,9,926
2026-08-01,10,1184
2026-08-01,11,1221
2026-08-01,12,1136
2026-08-01,13,1137
2026-08-01,14,1242
2026-08-01,15,1253
2026-08-01,16,1191
2026-08-01,17,1185
2026-08-01,18,1082
2026-08-01,19,971
2026-08-01,20,807
2026-08-01,21,797
2026-08-01,22,789
2026-08-01,23,677
2026-08-02,0,378
2026-08-02,1,331
2026-08-02,2,289
2026-08-02,3,223
2026-08-02,4,174
2026-08-02,5,210
2026-08-02,6,220
2026-08-02,7,327
2026-08-02,8,504
2026-08-02,9,741
2026-08-02,10,1028
2026-08-02,11,1196
2026-08-02,12,1223
2026-08-02,13,1217
2026-08-02,14,1253
2026-08-02,15,1184
2026-08-02,16,1134
2026-08-02,17,1191
2026-08-02,18,1136
2026-08-02,19,1014
2026-08-02,20,823
2026-08-02,21,657
2026-08-02,22,709
2026-08-02,23,613
2026-08-03,0,375
2026-08-03,1,264
2026-08-03,2,140
2026-08-03,3,132
2026-08-03,4,199
2026-08-03,5,335
2026-08-03,6,547
2026-08-03,7,868
2026-08-03,8,1253
2026-08-03,9,1395
2026-08-03,10,1245
2026-08-03,11,1472
2026-08-03,12,1563
2026-08-03,13,1547
2026-08-03,14,1571
2026-08-03,15,1538
2026-08-03,16,1568
2026-08-03,17,1538
2026-08-03,18,1414
2026-08-03,19,1135
2026-08-03,20,845
2026-08-03,21,707
2026-08-03,22,607
2026-08-03,23,413
2026-08-04,0,226
2026-08-04,1,170
2026-08-04,2,85
2026-08-04,3,46
2026-08-04,4,71
2026-08-04,5,175
2026-08-04,6,394
2026-08-04,7,1017
2026-08-04,8,1372
2026-08-04,9,1524
2026-08-04,10,1339
2026-08-04,11,1348
2026-08-04,12,1458
2026-08-04,13,1492
2026-08-04,14,1390
2026-08-04,15,1489
2026-08-04,16,1580
2026-08-04,17,1594
2026-08-04,18,1340
2026-08-04,19,1159
2026-08-04,20,909
2026-08-04,21,872
2026-08-04,22,741
2026-08-04,23,364
2026-08-05,0,184
2026-08-05,1,104
2026-08-05,2,66
2026-08-05,3,54
2026-08-05,4,73
2026-08-05,5,156
2026-08-05,6,387
2026-08-05,7,898
2026-08-05,8,1454
2026-08-05,9,1526
2026-08-05,10,1290
2026-08-05,11,1350
2026-08-05,12,1487
2026-08-05,13,1518
2026-08-05,14,1434
2026-08-05,15,1408
2026-08-05,16,1464
2026-08-05,17,1627
2026-08-05,18,1330
2026-08-05,19,1136
2026-08-05,20,853
2026-08-05,21,692
2026-08-05,22,722
2026-08-05,23,497
2026-08-06,0,259
2026-08-06,1,172
2026-08-06,2,82
2026-08-06,3,63
2026-08-06,4,89
2026-08-06,5,176
2026-08-06,6,435
2026-08-06,7,862
2026-08-06,8,1307
2026-08-06,9,1479
2026-08-06,10,1224
2026-08-06,11,1299
2026-08-06,12,1486
2026-08-06,13,1422
2026-08-06,14,1334
2026-08-06,15,1399
2026-08-06,16,1493
2026-08-06,17,1508
2026-08-06,18,1420
2026-08-06,19,1216
2026-08-06,20,909
2026-08-06,21,956
2026-08-06,22,784
2026-08-06,23,540
2026-08-07,0,373
2026-08-07,1,265
2026-08-07,2,121
2026-08-07,3,84
2026-08-07,4,87
2026-08-07,5,177
2026-08-07,6,378
2026-08-07,7,634
2026-08-07,8,1019
2026-08-07,9,1155
2026-08-07,10,1160
2026-08-07,11,1208
2026-08-07,12,1424
2026-08-07,13,1425
2026-08-07,14,1509
2026-08-07,15,1476
2026-08-07,16,1447
2026-08-07,17,1509
2026-08-07,18,1370
2026-08-07,19,1253
2026-08-07,20,893
2026-08-07,21,890
2026-08-07,22,809
2026-08-07,23,561
2026-08-08,0,381
2026-08-08,1,264
2026-08-08,2,168
2026-08-08,3,133
2026-08-08,4,124
2026-08-08,5,102
2026-08-08,6,191
2026-08-08,7,298
2026-08-08,8,442
2026-08-08,9,707
2026-08-08,10,905
2026-08-08,11,1032
2026-08-08,12,1184
2026-08-08,13,1217
2026-08-08,14,1274
2026-08-08,15,1162
2026-08-08,16,1220
2026-08-08,17,1236
2026-08-08,18,1213
2026-08-08,19,1038
2026-08-08,20,912
2026-08-08,21,741
2026-08-08,22,767
2026-08-08,23,638
2026-08-09,0,460
2026-08-09,1,287
2026-08-09,2,187
2026-08-09,3,144
2026-08-09,4,129
2026-08-09,5,189
2026-08-09,6,233
2026-08-09,7,278
2026-08-09,8,432
2026-08-09,9,653
2026-08-09,10,836
2026-08-09,11,1002
2026-08-09,12,1095
2026-08-09,13,1065
2026-08-09,14,1112
2026-08-09,15,907
2026-08-09,16,813
2026-08-09,17,793
2026-08-09,18,929
2026-08-09,19,859
2026-08-09,20,728
2026-08-09,21,709
2026-08-09,22,576
2026-08-09,23,426
2026-08-10,0,205
2026-08-10,1,170
2026-08-10,2,186
2026-08-10,3,206
2026-08-10,4,126
2026-08-10,5,227
2026-08-10,6,472
2026-08-10,7,801
2026-08-10,8,1123
2026-08-10,9,1193
2026-08-10,10,1090
2026-08-10,11,1115
2026-08-10,12,1198
2026-08-10,13,1192
2026-08-10,14,1316
2026-08-10,15,1232
2026-08-10,16,1297
2026-08-10,17,1226
2026-08-10,18,1030
2026-08-10,19,867
2026-08-10,20,663
2026-08-10,21,569
2026-08-10,22,425
2026-08-10,23,387
2026-08-11,0,312
2026-08-11,1,207
2026-08-11,2,111
2026-08-11,3,61
2026-08-11,4,77
2026-08-11,5,158
2026-08-11,6,381
2026-08-11,7,860
2026-08-11,8,1280
2026-08-11,9,1437
2026-08-11,10,1302
2026-08-11,11,1163
2026-08-11,12,1126
2026-08-11,13,1100
2026-08-11,14,1164
2026-08-11,15,1233
2026-08-11,16,1358
2026-08-11,17,1357
2026-08-11,18,1329
2026-08-11,19,1063
2026-08-11,20,902
2026-08-11,21,745
2026-08-11,22,676
2026-08-11,23,487
2026-08-12,0,337
2026-08-12,1,164
2026-08-12,2,61
2026-08-12,3,48
2026-08-12,4,72
2026-08-12,5,196
2026-08-12,6,413
2026-08-12,7,836
2026-08-12,8,1399
2026-08-12,9,1502
2026-08-12,10,1372
2026-08-12,11,1266
2026-08-12,12,1296
2026-08-12,13,1283
2026-08-12,14,1296
2026-08-12,15,1421
2026-08-12,16,1521
2026-08-12,17,1605
2026-08-12,18,1368
2026-08-12,19,1042
2026-08-12,20,890
2026-08-12,21,932
2026-08-12,22,807
2026-08-12,23,578
2026-08-13,0,405
2026-08-13,1,266
2026-08-13,2,76
2026-08-13,3,36
2026-08-13,4,73
2026-08-13,5,177
2026-08-13,6,397
2026-08-13,7,817
2026-08-13,8,1338
2026-08-13,9,1367
2026-08-13,10,1226
2026-08-13,11,1339
2026-08-13,12,1429
2026-08-13,13,1479
2026-08-13,14,1635
2026-08-13,15,1622
2026-08-13,16,1769
2026-08-13,17,1819
2026-08-13,18,1682
2026-08-13,19,1457
2026-08-13,20,1128
2026-08-13,21,878
2026-08-13,22,762
2026-08-13,23,540
2026-08-14,0,334
2026-08-14,1,216
2026-08-14,2,116
2026-08-14,3,77
2026-08-14,4,83
2026-08-14,5,192
2026-08-14,6,414
2026-08-14,7,668
2026-08-14,8,1050
2026-08-14,9,1205
2026-08-14,10,1320
2026-08-14,11,1422
2026-08-14,12,1561
2026-08-14,13,1416
2026-08-14,14,1408
2026-08-14,15,1525
2026-08-14,16,1538
2026-08-14,17,1584
2026-08-14,18,1484
2026-08-14,19,1221
2026-08-14,20,1034
2026-08-14,21,891
2026-08-14,22,703
2026-08-14,23,541
2026-08-15,0,346
2026-08-15,1,255
2026-08-15,2,183
2026-08-15,3,111
2026-08-15,4,107
2026-08-15,5,125
2026-08-15,6,204
2026-08-15,7,330
2026-08-15,8,474
2026-08-15,9,751
2026-08-15,10,1065
2026-08-15,11,1125
2026-08-15,12,1090
2026-08-15,13,1046
2026-08-15,14,1079
2026-08-15,15,1149
2026-08-15,16,1287
2026-08-15,17,1277
2026-08-15,18,1103
2026-08-15,19,1002
2026-08-15,20,797
2026-08-15,21,722
2026-08-15,22,643
2026-08-15,23,532
2026-08-16,0,349
2026-08-16,1,243
2026-08-16,2,166
2026-08-16,3,112
2026-08-16,4,96
2026-08-16,5,183
2026-08-16,6,246
2026-08-16,7,314
2026-08-16,8,469
2026-08-16,9,625
2026-08-16,10,975
2026-08-16,11,1031
2026-08-16,12,1021
2026-08-16,13,990
2026-08-16,14,992
2026-08-16,15,997
2026-08-16,16,1090
2026-08-16,17,1072
2026-08-16,18,965
2026-08-16,19,883
2026-08-16,20,887
2026-08-16,21,729
2026-08-16,22,588
2026-08-16,23,568
2026-08-17,0,443
2026-08-17,1,256
2026-08-17,2,140
2026-08-17,3,81
2026-08-17,4,79
2026-08-17,5,207
2026-08-17,6,429
2026-08-17,7,755
2026-08-17,8,1105
2026-08-17,9,1245
2026-08-17,10,1119
2026-08-17,11,1129
2026-08-17,12,1198
2026-08-17,13,1158
2026-08-17,14,1286
2026-08-17,15,1339
2026-08-17,16,1175
2026-08-17,17,1310
2026-08-17,18,1159
2026-08-17,19,917
2026-08-17,20,686
2026-08-17,21,688
2026-08-17,22,490
2026-08-17,23,434
2026-08-18,0,216
2026-08-18,1,119
2026-08-18,2,55
2026-08-18,3,27
2026-08-18,4,66
2026-08-18,5,156
2026-08-18,6,386
2026-08-18,7,798
2026-08-18,8,1316
2026-08-18,9,1328
2026-08-18,10,1099
2026-08-18,11,1099
2026-08-18,12,1303
2026-08-18,13,1233
2026-08-18,14,1324
2026-08-18,15,1400
2026-08-18,16,1440
2026-08-18,17,1509
2026-08-18,18,1252
2026-08-18,19,921
2026-08-18,20,795
2026-08-18,21,616
2026-08-18,22,578
2026-08-18,23,319
2026-08-19,0,244
2026-08-19,1,147
2026-08-19,2,63
2026-08-19,3,37
2026-08-19,4,84
2026-08-19,5,165
2026-08-19,6,350
2026-08-19,7,906
2026-08-19,8,1361
2026-08-19,9,1346
2026-08-19,10,1116
2026-08-19,11,1203
2026-08-19,12,1314
2026-08-19,13,1241
2026-08-19,14,1242
2026-08-19,15,1302
2026-08-19,16,1359
2026-08-19,17,1496
2026-08-19,18,1345
2026-08-19,19,1169
2026-08-19,20,1014
2026-08-19,21,805
2026-08-19,22,655
2026-08-19,23,344
2026-08-20,0,196
2026-08-20,1,95
2026-08-20,2,40
2026-08-20,3,44
2026-08-20,4,86
2026-08-20,5,171
2026-08-20,6,406
2026-08-20,7,864
2026-08-20,8,1401
2026-08-20,9,1318
2026-08-20,10,1157
2026-08-20,11,1244
2026-08-20,12,1325
2026-08-20,13,1405
2026-08-20,14,1443
2026-08-20,15,1514
2026-08-20,16,1543
2026-08-20,17,1579
2026-08-20,18,1439
2026-08-20,19,1233
2026-08-20,20,1036
2026-08-20,21,878
2026-08-20,22,630
2026-08-20,23,439
2026-08-21,0,242
2026-08-21,1,171
2026-08-21,2,91
2026-08-21,3,73
2026-08-21,4,100
2026-08-21,5,222
2026-08-21,6,401
2026-08-21,7,724
2026-08-21,8,1130
2026-08-21,9,1169
2026-08-21,10,1189
2026-08-21,11,1239
2026-08-21,12,1323
2026-08-21,13,1302
2026-08-21,14,1357
2026-08-21,15,1413
2026-08-21,16,1407
2026-08-21,17,1565
2026-08-21,18,1462
2026-08-21,19,1252
2026-08-21,20,917
2026-08-21,21,763
2026-08-21,22,643
2026-08-21,23,624
2026-08-22,0,488
2026-08-22,1,303
2026-08-22,2,135
2026-08-22,3,104
2026-08-22,4,104
2026-08-22,5,106
2026-08-22,6,196
2026-08-22,7,285
2026-08-22,8,467
2026-08-22,9,713
2026-08-22,10,848
2026-08-22,11,979
2026-08-22,12,1130
2026-08-22,13,1152
2026-08-22,14,1232
2026-08-22,15,1139
2026-08-22,16,1070
2026-08-22,17,1164
2026-08-22,18,1136
2026-08-22,19,1021
2026-08-22,20,795
2026-08-22,21,727
2026-08-22,22,615
2026-08-22,23,486
2026-08-23,0,471
2026-08-23,1,318
2026-08-23,2,167
2026-08-23,3,101
2026-08-23,4,115
2026-08-23,5,179
2026-08-23,6,244
2026-08-23,7,328
2026-08-23,8,470
2026-08-23,9,629
2026-08-23,10,861
2026-08-23,11,1009
2026-08-23,12,1014
2026-08-23,13,1008
2026-08-23,14,1027
2026-08-23,15,1099
2026-08-23,16,1057
2026-08-23,17,1021
2026-08-23,18,936
2026-08-23,19,855
2026-08-23,20,709
2026-08-23,21,635
2026-08-23,22,479
2026-08-23,23,308
2026-08-24,0,184
2026-08-24,1,103
2026-08-24,2,47
2026-08-24,3,35
2026-08-24,4,86
2026-08-24,5,190
2026-08-24,6,435
2026-08-24,7,868
2026-08-24,8,1309
2026-08-24,9,1285
2026-08-24,10,1102
2026-08-24,11,1091
2026-08-24,12,1156
2026-08-24,13,1213
2026-08-24,14,1283
2026-08-24,15,1310
2026-08-24,16,1220
2026-08-24,17,1305
2026-08-24,18,1106
2026-08-24,19,877
2026-08-24,20,719
2026-08-24,21,603
2026-08-24,22,409
2026-08-24,23,244
2026-08-25,0,172
2026-08-25,1,88
2026-08-25,2,49
2026-08-25,3,42
2026-08-25,4,70
2026-08-25,5,153
2026-08-25,6,371
2026-08-25,7,929
2026-08-25,8,1439
2026-08-25,9,1384
2026-08-25,10,1178
2026-08-25,11,1116
2026-08-25,12,1194
2026-08-25,13,1220
2026-08-25,14,1331
2026-08-25,15,1359
2026-08-25,16,1369
2026-08-25,17,1375
2026-08-25,18,1216
2026-08-25,19,945
2026-08-25,20,783
2026-08-25,21,629
2026-08-25,22,443
2026-08-25,23,260
2026-08-26,0,164
2026-08-26,1,63
2026-08-26,2,34
2026-08-26,3,42
2026-08-26,4,69
2026-08-26,5,154
2026-08-26,6,395
2026-08-26,7,973
2026-08-26,8,1416
2026-08-26,9,1433
2026-08-26,10,1179
2026-08-26,11,1236
2026-08-26,12,1399
2026-08-26,13,1335
2026-08-26,14,1486
2026-08-26,15,1626
2026-08-26,16,1537
2026-08-26,17,1498
2026-08-26,18,1338
2026-08-26,19,1059
2026-08-26,20,954
2026-08-26,21,799
2026-08-26,22,608
2026-08-26,23,366
2026-08-27,0,225
2026-08-27,1,95
2026-08-27,2,43
2026-08-27,3,33
2026-08-27,4,90
2026-08-27,5,199
2026-08-27,6,416
2026-08-27,7,999
2026-08-27,8,1393
2026-08-27,9,1449
2026-08-27,10,1215
2026-08-27,11,1280
2026-08-27,12,1379
2026-08-27,13,1371
2026-08-27,14,1567
2026-08-27,15,1656
2026-08-27,16,1612
2026-08-27,17,1568
2026-08-27,18,1390
2026-08-27,19,1244
2026-08-27,20,1041
2026-08-27,21,930
2026-08-27,22,651
2026-08-27,23,578
2026-08-28,0,407
2026-08-28,1,197
2026-08-28,2,85
2026-08-28,3,78
2026-08-28,4,108
2026-08-28,5,194
2026-08-28,6,428
2026-08-28,7,792
2026-08-28,8,1109
2026-08-28,9,1109
2026-08-28,10,1126
2026-08-28,11,1308
2026-08-28,12,1570
2026-08-28,13,1396
2026-08-28,14,1444
2026-08-28,15,1547
2026-08-28,16,1471
2026-08-28,17,1534
2026-08-28,18,1473
2026-08-28,19,1208
2026-08-28,20,876
2026-08-28,21,737
2026-08-28,22,612
2026-08-28,23,522
2026-08-29,0,340
2026-08-29,1,166
2026-08-29,2,111
2026-08-29,3,83
2026-08-29,4,83
2026-08-29,5,107
2026-08-29,6,187
2026-08-29,7,305
2026-08-29,8,410
2026-08-29,9,621
2026-08-29,10,847
2026-08-29,11,967
2026-08-29,12,1044
2026-08-29,13,1058
2026-08-29,14,1119
2026-08-29,15,955
2026-08-29,16,1043
2026-08-29,17,1053
2026-08-29,18,1082
2026-08-29,19,826
2026-08-29,20,680
2026-08-29,21,611
2026-08-29,22,491
2026-08-29,23,427
2026-08-30,0,264
2026-08-30,1,195
2026-08-30,2,116
2026-08-30,3,86
2026-08-30,4,107
2026-08-30,5,149
2026-08-30,6,218
2026-08-30,7,274
2026-08-30,8,417
2026-08-30,9,614
2026-08-30,10,806
2026-08-30,11,965
2026-08-30,12,1021
2026-08-30,13,1031
2026-08-30,14,1174
2026-08-30,15,1250
2026-08-30,16,982
2026-08-30,17,985
2026-08-30,18,940
2026-08-30,19,812
2026-08-30,20,801
2026-08-30,21,764
2026-08-30,22,619
2026-08-30,23,491
2026-08-31,0,339
2026-08-31,1,138
2026-08-31,2,76
2026-08-31,3,48
2026-08-31,4,83
2026-08-31,5,165
2026-08-31,6,407
2026-08-31,7,894
2026-08-31,8,1297
2026-08-31,9,1256
2026-08-31,10,1039
2026-08-31,11,1080
2026-08-31,12,1052
2026-08-31,13,1120
2026-08-31,14,1249
2026-08-31,15,1206
2026-08-31,16,1187
2026-08-31,17,1368
2026-08-31,18,1027
2026-08-31,19,900
2026-08-31,20,755
2026-08-31,21,742
2026-08-31,22,661
2026-08-31,23,529
2026-09-01,0,69
